"restaurant_name","city","restaurant_type","swiggy_mins","zomato_mins","avg_minutes"
"Restaurant_2290","Jaipur","Fine Dine",63,60,"61.50"
"Restaurant_240","Mumbai","Fine Dine",61,61,"61.00"
"Restaurant_1771","Chennai","Qsr (Quick Service)",61,59,"60.00"
"Restaurant_319","Mumbai","Casual Dining",62,58,"60.00"
"Restaurant_1693","Hyderabad","Cafe",56,63,"59.50"
"Restaurant_2255","Ahmedabad","Fine Dine",57,62,"59.50"
"Restaurant_164","Mumbai","Qsr (Quick Service)",57,62,"59.50"
"Restaurant_470","Bangalore","Cafe",56,62,"59.00"
"Restaurant_1379","Pune","Fine Dine",62,56,"59.00"
"Restaurant_1502","Hyderabad","Cafe",54,64,"59.00"
"Restaurant_1527","Hyderabad","Casual Dining",59,59,"59.00"
"Restaurant_1815","Chennai","Qsr (Quick Service)",55,63,"59.00"
"Restaurant_736","Bangalore","Qsr (Quick Service)",66,52,"59.00"
"Restaurant_2348","Jaipur","Cloud Kitchen",62,56,"59.00"
"Restaurant_861","Bangalore","Qsr (Quick Service)",58,59,"58.50"
"Restaurant_254","Mumbai","Qsr (Quick Service)",64,53,"58.50"
"Restaurant_250","Mumbai","Qsr (Quick Service)",60,57,"58.50"
"Restaurant_2406","Lucknow","Casual Dining",58,59,"58.50"
"Restaurant_663","Bangalore","Qsr (Quick Service)",51,66,"58.50"
"Restaurant_834","Bangalore","Food Truck",61,56,"58.50"
"Restaurant_837","Bangalore","Food Truck",51,66,"58.50"
"Restaurant_1034","Delhi","Qsr (Quick Service)",59,57,"58.00"
"Restaurant_1299","Pune","Cafe",60,56,"58.00"
"Restaurant_2350","Jaipur","Cloud Kitchen",64,52,"58.00"
"Restaurant_84","Mumbai","Qsr (Quick Service)",57,59,"58.00"
"Restaurant_2004","Kolkata","Fine Dine",58,58,"58.00"
"Restaurant_2162","Ahmedabad","Cafe",57,59,"58.00"
"Restaurant_880","Delhi","Cloud Kitchen",59,57,"58.00"
"Restaurant_2090","Kolkata","Cafe",62,54,"58.00"
"Restaurant_193","Mumbai","Qsr (Quick Service)",57,59,"58.00"
"Restaurant_1109","Delhi","Fine Dine",47,68,"57.50"
"Restaurant_787","Bangalore","Qsr (Quick Service)",52,63,"57.50"
"Restaurant_159","Mumbai","Cafe",61,54,"57.50"
"Restaurant_148","Mumbai","Food Truck",56,59,"57.50"
"Restaurant_474","Bangalore","Food Truck",58,57,"57.50"
"Restaurant_1523","Hyderabad","Casual Dining",63,52,"57.50"
"Restaurant_2137","Ahmedabad","Casual Dining",58,57,"57.50"
"Restaurant_1997","Kolkata","Qsr (Quick Service)",58,57,"57.50"
"Restaurant_2186","Ahmedabad","Casual Dining",54,61,"57.50"
"Restaurant_885","Delhi","Cafe",59,56,"57.50"
"Restaurant_1400","Pune","Food Truck",60,54,"57.00"
"Restaurant_1822","Chennai","Fine Dine",62,52,"57.00"
"Restaurant_1128","Delhi","Casual Dining",59,55,"57.00"
"Restaurant_1215","Delhi","Fine Dine",60,54,"57.00"
"Restaurant_2218","Ahmedabad","Cloud Kitchen",63,51,"57.00"
"Restaurant_2258","Ahmedabad","Qsr (Quick Service)",57,57,"57.00"
"Restaurant_598","Bangalore","Qsr (Quick Service)",58,56,"57.00"
"Restaurant_541","Bangalore","Cloud Kitchen",55,59,"57.00"
"Restaurant_1377","Pune","Cloud Kitchen",58,56,"57.00"
"Restaurant_2310","Jaipur","Casual Dining",55,59,"57.00"
"Restaurant_362","Mumbai","Cloud Kitchen",50,64,"57.00"
"Restaurant_1545","Hyderabad","Cafe",56,58,"57.00"
"Restaurant_238","Mumbai","Food Truck",55,59,"57.00"
"Restaurant_918","Delhi","Cloud Kitchen",54,59,"56.50"
"Restaurant_542","Bangalore","Cloud Kitchen",57,56,"56.50"
"Restaurant_1740","Hyderabad","Cafe",55,58,"56.50"
"Restaurant_1654","Hyderabad","Cloud Kitchen",55,58,"56.50"
"Restaurant_2249","Ahmedabad","Fine Dine",57,56,"56.50"
"Restaurant_640","Bangalore","Cloud Kitchen",56,57,"56.50"
"Restaurant_572","Bangalore","Casual Dining",52,61,"56.50"
"Restaurant_1803","Chennai","Cloud Kitchen",52,61,"56.50"
"Restaurant_269","Mumbai","Cloud Kitchen",47,66,"56.50"
"Restaurant_762","Bangalore","Qsr (Quick Service)",54,59,"56.50"
"Restaurant_140","Mumbai","Food Truck",56,57,"56.50"
"Restaurant_4","Mumbai","Cloud Kitchen",56,57,"56.50"
"Restaurant_562","Bangalore","Food Truck",55,58,"56.50"
"Restaurant_1826","Chennai","Cloud Kitchen",57,55,"56.00"
"Restaurant_2459","Lucknow","Cafe",62,50,"56.00"
"Restaurant_374","Mumbai","Cloud Kitchen",57,55,"56.00"
"Restaurant_2219","Ahmedabad","Fine Dine",54,58,"56.00"
"Restaurant_660","Bangalore","Cloud Kitchen",62,50,"56.00"
"Restaurant_1573","Hyderabad","Fine Dine",56,56,"56.00"
"Restaurant_1253","Pune","Qsr (Quick Service)",51,61,"56.00"
"Restaurant_1255","Pune","Cloud Kitchen",52,60,"56.00"
"Restaurant_2156","Ahmedabad","Qsr (Quick Service)",56,56,"56.00"
"Restaurant_1158","Delhi","Cafe",57,55,"56.00"
"Restaurant_2164","Ahmedabad","Food Truck",62,50,"56.00"
"Restaurant_1050","Delhi","Casual Dining",59,53,"56.00"
"Restaurant_1770","Chennai","Food Truck",56,56,"56.00"
"Restaurant_1705","Hyderabad","Cloud Kitchen",54,58,"56.00"
"Restaurant_961","Delhi","Cloud Kitchen",56,56,"56.00"
"Restaurant_198","Mumbai","Casual Dining",55,57,"56.00"
"Restaurant_1521","Hyderabad","Cafe",57,55,"56.00"
"Restaurant_2440","Lucknow","Food Truck",54,58,"56.00"
"Restaurant_1686","Hyderabad","Qsr (Quick Service)",62,50,"56.00"
"Restaurant_1562","Hyderabad","Cafe",53,59,"56.00"
"Restaurant_435","Mumbai","Cloud Kitchen",50,62,"56.00"
"Restaurant_937","Delhi","Fine Dine",57,55,"56.00"
"Restaurant_686","Bangalore","Food Truck",54,58,"56.00"
"Restaurant_2183","Ahmedabad","Qsr (Quick Service)",57,54,"55.50"
"Restaurant_1399","Pune","Fine Dine",59,52,"55.50"
"Restaurant_1012","Delhi","Fine Dine",54,57,"55.50"
"Restaurant_2401","Lucknow","Casual Dining",54,57,"55.50"
"Restaurant_2155","Ahmedabad","Casual Dining",54,57,"55.50"
"Restaurant_1921","Chennai","Fine Dine",57,54,"55.50"
"Restaurant_1553","Hyderabad","Fine Dine",52,59,"55.50"
"Restaurant_1590","Hyderabad","Food Truck",55,56,"55.50"
"Restaurant_2392","Jaipur","Fine Dine",60,51,"55.50"
"Restaurant_2482","Lucknow","Cafe",59,52,"55.50"
"Restaurant_1643","Hyderabad","Fine Dine",56,55,"55.50"
"Restaurant_1005","Delhi","Cloud Kitchen",57,54,"55.50"
"Restaurant_2026","Kolkata","Qsr (Quick Service)",55,56,"55.50"
"Restaurant_1669","Hyderabad","Cafe",55,56,"55.50"
"Restaurant_1463","Pune","Cloud Kitchen",57,54,"55.50"
"Restaurant_2369","Jaipur","Food Truck",66,45,"55.50"
"Restaurant_1373","Pune","Qsr (Quick Service)",55,56,"55.50"
"Restaurant_1195","Delhi","Cloud Kitchen",50,61,"55.50"
"Restaurant_879","Delhi","Food Truck",53,57,"55.00"
"Restaurant_1130","Delhi","Casual Dining",52,58,"55.00"
"Restaurant_75","Mumbai","Cafe",58,52,"55.00"
"Restaurant_1662","Hyderabad","Qsr (Quick Service)",62,48,"55.00"
"Restaurant_2483","Lucknow","Fine Dine",59,51,"55.00"
"Restaurant_2124","Ahmedabad","Cafe",50,60,"55.00"
"Restaurant_1839","Chennai","Cafe",50,60,"55.00"
"Restaurant_2408","Lucknow","Fine Dine",56,54,"55.00"
"Restaurant_275","Mumbai","Food Truck",54,56,"55.00"
"Restaurant_1459","Pune","Cafe",57,53,"55.00"
"Restaurant_375","Mumbai","Cafe",54,56,"55.00"
"Restaurant_664","Bangalore","Cloud Kitchen",47,63,"55.00"
"Restaurant_410","Mumbai","Cloud Kitchen",56,54,"55.00"
"Restaurant_1287","Pune","Cafe",59,51,"55.00"
"Restaurant_2248","Ahmedabad","Food Truck",57,53,"55.00"
"Restaurant_1295","Pune","Fine Dine",52,58,"55.00"
"Restaurant_601","Bangalore","Cafe",57,53,"55.00"
"Restaurant_267","Mumbai","Qsr (Quick Service)",60,50,"55.00"
"Restaurant_964","Delhi","Fine Dine",53,57,"55.00"
"Restaurant_576","Bangalore","Casual Dining",56,54,"55.00"
"Restaurant_1721","Hyderabad","Qsr (Quick Service)",51,58,"54.50"
"Restaurant_1957","Kolkata","Casual Dining",54,55,"54.50"
"Restaurant_509","Bangalore","Fine Dine",53,56,"54.50"
"Restaurant_296","Mumbai","Qsr (Quick Service)",64,45,"54.50"
"Restaurant_607","Bangalore","Food Truck",54,55,"54.50"
"Restaurant_1647","Hyderabad","Cloud Kitchen",57,52,"54.50"
"Restaurant_852","Bangalore","Cloud Kitchen",61,48,"54.50"
"Restaurant_73","Mumbai","Cloud Kitchen",58,51,"54.50"
"Restaurant_877","Delhi","Casual Dining",49,60,"54.50"
"Restaurant_2272","Ahmedabad","Cafe",47,62,"54.50"
"Restaurant_1332","Pune","Cloud Kitchen",59,50,"54.50"
"Restaurant_591","Bangalore","Casual Dining",54,55,"54.50"
"Restaurant_1252","Pune","Casual Dining",53,56,"54.50"
"Restaurant_361","Mumbai","Cafe",60,49,"54.50"
"Restaurant_1673","Hyderabad","Qsr (Quick Service)",50,59,"54.50"
"Restaurant_701","Bangalore","Casual Dining",53,56,"54.50"
"Restaurant_1004","Delhi","Cafe",53,56,"54.50"
"Restaurant_518","Bangalore","Food Truck",52,57,"54.50"
"Restaurant_1513","Hyderabad","Cloud Kitchen",56,53,"54.50"
"Restaurant_627","Bangalore","Casual Dining",57,51,"54.00"
"Restaurant_1880","Chennai","Qsr (Quick Service)",57,51,"54.00"
"Restaurant_814","Bangalore","Qsr (Quick Service)",53,55,"54.00"
"Restaurant_111","Mumbai","Fine Dine",53,55,"54.00"
"Restaurant_2078","Kolkata","Qsr (Quick Service)",51,57,"54.00"
"Restaurant_915","Delhi","Cloud Kitchen",51,57,"54.00"
"Restaurant_1208","Delhi","Qsr (Quick Service)",54,54,"54.00"
"Restaurant_839","Bangalore","Cloud Kitchen",58,50,"54.00"
"Restaurant_2376","Jaipur","Cafe",59,49,"54.00"
"Restaurant_2294","Jaipur","Fine Dine",53,55,"54.00"
"Restaurant_318","Mumbai","Food Truck",44,64,"54.00"
"Restaurant_1642","Hyderabad","Food Truck",56,52,"54.00"
"Restaurant_847","Bangalore","Casual Dining",56,52,"54.00"
"Restaurant_908","Delhi","Casual Dining",56,52,"54.00"
"Restaurant_1449","Pune","Food Truck",57,51,"54.00"
"Restaurant_1313","Pune","Qsr (Quick Service)",55,53,"54.00"
"Restaurant_1303","Pune","Cloud Kitchen",56,52,"54.00"
"Restaurant_1294","Pune","Cafe",50,57,"53.50"
"Restaurant_1992","Kolkata","Food Truck",55,52,"53.50"
"Restaurant_1149","Delhi","Fine Dine",49,58,"53.50"
"Restaurant_1166","Delhi","Cafe",53,54,"53.50"
"Restaurant_741","Bangalore","Cafe",54,53,"53.50"
"Restaurant_740","Bangalore","Cloud Kitchen",54,53,"53.50"
"Restaurant_1249","Delhi","Qsr (Quick Service)",54,53,"53.50"
"Restaurant_1630","Hyderabad","Food Truck",53,54,"53.50"
"Restaurant_611","Bangalore","Casual Dining",58,49,"53.50"
"Restaurant_928","Delhi","Cloud Kitchen",53,54,"53.50"
"Restaurant_2067","Kolkata","Fine Dine",55,52,"53.50"
"Restaurant_158","Mumbai","Cafe",57,50,"53.50"
"Restaurant_1337","Pune","Cafe",53,54,"53.50"
"Restaurant_527","Bangalore","Cafe",52,55,"53.50"
"Restaurant_2041","Kolkata","Fine Dine",55,52,"53.50"
"Restaurant_997","Delhi","Cloud Kitchen",57,50,"53.50"
"Restaurant_2079","Kolkata","Fine Dine",54,53,"53.50"
"Restaurant_1402","Pune","Casual Dining",57,50,"53.50"
"Restaurant_404","Mumbai","Food Truck",58,49,"53.50"
"Restaurant_1483","Pune","Cafe",49,58,"53.50"
"Restaurant_328","Mumbai","Qsr (Quick Service)",56,51,"53.50"
"Restaurant_2371","Jaipur","Casual Dining",54,53,"53.50"
"Restaurant_263","Mumbai","Cafe",51,56,"53.50"
"Restaurant_40","Mumbai","Food Truck",55,51,"53.00"
"Restaurant_1848","Chennai","Cloud Kitchen",52,54,"53.00"
"Restaurant_1443","Pune","Casual Dining",58,48,"53.00"
"Restaurant_2393","Jaipur","Cafe",58,48,"53.00"
"Restaurant_1765","Chennai","Qsr (Quick Service)",52,54,"53.00"
"Restaurant_27","Mumbai","Qsr (Quick Service)",53,53,"53.00"
"Restaurant_1343","Pune","Cloud Kitchen",50,56,"53.00"
"Restaurant_1274","Pune","Cloud Kitchen",50,56,"53.00"
"Restaurant_1297","Pune","Cafe",53,53,"53.00"
"Restaurant_1457","Pune","Cloud Kitchen",54,52,"53.00"
"Restaurant_537","Bangalore","Casual Dining",50,56,"53.00"
"Restaurant_789","Bangalore","Food Truck",54,52,"53.00"
"Restaurant_282","Mumbai","Cloud Kitchen",60,46,"53.00"
"Restaurant_1204","Delhi","Cafe",49,57,"53.00"
"Restaurant_287","Mumbai","Fine Dine",53,53,"53.00"
"Restaurant_1827","Chennai","Fine Dine",54,52,"53.00"
"Restaurant_1036","Delhi","Cloud Kitchen",54,52,"53.00"
"Restaurant_1566","Hyderabad","Cloud Kitchen",54,52,"53.00"
"Restaurant_1324","Pune","Cloud Kitchen",54,52,"53.00"
"Restaurant_850","Bangalore","Qsr (Quick Service)",55,51,"53.00"
"Restaurant_955","Delhi","Food Truck",47,59,"53.00"
"Restaurant_2365","Jaipur","Cafe",52,54,"53.00"
"Restaurant_1409","Pune","Food Truck",52,54,"53.00"
"Restaurant_1293","Pune","Food Truck",49,57,"53.00"
"Restaurant_1416","Pune","Cloud Kitchen",54,52,"53.00"
"Restaurant_133","Mumbai","Qsr (Quick Service)",58,48,"53.00"
"Restaurant_1419","Pune","Cafe",51,55,"53.00"
"Restaurant_889","Delhi","Cafe",53,53,"53.00"
"Restaurant_1525","Hyderabad","Cloud Kitchen",57,49,"53.00"
"Restaurant_2360","Jaipur","Cafe",49,57,"53.00"
"Restaurant_1701","Hyderabad","Cloud Kitchen",56,50,"53.00"
"Restaurant_1861","Chennai","Cafe",54,52,"53.00"
"Restaurant_2405","Lucknow","Fine Dine",51,55,"53.00"
"Restaurant_2150","Ahmedabad","Fine Dine",52,53,"52.50"
"Restaurant_605","Bangalore","Fine Dine",54,51,"52.50"
"Restaurant_2490","Lucknow","Fine Dine",54,51,"52.50"
"Restaurant_1874","Chennai","Fine Dine",47,58,"52.50"
"Restaurant_143","Mumbai","Cafe",52,53,"52.50"
"Restaurant_201","Mumbai","Fine Dine",50,55,"52.50"
"Restaurant_1565","Hyderabad","Cloud Kitchen",46,59,"52.50"
"Restaurant_806","Bangalore","Food Truck",55,50,"52.50"
"Restaurant_1288","Pune","Food Truck",53,52,"52.50"
"Restaurant_433","Mumbai","Qsr (Quick Service)",49,56,"52.50"
"Restaurant_422","Mumbai","Cloud Kitchen",52,53,"52.50"
"Restaurant_1918","Chennai","Casual Dining",54,51,"52.50"
"Restaurant_643","Bangalore","Casual Dining",58,47,"52.50"
"Restaurant_382","Mumbai","Cloud Kitchen",54,51,"52.50"
"Restaurant_2224","Ahmedabad","Fine Dine",46,59,"52.50"
"Restaurant_677","Bangalore","Fine Dine",53,52,"52.50"
"Restaurant_355","Mumbai","Qsr (Quick Service)",49,56,"52.50"
"Restaurant_1211","Delhi","Fine Dine",52,53,"52.50"
"Restaurant_353","Mumbai","Food Truck",52,53,"52.50"
"Restaurant_1469","Pune","Qsr (Quick Service)",55,50,"52.50"
"Restaurant_2356","Jaipur","Food Truck",58,47,"52.50"
"Restaurant_279","Mumbai","Qsr (Quick Service)",56,49,"52.50"
"Restaurant_2454","Lucknow","Food Truck",47,58,"52.50"
"Restaurant_2363","Jaipur","Qsr (Quick Service)",51,54,"52.50"
"Restaurant_778","Bangalore","Cafe",51,54,"52.50"
"Restaurant_1503","Hyderabad","Fine Dine",52,53,"52.50"
"Restaurant_83","Mumbai","Qsr (Quick Service)",49,56,"52.50"
"Restaurant_1710","Hyderabad","Fine Dine",52,53,"52.50"
"Restaurant_2117","Kolkata","Food Truck",54,51,"52.50"
"Restaurant_519","Bangalore","Cafe",53,52,"52.50"
"Restaurant_551","Bangalore","Fine Dine",57,48,"52.50"
"Restaurant_577","Bangalore","Casual Dining",53,51,"52.00"
"Restaurant_1069","Delhi","Casual Dining",51,53,"52.00"
"Restaurant_2316","Jaipur","Qsr (Quick Service)",50,54,"52.00"
"Restaurant_2018","Kolkata","Casual Dining",50,54,"52.00"
"Restaurant_1640","Hyderabad","Food Truck",47,57,"52.00"
"Restaurant_2306","Jaipur","Qsr (Quick Service)",48,56,"52.00"
"Restaurant_167","Mumbai","Fine Dine",52,52,"52.00"
"Restaurant_270","Mumbai","Cafe",58,46,"52.00"
"Restaurant_1342","Pune","Cloud Kitchen",50,54,"52.00"
"Restaurant_685","Bangalore","Casual Dining",50,54,"52.00"
"Restaurant_718","Bangalore","Cloud Kitchen",53,51,"52.00"
"Restaurant_828","Bangalore","Cloud Kitchen",54,50,"52.00"
"Restaurant_272","Mumbai","Qsr (Quick Service)",53,51,"52.00"
"Restaurant_1173","Delhi","Qsr (Quick Service)",48,56,"52.00"
"Restaurant_1637","Hyderabad","Qsr (Quick Service)",56,48,"52.00"
"Restaurant_196","Mumbai","Qsr (Quick Service)",52,52,"52.00"
"Restaurant_1813","Chennai","Casual Dining",57,47,"52.00"
"Restaurant_2086","Kolkata","Cloud Kitchen",46,58,"52.00"
"Restaurant_2355","Jaipur","Cafe",55,49,"52.00"
"Restaurant_681","Bangalore","Casual Dining",51,53,"52.00"
"Restaurant_1776","Chennai","Fine Dine",48,56,"52.00"
"Restaurant_342","Mumbai","Fine Dine",49,55,"52.00"
"Restaurant_870","Bangalore","Casual Dining",53,51,"52.00"
"Restaurant_1612","Hyderabad","Qsr (Quick Service)",47,57,"52.00"
"Restaurant_984","Delhi","Food Truck",52,51,"51.50"
"Restaurant_999","Delhi","Food Truck",56,47,"51.50"
"Restaurant_1769","Chennai","Cafe",54,49,"51.50"
"Restaurant_1657","Hyderabad","Qsr (Quick Service)",51,52,"51.50"
"Restaurant_1591","Hyderabad","Cafe",51,52,"51.50"
"Restaurant_2423","Lucknow","Food Truck",52,51,"51.50"
"Restaurant_168","Mumbai","Cloud Kitchen",56,47,"51.50"
"Restaurant_1520","Hyderabad","Qsr (Quick Service)",49,54,"51.50"
"Restaurant_306","Mumbai","Casual Dining",52,51,"51.50"
"Restaurant_2362","Jaipur","Casual Dining",48,55,"51.50"
"Restaurant_1489","Pune","Casual Dining",56,47,"51.50"
"Restaurant_1437","Pune","Casual Dining",47,56,"51.50"
"Restaurant_1877","Chennai","Cloud Kitchen",54,49,"51.50"
"Restaurant_1388","Pune","Casual Dining",50,53,"51.50"
"Restaurant_1368","Pune","Fine Dine",52,51,"51.50"
"Restaurant_507","Bangalore","Food Truck",54,49,"51.50"
"Restaurant_510","Bangalore","Cloud Kitchen",51,52,"51.50"
"Restaurant_1891","Chennai","Cloud Kitchen",56,47,"51.50"
"Restaurant_546","Bangalore","Cloud Kitchen",51,52,"51.50"
"Restaurant_575","Bangalore","Food Truck",54,49,"51.50"
"Restaurant_2238","Ahmedabad","Casual Dining",53,50,"51.50"
"Restaurant_1929","Chennai","Fine Dine",52,51,"51.50"
"Restaurant_1239","Delhi","Casual Dining",50,53,"51.50"
"Restaurant_2192","Ahmedabad","Casual Dining",49,54,"51.50"
"Restaurant_1192","Delhi","Food Truck",54,49,"51.50"
"Restaurant_2179","Ahmedabad","Fine Dine",54,49,"51.50"
"Restaurant_2174","Ahmedabad","Casual Dining",45,58,"51.50"
"Restaurant_777","Bangalore","Casual Dining",46,57,"51.50"
"Restaurant_2159","Ahmedabad","Casual Dining",52,51,"51.50"
"Restaurant_2135","Ahmedabad","Fine Dine",53,50,"51.50"
"Restaurant_2133","Ahmedabad","Cafe",53,50,"51.50"
"Restaurant_1994","Kolkata","Casual Dining",48,55,"51.50"
"Restaurant_17","Mumbai","Cloud Kitchen",48,55,"51.50"
"Restaurant_917","Delhi","Qsr (Quick Service)",52,51,"51.50"
"Restaurant_942","Delhi","Casual Dining",51,52,"51.50"
"Restaurant_1020","Delhi","Food Truck",56,47,"51.50"
"Restaurant_1417","Pune","Cafe",52,50,"51.00"
"Restaurant_384","Mumbai","Food Truck",55,47,"51.00"
"Restaurant_635","Bangalore","Qsr (Quick Service)",53,49,"51.00"
"Restaurant_443","Mumbai","Qsr (Quick Service)",47,55,"51.00"
"Restaurant_2435","Lucknow","Casual Dining",53,49,"51.00"
"Restaurant_2132","Ahmedabad","Fine Dine",50,52,"51.00"
"Restaurant_29","Mumbai","Casual Dining",48,54,"51.00"
"Restaurant_822","Bangalore","Cloud Kitchen",48,54,"51.00"
"Restaurant_1148","Delhi","Fine Dine",51,51,"51.00"
"Restaurant_2015","Kolkata","Qsr (Quick Service)",56,46,"51.00"
"Restaurant_902","Delhi","Fine Dine",51,51,"51.00"
"Restaurant_516","Bangalore","Fine Dine",56,46,"51.00"
"Restaurant_728","Bangalore","Food Truck",48,54,"51.00"
"Restaurant_2409","Lucknow","Qsr (Quick Service)",53,49,"51.00"
"Restaurant_58","Mumbai","Qsr (Quick Service)",58,44,"51.00"
"Restaurant_2108","Kolkata","Qsr (Quick Service)",48,54,"51.00"
"Restaurant_1546","Hyderabad","Cafe",54,48,"51.00"
"Restaurant_771","Bangalore","Food Truck",49,53,"51.00"
"Restaurant_702","Bangalore","Fine Dine",52,50,"51.00"
"Restaurant_1600","Hyderabad","Casual Dining",55,47,"51.00"
"Restaurant_735","Bangalore","Cloud Kitchen",52,50,"51.00"
"Restaurant_1906","Chennai","Fine Dine",55,47,"51.00"
"Restaurant_1515","Hyderabad","Cloud Kitchen",57,45,"51.00"
"Restaurant_247","Mumbai","Cloud Kitchen",51,51,"51.00"
"Restaurant_1223","Delhi","Fine Dine",50,52,"51.00"
"Restaurant_1279","Pune","Casual Dining",52,50,"51.00"
"Restaurant_1219","Delhi","Cloud Kitchen",52,50,"51.00"
"Restaurant_1547","Hyderabad","Cloud Kitchen",46,56,"51.00"
"Restaurant_2127","Ahmedabad","Casual Dining",50,52,"51.00"
"Restaurant_2463","Lucknow","Cloud Kitchen",49,53,"51.00"
"Restaurant_1426","Pune","Fine Dine",52,50,"51.00"
"Restaurant_1986","Kolkata","Cloud Kitchen",49,53,"51.00"
"Restaurant_1385","Pune","Casual Dining",50,51,"50.50"
"Restaurant_469","Bangalore","Qsr (Quick Service)",54,47,"50.50"
"Restaurant_1127","Delhi","Food Truck",53,48,"50.50"
"Restaurant_1033","Delhi","Qsr (Quick Service)",50,51,"50.50"
"Restaurant_626","Bangalore","Fine Dine",52,49,"50.50"
"Restaurant_379","Mumbai","Cloud Kitchen",49,52,"50.50"
"Restaurant_1079","Delhi","Fine Dine",46,55,"50.50"
"Restaurant_1810","Chennai","Qsr (Quick Service)",49,52,"50.50"
"Restaurant_385","Mumbai","Fine Dine",54,47,"50.50"
"Restaurant_206","Mumbai","Casual Dining",48,53,"50.50"
"Restaurant_1453","Pune","Cloud Kitchen",57,44,"50.50"
"Restaurant_1613","Hyderabad","Fine Dine",53,48,"50.50"
"Restaurant_448","Mumbai","Cafe",46,55,"50.50"
"Restaurant_529","Bangalore","Cloud Kitchen",50,51,"50.50"
"Restaurant_1418","Pune","Cloud Kitchen",48,53,"50.50"
"Restaurant_1185","Delhi","Cloud Kitchen",56,45,"50.50"
"Restaurant_1802","Chennai","Qsr (Quick Service)",55,46,"50.50"
"Restaurant_1267","Pune","Cloud Kitchen",53,48,"50.50"
"Restaurant_1834","Chennai","Cafe",53,48,"50.50"
"Restaurant_1528","Hyderabad","Fine Dine",46,55,"50.50"
"Restaurant_1690","Hyderabad","Fine Dine",50,51,"50.50"
"Restaurant_2412","Lucknow","Cloud Kitchen",50,51,"50.50"
"Restaurant_2446","Lucknow","Cloud Kitchen",45,56,"50.50"
"Restaurant_1593","Hyderabad","Cloud Kitchen",55,46,"50.50"
"Restaurant_911","Delhi","Cafe",51,50,"50.50"
"Restaurant_303","Mumbai","Casual Dining",46,55,"50.50"
"Restaurant_1162","Delhi","Cafe",44,57,"50.50"
"Restaurant_351","Mumbai","Casual Dining",48,53,"50.50"
"Restaurant_689","Bangalore","Cafe",51,50,"50.50"
"Restaurant_495","Bangalore","Cloud Kitchen",45,56,"50.50"
"Restaurant_900","Delhi","Casual Dining",55,46,"50.50"
"Restaurant_1107","Delhi","Cafe",50,51,"50.50"
"Restaurant_1840","Chennai","Casual Dining",48,53,"50.50"
"Restaurant_1882","Chennai","Cafe",49,52,"50.50"
"Restaurant_2170","Ahmedabad","Cafe",50,51,"50.50"
"Restaurant_1115","Delhi","Cafe",51,50,"50.50"
"Restaurant_763","Bangalore","Food Truck",53,47,"50.00"
"Restaurant_1165","Delhi","Food Truck",48,52,"50.00"
"Restaurant_795","Bangalore","Food Truck",48,52,"50.00"
"Restaurant_1651","Hyderabad","Qsr (Quick Service)",47,53,"50.00"
"Restaurant_535","Bangalore","Food Truck",45,55,"50.00"
"Restaurant_650","Bangalore","Cloud Kitchen",54,46,"50.00"
"Restaurant_180","Mumbai","Cloud Kitchen",53,47,"50.00"
"Restaurant_2046","Kolkata","Food Truck",55,45,"50.00"
"Restaurant_142","Mumbai","Qsr (Quick Service)",41,59,"50.00"
"Restaurant_1540","Hyderabad","Fine Dine",51,49,"50.00"
"Restaurant_2351","Jaipur","Fine Dine",55,45,"50.00"
"Restaurant_2045","Kolkata","Qsr (Quick Service)",43,57,"50.00"
"Restaurant_981","Delhi","Qsr (Quick Service)",42,58,"50.00"
"Restaurant_1569","Hyderabad","Food Truck",56,44,"50.00"
"Restaurant_2009","Kolkata","Qsr (Quick Service)",45,55,"50.00"
"Restaurant_2195","Ahmedabad","Cafe",50,50,"50.00"
"Restaurant_1291","Pune","Casual Dining",47,53,"50.00"
"Restaurant_26","Mumbai","Fine Dine",51,49,"50.00"
"Restaurant_130","Mumbai","Food Truck",48,52,"50.00"
"Restaurant_1407","Pune","Food Truck",50,50,"50.00"
"Restaurant_1842","Chennai","Casual Dining",52,48,"50.00"
"Restaurant_15","Mumbai","Qsr (Quick Service)",52,48,"50.00"
"Restaurant_835","Bangalore","Casual Dining",59,41,"50.00"
"Restaurant_1791","Chennai","Qsr (Quick Service)",51,48,"49.50"
"Restaurant_1914","Chennai","Cafe",48,51,"49.50"
"Restaurant_1795","Chennai","Casual Dining",51,48,"49.50"
"Restaurant_600","Bangalore","Qsr (Quick Service)",47,52,"49.50"
"Restaurant_1312","Pune","Qsr (Quick Service)",48,51,"49.50"
"Restaurant_1049","Delhi","Fine Dine",50,49,"49.50"
"Restaurant_1057","Delhi","Cloud Kitchen",49,50,"49.50"
"Restaurant_1096","Delhi","Cloud Kitchen",51,48,"49.50"
"Restaurant_346","Mumbai","Cafe",54,45,"49.50"
"Restaurant_878","Delhi","Cafe",53,46,"49.50"
"Restaurant_42","Mumbai","Cloud Kitchen",44,55,"49.50"
"Restaurant_2476","Lucknow","Qsr (Quick Service)",50,49,"49.50"
"Restaurant_50","Mumbai","Fine Dine",54,45,"49.50"
"Restaurant_859","Bangalore","Fine Dine",44,55,"49.50"
"Restaurant_387","Mumbai","Fine Dine",52,47,"49.50"
"Restaurant_825","Bangalore","Cafe",43,56,"49.50"
"Restaurant_2372","Jaipur","Cafe",48,51,"49.50"
"Restaurant_68","Mumbai","Cafe",48,51,"49.50"
"Restaurant_1716","Hyderabad","Fine Dine",44,55,"49.50"
"Restaurant_1432","Pune","Fine Dine",45,54,"49.50"
"Restaurant_1985","Kolkata","Fine Dine",51,48,"49.50"
"Restaurant_786","Bangalore","Food Truck",49,50,"49.50"
"Restaurant_430","Mumbai","Qsr (Quick Service)",42,57,"49.50"
"Restaurant_260","Mumbai","Qsr (Quick Service)",50,49,"49.50"
"Restaurant_2193","Ahmedabad","Cloud Kitchen",43,56,"49.50"
"Restaurant_1403","Pune","Cloud Kitchen",45,54,"49.50"
"Restaurant_2196","Ahmedabad","Food Truck",47,52,"49.50"
"Restaurant_717","Bangalore","Qsr (Quick Service)",51,48,"49.50"
"Restaurant_707","Bangalore","Cafe",52,47,"49.50"
"Restaurant_31","Mumbai","Cloud Kitchen",48,51,"49.50"
"Restaurant_481","Bangalore","Casual Dining",53,46,"49.50"
"Restaurant_2297","Jaipur","Fine Dine",50,49,"49.50"
"Restaurant_690","Bangalore","Food Truck",47,52,"49.50"
"Restaurant_1706","Hyderabad","Cafe",46,53,"49.50"
"Restaurant_684","Bangalore","Fine Dine",50,49,"49.50"
"Restaurant_112","Mumbai","Cafe",47,52,"49.50"
"Restaurant_678","Bangalore","Casual Dining",48,51,"49.50"
"Restaurant_508","Bangalore","Cafe",50,49,"49.50"
"Restaurant_1365","Pune","Cafe",44,55,"49.50"
"Restaurant_1361","Pune","Food Truck",48,51,"49.50"
"Restaurant_1261","Pune","Cafe",54,45,"49.50"
"Restaurant_2062","Kolkata","Cafe",44,55,"49.50"
"Restaurant_1280","Pune","Casual Dining",51,48,"49.50"
"Restaurant_1893","Chennai","Casual Dining",41,58,"49.50"
"Restaurant_137","Mumbai","Cloud Kitchen",54,45,"49.50"
"Restaurant_1682","Hyderabad","Cloud Kitchen",47,51,"49.00"
"Restaurant_2228","Ahmedabad","Fine Dine",50,48,"49.00"
"Restaurant_57","Mumbai","Fine Dine",43,55,"49.00"
"Restaurant_531","Bangalore","Qsr (Quick Service)",55,43,"49.00"
"Restaurant_1506","Hyderabad","Qsr (Quick Service)",58,40,"49.00"
"Restaurant_1374","Pune","Cloud Kitchen",44,54,"49.00"
"Restaurant_2213","Ahmedabad","Food Truck",57,41,"49.00"
"Restaurant_2447","Lucknow","Food Truck",48,50,"49.00"
"Restaurant_2115","Kolkata","Casual Dining",46,52,"49.00"
"Restaurant_1629","Hyderabad","Cafe",52,46,"49.00"
"Restaurant_571","Bangalore","Food Truck",48,50,"49.00"
"Restaurant_2113","Kolkata","Cloud Kitchen",50,48,"49.00"
"Restaurant_1103","Delhi","Cloud Kitchen",42,56,"49.00"
"Restaurant_97","Mumbai","Food Truck",53,45,"49.00"
"Restaurant_1564","Hyderabad","Qsr (Quick Service)",43,55,"49.00"
"Restaurant_2194","Ahmedabad","Casual Dining",48,50,"49.00"
"Restaurant_2491","Lucknow","Cloud Kitchen",52,46,"49.00"
"Restaurant_89","Mumbai","Cafe",50,48,"49.00"
"Restaurant_2175","Ahmedabad","Casual Dining",50,48,"49.00"
"Restaurant_1174","Delhi","Casual Dining",53,45,"49.00"
"Restaurant_2458","Lucknow","Fine Dine",49,49,"49.00"
"Restaurant_1438","Pune","Food Truck",52,46,"49.00"
"Restaurant_468","Bangalore","Qsr (Quick Service)",44,54,"49.00"
"Restaurant_2338","Jaipur","Food Truck",47,51,"49.00"
"Restaurant_1047","Delhi","Cloud Kitchen",49,49,"49.00"
"Restaurant_2002","Kolkata","Qsr (Quick Service)",48,50,"49.00"
"Restaurant_232","Mumbai","Casual Dining",47,51,"49.00"
"Restaurant_2123","Ahmedabad","Fine Dine",49,49,"49.00"
"Restaurant_1085","Delhi","Cafe",56,42,"49.00"
"Restaurant_2138","Ahmedabad","Casual Dining",53,45,"49.00"
"Restaurant_610","Bangalore","Cafe",52,46,"49.00"
"Restaurant_1490","Pune","Casual Dining",41,57,"49.00"
"Restaurant_259","Mumbai","Cafe",50,48,"49.00"
"Restaurant_2289","Jaipur","Casual Dining",50,48,"49.00"
"Restaurant_1570","Hyderabad","Cloud Kitchen",50,48,"49.00"
"Restaurant_59","Mumbai","Casual Dining",48,50,"49.00"
"Restaurant_1713","Hyderabad","Fine Dine",44,54,"49.00"
"Restaurant_602","Bangalore","Food Truck",46,52,"49.00"
"Restaurant_1712","Hyderabad","Fine Dine",51,46,"48.50"
"Restaurant_1807","Chennai","Cloud Kitchen",46,51,"48.50"
"Restaurant_2288","Jaipur","Fine Dine",45,52,"48.50"
"Restaurant_1413","Pune","Food Truck",47,50,"48.50"
"Restaurant_737","Bangalore","Qsr (Quick Service)",44,53,"48.50"
"Restaurant_1781","Chennai","Casual Dining",51,46,"48.50"
"Restaurant_2474","Lucknow","Food Truck",48,49,"48.50"
"Restaurant_101","Mumbai","Cloud Kitchen",48,49,"48.50"
"Restaurant_1832","Chennai","Cafe",53,44,"48.50"
"Restaurant_1500","Pune","Cloud Kitchen",49,48,"48.50"
"Restaurant_266","Mumbai","Cloud Kitchen",46,51,"48.50"
"Restaurant_695","Bangalore","Food Truck",45,52,"48.50"
"Restaurant_488","Bangalore","Cafe",49,48,"48.50"
"Restaurant_631","Bangalore","Casual Dining",43,54,"48.50"
"Restaurant_8","Mumbai","Qsr (Quick Service)",47,50,"48.50"
"Restaurant_1681","Hyderabad","Cafe",48,49,"48.50"
"Restaurant_578","Bangalore","Qsr (Quick Service)",53,44,"48.50"
"Restaurant_1327","Pune","Casual Dining",46,51,"48.50"
"Restaurant_584","Bangalore","Cafe",49,48,"48.50"
"Restaurant_1534","Hyderabad","Fine Dine",50,47,"48.50"
"Restaurant_2056","Kolkata","Food Truck",53,44,"48.50"
"Restaurant_2262","Ahmedabad","Cafe",47,50,"48.50"
"Restaurant_2028","Kolkata","Qsr (Quick Service)",42,55,"48.50"
"Restaurant_1262","Pune","Qsr (Quick Service)",45,52,"48.50"
"Restaurant_1268","Pune","Food Truck",48,49,"48.50"
"Restaurant_2236","Ahmedabad","Fine Dine",49,48,"48.50"
"Restaurant_1272","Pune","Cafe",45,52,"48.50"
"Restaurant_782","Bangalore","Casual Dining",48,49,"48.50"
"Restaurant_332","Mumbai","Cloud Kitchen",48,49,"48.50"
"Restaurant_2380","Jaipur","Food Truck",41,56,"48.50"
"Restaurant_1845","Chennai","Qsr (Quick Service)",44,53,"48.50"
"Restaurant_1865","Chennai","Fine Dine",54,43,"48.50"
"Restaurant_1844","Chennai","Food Truck",49,48,"48.50"
"Restaurant_120","Mumbai","Cloud Kitchen",50,46,"48.00"
"Restaurant_1698","Hyderabad","Fine Dine",46,50,"48.00"
"Restaurant_1544","Hyderabad","Fine Dine",48,48,"48.00"
"Restaurant_36","Mumbai","Casual Dining",50,46,"48.00"
"Restaurant_1236","Delhi","Qsr (Quick Service)",45,51,"48.00"
"Restaurant_1264","Pune","Food Truck",52,44,"48.00"
"Restaurant_1464","Pune","Cloud Kitchen",43,53,"48.00"
"Restaurant_2468","Lucknow","Fine Dine",51,45,"48.00"
"Restaurant_230","Mumbai","Food Truck",45,51,"48.00"
"Restaurant_2101","Kolkata","Casual Dining",48,48,"48.00"
"Restaurant_2044","Kolkata","Cloud Kitchen",50,46,"48.00"
"Restaurant_766","Bangalore","Food Truck",53,43,"48.00"
"Restaurant_96","Mumbai","Qsr (Quick Service)",48,48,"48.00"
"Restaurant_1982","Kolkata","Food Truck",50,46,"48.00"
"Restaurant_1435","Pune","Food Truck",44,52,"48.00"
"Restaurant_2256","Ahmedabad","Qsr (Quick Service)",46,50,"48.00"
"Restaurant_691","Bangalore","Qsr (Quick Service)",43,53,"48.00"
"Restaurant_1635","Hyderabad","Food Truck",49,47,"48.00"
"Restaurant_70","Mumbai","Food Truck",51,45,"48.00"
"Restaurant_177","Mumbai","Food Truck",49,47,"48.00"
"Restaurant_1408","Pune","Fine Dine",57,39,"48.00"
"Restaurant_2197","Ahmedabad","Fine Dine",52,44,"48.00"
"Restaurant_2456","Lucknow","Fine Dine",51,45,"48.00"
"Restaurant_2017","Kolkata","Food Truck",48,48,"48.00"
"Restaurant_1492","Pune","Fine Dine",49,47,"48.00"
"Restaurant_2066","Kolkata","Qsr (Quick Service)",44,52,"48.00"
"Restaurant_2099","Kolkata","Food Truck",41,55,"48.00"
"Restaurant_1376","Pune","Cafe",46,50,"48.00"
"Restaurant_225","Mumbai","Cafe",44,52,"48.00"
"Restaurant_1939","Chennai","Food Truck",51,45,"48.00"
"Restaurant_1835","Chennai","Casual Dining",53,43,"48.00"
"Restaurant_399","Mumbai","Casual Dining",44,52,"48.00"
"Restaurant_1458","Pune","Casual Dining",50,46,"48.00"
"Restaurant_641","Bangalore","Qsr (Quick Service)",50,46,"48.00"
"Restaurant_2178","Ahmedabad","Casual Dining",52,44,"48.00"
"Restaurant_2378","Jaipur","Cafe",56,39,"47.50"
"Restaurant_251","Mumbai","Cloud Kitchen",50,45,"47.50"
"Restaurant_2383","Jaipur","Casual Dining",45,50,"47.50"
"Restaurant_1456","Pune","Cafe",48,47,"47.50"
"Restaurant_223","Mumbai","Cloud Kitchen",51,44,"47.50"
"Restaurant_221","Mumbai","Food Truck",49,46,"47.50"
"Restaurant_220","Mumbai","Qsr (Quick Service)",46,49,"47.50"
"Restaurant_419","Mumbai","Food Truck",51,44,"47.50"
"Restaurant_2318","Jaipur","Fine Dine",48,47,"47.50"
"Restaurant_436","Mumbai","Cafe",46,49,"47.50"
"Restaurant_1866","Chennai","Fine Dine",46,49,"47.50"
"Restaurant_1868","Chennai","Cafe",48,47,"47.50"
"Restaurant_485","Bangalore","Cloud Kitchen",42,53,"47.50"
"Restaurant_486","Bangalore","Cafe",50,45,"47.50"
"Restaurant_1053","Delhi","Qsr (Quick Service)",50,45,"47.50"
"Restaurant_1696","Hyderabad","Food Truck",44,51,"47.50"
"Restaurant_1357","Pune","Qsr (Quick Service)",45,50,"47.50"
"Restaurant_2274","Ahmedabad","Casual Dining",49,46,"47.50"
"Restaurant_161","Mumbai","Cloud Kitchen",51,44,"47.50"
"Restaurant_589","Bangalore","Fine Dine",57,38,"47.50"
"Restaurant_1596","Hyderabad","Cloud Kitchen",58,37,"47.50"
"Restaurant_1790","Chennai","Food Truck",46,49,"47.50"
"Restaurant_646","Bangalore","Food Truck",50,45,"47.50"
"Restaurant_1923","Chennai","Cloud Kitchen",47,48,"47.50"
"Restaurant_1263","Pune","Fine Dine",48,47,"47.50"
"Restaurant_1778","Chennai","Fine Dine",49,46,"47.50"
"Restaurant_725","Bangalore","Fine Dine",52,43,"47.50"
"Restaurant_743","Bangalore","Qsr (Quick Service)",48,47,"47.50"
"Restaurant_1201","Delhi","Casual Dining",47,48,"47.50"
"Restaurant_2461","Lucknow","Food Truck",46,49,"47.50"
"Restaurant_60","Mumbai","Cafe",46,49,"47.50"
"Restaurant_1100","Delhi","Fine Dine",46,49,"47.50"
"Restaurant_1083","Delhi","Food Truck",51,44,"47.50"
"Restaurant_1683","Hyderabad","Fine Dine",54,41,"47.50"
"Restaurant_2033","Kolkata","Cloud Kitchen",41,54,"47.50"
"Restaurant_952","Delhi","Fine Dine",46,49,"47.50"
"Restaurant_2375","Jaipur","Qsr (Quick Service)",55,40,"47.50"
"Restaurant_2499","Lucknow","Cafe",47,48,"47.50"
"Restaurant_2373","Jaipur","Qsr (Quick Service)",49,46,"47.50"
"Restaurant_887","Delhi","Cafe",46,48,"47.00"
"Restaurant_2012","Kolkata","Qsr (Quick Service)",47,47,"47.00"
"Restaurant_1181","Delhi","Casual Dining",44,50,"47.00"
"Restaurant_1617","Hyderabad","Cloud Kitchen",46,48,"47.00"
"Restaurant_1774","Chennai","Cloud Kitchen",45,49,"47.00"
"Restaurant_1829","Chennai","Fine Dine",52,42,"47.00"
"Restaurant_1729","Hyderabad","Fine Dine",47,47,"47.00"
"Restaurant_2129","Ahmedabad","Qsr (Quick Service)",49,45,"47.00"
"Restaurant_305","Mumbai","Cafe",44,50,"47.00"
"Restaurant_1917","Chennai","Casual Dining",42,52,"47.00"
"Restaurant_2416","Lucknow","Casual Dining",49,45,"47.00"
"Restaurant_1151","Delhi","Cafe",46,48,"47.00"
"Restaurant_644","Bangalore","Qsr (Quick Service)",44,50,"47.00"
"Restaurant_724","Bangalore","Cafe",37,57,"47.00"
"Restaurant_386","Mumbai","Cafe",46,48,"47.00"
"Restaurant_1178","Delhi","Fine Dine",48,46,"47.00"
"Restaurant_154","Mumbai","Food Truck",37,57,"47.00"
"Restaurant_1641","Hyderabad","Casual Dining",52,42,"47.00"
"Restaurant_191","Mumbai","Cafe",45,49,"47.00"
"Restaurant_751","Bangalore","Food Truck",50,44,"47.00"
"Restaurant_703","Bangalore","Fine Dine",45,49,"47.00"
"Restaurant_750","Bangalore","Cloud Kitchen",53,41,"47.00"
"Restaurant_39","Mumbai","Qsr (Quick Service)",48,46,"47.00"
"Restaurant_567","Bangalore","Food Truck",51,43,"47.00"
"Restaurant_2120","Kolkata","Fine Dine",49,45,"47.00"
"Restaurant_1901","Chennai","Cloud Kitchen",43,51,"47.00"
"Restaurant_107","Mumbai","Fine Dine",49,45,"47.00"
"Restaurant_16","Mumbai","Qsr (Quick Service)",48,46,"47.00"
"Restaurant_288","Mumbai","Qsr (Quick Service)",46,48,"47.00"
"Restaurant_145","Mumbai","Cloud Kitchen",49,45,"47.00"
"Restaurant_986","Delhi","Qsr (Quick Service)",47,46,"46.50"
"Restaurant_817","Bangalore","Cafe",49,44,"46.50"
"Restaurant_440","Mumbai","Cafe",49,44,"46.50"
"Restaurant_573","Bangalore","Casual Dining",46,47,"46.50"
"Restaurant_1440","Pune","Cafe",51,42,"46.50"
"Restaurant_1422","Pune","Fine Dine",44,49,"46.50"
"Restaurant_1900","Chennai","Fine Dine",42,51,"46.50"
"Restaurant_792","Bangalore","Cafe",44,49,"46.50"
"Restaurant_623","Bangalore","Casual Dining",52,41,"46.50"
"Restaurant_173","Mumbai","Cafe",47,46,"46.50"
"Restaurant_174","Mumbai","Casual Dining",44,49,"46.50"
"Restaurant_273","Mumbai","Food Truck",48,45,"46.50"
"Restaurant_2485","Lucknow","Food Truck",49,44,"46.50"
"Restaurant_1351","Pune","Cloud Kitchen",45,48,"46.50"
"Restaurant_2094","Kolkata","Cafe",43,50,"46.50"
"Restaurant_1352","Pune","Food Truck",46,47,"46.50"
"Restaurant_2098","Kolkata","Cloud Kitchen",44,49,"46.50"
"Restaurant_526","Bangalore","Qsr (Quick Service)",47,46,"46.50"
"Restaurant_1587","Hyderabad","Casual Dining",42,51,"46.50"
"Restaurant_1093","Delhi","Cloud Kitchen",41,52,"46.50"
"Restaurant_1621","Hyderabad","Food Truck",47,46,"46.50"
"Restaurant_357","Mumbai","Qsr (Quick Service)",47,46,"46.50"
"Restaurant_1732","Hyderabad","Food Truck",48,45,"46.50"
"Restaurant_2223","Ahmedabad","Qsr (Quick Service)",54,39,"46.50"
"Restaurant_1592","Hyderabad","Qsr (Quick Service)",45,48,"46.50"
"Restaurant_1763","Chennai","Qsr (Quick Service)",44,49,"46.50"
"Restaurant_364","Mumbai","Cafe",41,52,"46.50"
"Restaurant_1572","Hyderabad","Qsr (Quick Service)",50,43,"46.50"
"Restaurant_369","Mumbai","Food Truck",48,45,"46.50"
"Restaurant_1671","Hyderabad","Cloud Kitchen",44,49,"46.50"
"Restaurant_1235","Delhi","Fine Dine",52,41,"46.50"
"Restaurant_853","Bangalore","Cloud Kitchen",49,44,"46.50"
"Restaurant_465","Bangalore","Casual Dining",47,46,"46.50"
"Restaurant_2403","Lucknow","Casual Dining",41,52,"46.50"
"Restaurant_200","Mumbai","Food Truck",48,45,"46.50"
"Restaurant_2452","Lucknow","Food Truck",44,49,"46.50"
"Restaurant_445","Mumbai","Food Truck",45,48,"46.50"
"Restaurant_2336","Jaipur","Cafe",49,44,"46.50"
"Restaurant_1828","Chennai","Fine Dine",47,46,"46.50"
"Restaurant_1144","Delhi","Fine Dine",44,49,"46.50"
"Restaurant_1965","Kolkata","Fine Dine",49,44,"46.50"
"Restaurant_2335","Jaipur","Food Truck",44,49,"46.50"
"Restaurant_181","Mumbai","Qsr (Quick Service)",42,50,"46.00"
"Restaurant_1257","Pune","Casual Dining",43,49,"46.00"
"Restaurant_163","Mumbai","Cloud Kitchen",39,53,"46.00"
"Restaurant_2445","Lucknow","Cloud Kitchen",43,49,"46.00"
"Restaurant_359","Mumbai","Qsr (Quick Service)",44,48,"46.00"
"Restaurant_2139","Ahmedabad","Fine Dine",46,46,"46.00"
"Restaurant_505","Bangalore","Food Truck",48,44,"46.00"
"Restaurant_596","Bangalore","Fine Dine",40,52,"46.00"
"Restaurant_1602","Hyderabad","Casual Dining",43,49,"46.00"
"Restaurant_566","Bangalore","Cloud Kitchen",44,48,"46.00"
"Restaurant_1499","Pune","Food Truck",51,41,"46.00"
"Restaurant_1328","Pune","Casual Dining",51,41,"46.00"
"Restaurant_1465","Pune","Fine Dine",50,42,"46.00"
"Restaurant_548","Bangalore","Cloud Kitchen",43,49,"46.00"
"Restaurant_876","Delhi","Cloud Kitchen",44,48,"46.00"
"Restaurant_759","Bangalore","Food Truck",49,43,"46.00"
"Restaurant_1639","Hyderabad","Cloud Kitchen",48,44,"46.00"
"Restaurant_1816","Chennai","Casual Dining",47,45,"46.00"
"Restaurant_1118","Delhi","Casual Dining",49,43,"46.00"
"Restaurant_290","Mumbai","Casual Dining",48,44,"46.00"
"Restaurant_1134","Delhi","Food Truck",44,48,"46.00"
"Restaurant_1226","Delhi","Cafe",47,45,"46.00"
"Restaurant_472","Bangalore","Cafe",38,54,"46.00"
"Restaurant_1216","Delhi","Cloud Kitchen",44,48,"46.00"
"Restaurant_467","Bangalore","Cloud Kitchen",46,46,"46.00"
"Restaurant_721","Bangalore","Qsr (Quick Service)",51,41,"46.00"
"Restaurant_1152","Delhi","Food Truck",42,50,"46.00"
"Restaurant_800","Bangalore","Cloud Kitchen",42,50,"46.00"
"Restaurant_2473","Lucknow","Cafe",48,44,"46.00"
"Restaurant_2315","Jaipur","Fine Dine",43,49,"46.00"
"Restaurant_1188","Delhi","Fine Dine",41,51,"46.00"
"Restaurant_392","Mumbai","Qsr (Quick Service)",45,47,"46.00"
"Restaurant_2244","Ahmedabad","Food Truck",48,44,"46.00"
"Restaurant_996","Delhi","Fine Dine",42,50,"46.00"
"Restaurant_2426","Lucknow","Casual Dining",46,46,"46.00"
"Restaurant_2260","Ahmedabad","Casual Dining",46,46,"46.00"
"Restaurant_1318","Pune","Fine Dine",42,50,"46.00"
"Restaurant_324","Mumbai","Cafe",40,52,"46.00"
"Restaurant_1066","Delhi","Food Truck",46,46,"46.00"
"Restaurant_987","Delhi","Cloud Kitchen",47,45,"46.00"
"Restaurant_2072","Kolkata","Cloud Kitchen",47,45,"46.00"
"Restaurant_579","Bangalore","Food Truck",45,47,"46.00"
"Restaurant_32","Mumbai","Cloud Kitchen",42,50,"46.00"
"Restaurant_838","Bangalore","Cafe",44,48,"46.00"
"Restaurant_2111","Kolkata","Cloud Kitchen",49,43,"46.00"
"Restaurant_214","Mumbai","Cloud Kitchen",41,51,"46.00"
"Restaurant_2259","Ahmedabad","Qsr (Quick Service)",48,44,"46.00"
"Restaurant_1524","Hyderabad","Cloud Kitchen",42,50,"46.00"
"Restaurant_1704","Hyderabad","Qsr (Quick Service)",45,47,"46.00"
"Restaurant_281","Mumbai","Cafe",52,39,"45.50"
"Restaurant_624","Bangalore","Fine Dine",48,43,"45.50"
"Restaurant_1468","Pune","Fine Dine",46,45,"45.50"
"Restaurant_2206","Ahmedabad","Qsr (Quick Service)",46,45,"45.50"
"Restaurant_237","Mumbai","Fine Dine",42,49,"45.50"
"Restaurant_1207","Delhi","Casual Dining",49,42,"45.50"
"Restaurant_2052","Kolkata","Casual Dining",44,47,"45.50"
"Restaurant_1960","Kolkata","Casual Dining",47,44,"45.50"
"Restaurant_66","Mumbai","Qsr (Quick Service)",44,47,"45.50"
"Restaurant_1575","Hyderabad","Food Truck",47,44,"45.50"
"Restaurant_2226","Ahmedabad","Cloud Kitchen",47,44,"45.50"
"Restaurant_1855","Chennai","Qsr (Quick Service)",46,45,"45.50"
"Restaurant_851","Bangalore","Fine Dine",48,43,"45.50"
"Restaurant_1961","Kolkata","Fine Dine",44,47,"45.50"
"Restaurant_1290","Pune","Qsr (Quick Service)",46,45,"45.50"
"Restaurant_1966","Kolkata","Casual Dining",43,48,"45.50"
"Restaurant_1927","Chennai","Casual Dining",48,43,"45.50"
"Restaurant_2431","Lucknow","Fine Dine",45,46,"45.50"
"Restaurant_1888","Chennai","Casual Dining",38,53,"45.50"
"Restaurant_363","Mumbai","Food Truck",47,44,"45.50"
"Restaurant_1421","Pune","Food Truck",40,51,"45.50"
"Restaurant_2291","Jaipur","Fine Dine",45,46,"45.50"
"Restaurant_1983","Kolkata","Cloud Kitchen",49,42,"45.50"
"Restaurant_2460","Lucknow","Cloud Kitchen",52,39,"45.50"
"Restaurant_1631","Hyderabad","Fine Dine",50,41,"45.50"
"Restaurant_2500","Lucknow","Qsr (Quick Service)",44,47,"45.50"
"Restaurant_165","Mumbai","Food Truck",41,50,"45.50"
"Restaurant_2396","Jaipur","Food Truck",46,45,"45.50"
"Restaurant_493","Bangalore","Cloud Kitchen",53,38,"45.50"
"Restaurant_962","Delhi","Fine Dine",48,43,"45.50"
"Restaurant_1245","Delhi","Qsr (Quick Service)",39,52,"45.50"
"Restaurant_1172","Delhi","Qsr (Quick Service)",49,42,"45.50"
"Restaurant_2061","Kolkata","Food Truck",41,50,"45.50"
"Restaurant_1689","Hyderabad","Cafe",52,39,"45.50"
"Restaurant_2091","Kolkata","Casual Dining",54,37,"45.50"
"Restaurant_2347","Jaipur","Casual Dining",43,48,"45.50"
"Restaurant_1537","Hyderabad","Cloud Kitchen",46,45,"45.50"
"Restaurant_389","Mumbai","Cafe",49,42,"45.50"
"Restaurant_1496","Pune","Cafe",47,44,"45.50"
"Restaurant_2302","Jaipur","Fine Dine",44,47,"45.50"
"Restaurant_1606","Hyderabad","Qsr (Quick Service)",45,46,"45.50"
"Restaurant_823","Bangalore","Qsr (Quick Service)",46,45,"45.50"
"Restaurant_1433","Pune","Casual Dining",44,47,"45.50"
"Restaurant_1145","Delhi","Food Truck",52,39,"45.50"
"Restaurant_1879","Chennai","Cloud Kitchen",41,50,"45.50"
"Restaurant_229","Mumbai","Casual Dining",49,42,"45.50"
"Restaurant_709","Bangalore","Cloud Kitchen",44,47,"45.50"
"Restaurant_1405","Pune","Qsr (Quick Service)",43,48,"45.50"
"Restaurant_2126","Ahmedabad","Food Truck",45,46,"45.50"
"Restaurant_590","Bangalore","Casual Dining",43,47,"45.00"
"Restaurant_558","Bangalore","Qsr (Quick Service)",52,38,"45.00"
"Restaurant_2279","Ahmedabad","Qsr (Quick Service)",46,44,"45.00"
"Restaurant_553","Bangalore","Fine Dine",41,49,"45.00"
"Restaurant_291","Mumbai","Casual Dining",48,42,"45.00"
"Restaurant_1892","Chennai","Cloud Kitchen",43,47,"45.00"
"Restaurant_126","Mumbai","Fine Dine",42,48,"45.00"
"Restaurant_1278","Pune","Fine Dine",46,44,"45.00"
"Restaurant_639","Bangalore","Qsr (Quick Service)",52,38,"45.00"
"Restaurant_533","Bangalore","Food Truck",49,41,"45.00"
"Restaurant_1576","Hyderabad","Fine Dine",46,44,"45.00"
"Restaurant_1755","Chennai","Cloud Kitchen",46,44,"45.00"
"Restaurant_1356","Pune","Food Truck",47,43,"45.00"
"Restaurant_504","Bangalore","Cloud Kitchen",47,43,"45.00"
"Restaurant_2222","Ahmedabad","Food Truck",48,42,"45.00"
"Restaurant_1884","Chennai","Cloud Kitchen",42,48,"45.00"
"Restaurant_105","Mumbai","Qsr (Quick Service)",44,46,"45.00"
"Restaurant_2295","Jaipur","Cafe",42,48,"45.00"
"Restaurant_1375","Pune","Cafe",44,46,"45.00"
"Restaurant_2204","Ahmedabad","Qsr (Quick Service)",43,47,"45.00"
"Restaurant_98","Mumbai","Qsr (Quick Service)",49,41,"45.00"
"Restaurant_2184","Ahmedabad","Food Truck",43,47,"45.00"
"Restaurant_2455","Lucknow","Fine Dine",47,43,"45.00"
"Restaurant_755","Bangalore","Qsr (Quick Service)",41,49,"45.00"
"Restaurant_2074","Kolkata","Qsr (Quick Service)",47,43,"45.00"
"Restaurant_1184","Delhi","Casual Dining",47,43,"45.00"
"Restaurant_1554","Hyderabad","Casual Dining",40,50,"45.00"
"Restaurant_2317","Jaipur","Cloud Kitchen",43,47,"45.00"
"Restaurant_71","Mumbai","Fine Dine",39,51,"45.00"
"Restaurant_1055","Delhi","Food Truck",46,44,"45.00"
"Restaurant_1655","Hyderabad","Qsr (Quick Service)",44,46,"45.00"
"Restaurant_2149","Ahmedabad","Food Truck",43,47,"45.00"
"Restaurant_2146","Ahmedabad","Fine Dine",48,42,"45.00"
"Restaurant_824","Bangalore","Cafe",46,44,"45.00"
"Restaurant_1991","Kolkata","Cloud Kitchen",42,48,"45.00"
"Restaurant_856","Bangalore","Casual Dining",48,42,"45.00"
"Restaurant_48","Mumbai","Casual Dining",41,49,"45.00"
"Restaurant_1767","Chennai","Casual Dining",44,46,"45.00"
"Restaurant_1679","Hyderabad","Qsr (Quick Service)",42,48,"45.00"
"Restaurant_1734","Hyderabad","Fine Dine",48,42,"45.00"
"Restaurant_898","Delhi","Cloud Kitchen",47,43,"45.00"
"Restaurant_1106","Delhi","Qsr (Quick Service)",46,44,"45.00"
"Restaurant_236","Mumbai","Casual Dining",46,44,"45.00"
"Restaurant_1838","Chennai","Casual Dining",49,41,"45.00"
"Restaurant_1837","Chennai","Fine Dine",47,43,"45.00"
"Restaurant_327","Mumbai","Qsr (Quick Service)",45,45,"45.00"
"Restaurant_1070","Delhi","Fine Dine",50,40,"45.00"
"Restaurant_2071","Kolkata","Qsr (Quick Service)",43,47,"45.00"
"Restaurant_1819","Chennai","Qsr (Quick Service)",42,48,"45.00"
"Restaurant_2270","Ahmedabad","Cafe",45,45,"45.00"
"Restaurant_378","Mumbai","Qsr (Quick Service)",43,46,"44.50"
"Restaurant_1153","Delhi","Cloud Kitchen",44,45,"44.50"
"Restaurant_1336","Pune","Qsr (Quick Service)",47,42,"44.50"
"Restaurant_2333","Jaipur","Food Truck",44,45,"44.50"
"Restaurant_2484","Lucknow","Cloud Kitchen",46,43,"44.50"
"Restaurant_1147","Delhi","Qsr (Quick Service)",41,48,"44.50"
"Restaurant_1582","Hyderabad","Food Truck",46,43,"44.50"
"Restaurant_1015","Delhi","Qsr (Quick Service)",40,49,"44.50"
"Restaurant_1574","Hyderabad","Cafe",46,43,"44.50"
"Restaurant_1749","Chennai","Fine Dine",42,47,"44.50"
"Restaurant_21","Mumbai","Cafe",47,42,"44.50"
"Restaurant_1559","Hyderabad","Cloud Kitchen",37,52,"44.50"
"Restaurant_1633","Hyderabad","Food Truck",41,48,"44.50"
"Restaurant_729","Bangalore","Cafe",41,48,"44.50"
"Restaurant_2121","Ahmedabad","Cafe",46,43,"44.50"
"Restaurant_1486","Pune","Food Truck",42,47,"44.50"
"Restaurant_439","Mumbai","Fine Dine",50,39,"44.50"
"Restaurant_699","Bangalore","Qsr (Quick Service)",44,45,"44.50"
"Restaurant_756","Bangalore","Cloud Kitchen",48,41,"44.50"
"Restaurant_483","Bangalore","Cloud Kitchen",47,42,"44.50"
"Restaurant_2016","Kolkata","Casual Dining",47,42,"44.50"
"Restaurant_1928","Chennai","Cloud Kitchen",48,41,"44.50"
"Restaurant_1577","Hyderabad","Fine Dine",48,41,"44.50"
"Restaurant_2286","Jaipur","Fine Dine",47,42,"44.50"
"Restaurant_2420","Lucknow","Casual Dining",46,43,"44.50"
"Restaurant_1886","Chennai","Cloud Kitchen",50,39,"44.50"
"Restaurant_208","Mumbai","Qsr (Quick Service)",45,44,"44.50"
"Restaurant_1451","Pune","Casual Dining",43,46,"44.50"
"Restaurant_1604","Hyderabad","Cafe",42,47,"44.50"
"Restaurant_1052","Delhi","Cafe",46,43,"44.50"
"Restaurant_1725","Hyderabad","Food Truck",45,44,"44.50"
"Restaurant_449","Mumbai","Cafe",45,44,"44.50"
"Restaurant_1684","Hyderabad","Food Truck",41,48,"44.50"
"Restaurant_1334","Pune","Fine Dine",42,47,"44.50"
"Restaurant_1567","Hyderabad","Food Truck",47,42,"44.50"
"Restaurant_1493","Pune","Cloud Kitchen",48,41,"44.50"
"Restaurant_172","Mumbai","Fine Dine",40,49,"44.50"
"Restaurant_2496","Lucknow","Food Truck",48,41,"44.50"
"Restaurant_1741","Chennai","Casual Dining",45,44,"44.50"
"Restaurant_1163","Delhi","Qsr (Quick Service)",40,49,"44.50"
"Restaurant_774","Bangalore","Cafe",44,45,"44.50"
"Restaurant_1854","Chennai","Cafe",44,45,"44.50"
"Restaurant_1448","Pune","Casual Dining",50,39,"44.50"
"Restaurant_160","Mumbai","Qsr (Quick Service)",42,47,"44.50"
"Restaurant_405","Mumbai","Fine Dine",36,53,"44.50"
"Restaurant_894","Delhi","Cloud Kitchen",42,47,"44.50"
"Restaurant_2229","Ahmedabad","Casual Dining",44,45,"44.50"
"Restaurant_294","Mumbai","Fine Dine",53,35,"44.00"
"Restaurant_1075","Delhi","Cafe",49,39,"44.00"
"Restaurant_1321","Pune","Fine Dine",44,44,"44.00"
"Restaurant_2472","Lucknow","Cafe",45,43,"44.00"
"Restaurant_2038","Kolkata","Food Truck",44,44,"44.00"
"Restaurant_2093","Kolkata","Cafe",37,51,"44.00"
"Restaurant_123","Mumbai","Casual Dining",46,42,"44.00"
"Restaurant_534","Bangalore","Casual Dining",42,46,"44.00"
"Restaurant_125","Mumbai","Cafe",41,47,"44.00"
"Restaurant_326","Mumbai","Cafe",35,53,"44.00"
"Restaurant_217","Mumbai","Fine Dine",40,48,"44.00"
"Restaurant_1984","Kolkata","Fine Dine",39,49,"44.00"
"Restaurant_471","Bangalore","Cloud Kitchen",36,52,"44.00"
"Restaurant_1455","Pune","Food Truck",45,43,"44.00"
"Restaurant_1180","Delhi","Food Truck",47,41,"44.00"
"Restaurant_413","Mumbai","Fine Dine",40,48,"44.00"
"Restaurant_372","Mumbai","Cloud Kitchen",44,44,"44.00"
"Restaurant_867","Bangalore","Cloud Kitchen",44,44,"44.00"
"Restaurant_2344","Jaipur","Cafe",50,38,"44.00"
"Restaurant_1116","Delhi","Cloud Kitchen",47,41,"44.00"
"Restaurant_1112","Delhi","Qsr (Quick Service)",42,46,"44.00"
"Restaurant_2221","Ahmedabad","Cafe",41,47,"44.00"
"Restaurant_746","Bangalore","Fine Dine",49,39,"44.00"
"Restaurant_833","Bangalore","Fine Dine",47,41,"44.00"
"Restaurant_95","Mumbai","Cloud Kitchen",48,40,"44.00"
"Restaurant_893","Delhi","Qsr (Quick Service)",47,41,"44.00"
"Restaurant_2013","Kolkata","Fine Dine",44,44,"44.00"
"Restaurant_2281","Jaipur","Casual Dining",37,51,"44.00"
"Restaurant_262","Mumbai","Cloud Kitchen",47,41,"44.00"
"Restaurant_512","Bangalore","Cloud Kitchen",40,48,"44.00"
"Restaurant_904","Delhi","Casual Dining",44,44,"44.00"
"Restaurant_2384","Jaipur","Fine Dine",43,45,"44.00"
"Restaurant_441","Mumbai","Food Truck",41,47,"44.00"
"Restaurant_121","Mumbai","Food Truck",48,40,"44.00"
"Restaurant_134","Mumbai","Fine Dine",46,42,"44.00"
"Restaurant_340","Mumbai","Cloud Kitchen",43,45,"44.00"
"Restaurant_2280","Ahmedabad","Casual Dining",51,37,"44.00"
"Restaurant_1482","Pune","Cloud Kitchen",43,45,"44.00"
"Restaurant_1484","Pune","Cafe",47,41,"44.00"
"Restaurant_390","Mumbai","Food Truck",47,41,"44.00"
"Restaurant_156","Mumbai","Cafe",43,45,"44.00"
"Restaurant_2036","Kolkata","Food Truck",44,43,"43.50"
"Restaurant_421","Mumbai","Food Truck",45,42,"43.50"
"Restaurant_216","Mumbai","Cloud Kitchen",44,43,"43.50"
"Restaurant_1091","Delhi","Cloud Kitchen",48,39,"43.50"
"Restaurant_945","Delhi","Casual Dining",44,43,"43.50"
"Restaurant_2493","Lucknow","Cloud Kitchen",43,44,"43.50"
"Restaurant_1485","Pune","Fine Dine",40,47,"43.50"
"Restaurant_633","Bangalore","Casual Dining",46,41,"43.50"
"Restaurant_2334","Jaipur","Casual Dining",44,43,"43.50"
"Restaurant_1634","Hyderabad","Qsr (Quick Service)",36,51,"43.50"
"Restaurant_393","Mumbai","Casual Dining",51,36,"43.50"
"Restaurant_525","Bangalore","Food Truck",38,49,"43.50"
"Restaurant_289","Mumbai","Cloud Kitchen",37,50,"43.50"
"Restaurant_64","Mumbai","Food Truck",50,37,"43.50"
"Restaurant_1934","Chennai","Fine Dine",45,42,"43.50"
"Restaurant_1240","Delhi","Casual Dining",44,43,"43.50"
"Restaurant_45","Mumbai","Food Truck",41,46,"43.50"
"Restaurant_170","Mumbai","Cloud Kitchen",46,41,"43.50"
"Restaurant_1022","Delhi","Food Truck",52,35,"43.50"
"Restaurant_501","Bangalore","Food Truck",41,46,"43.50"
"Restaurant_1078","Delhi","Food Truck",45,42,"43.50"
"Restaurant_2134","Ahmedabad","Fine Dine",45,42,"43.50"
"Restaurant_1817","Chennai","Cloud Kitchen",42,45,"43.50"
"Restaurant_1558","Hyderabad","Qsr (Quick Service)",46,41,"43.50"
"Restaurant_943","Delhi","Cloud Kitchen",48,39,"43.50"
"Restaurant_2282","Jaipur","Fine Dine",45,42,"43.50"
"Restaurant_381","Mumbai","Food Truck",49,38,"43.50"
"Restaurant_1720","Hyderabad","Fine Dine",42,45,"43.50"
"Restaurant_1969","Kolkata","Fine Dine",47,40,"43.50"
"Restaurant_773","Bangalore","Casual Dining",45,42,"43.50"
"Restaurant_1897","Chennai","Cloud Kitchen",49,38,"43.50"
"Restaurant_438","Mumbai","Qsr (Quick Service)",44,43,"43.50"
"Restaurant_2233","Ahmedabad","Fine Dine",42,45,"43.50"
"Restaurant_899","Delhi","Food Truck",44,43,"43.50"
"Restaurant_20","Mumbai","Cafe",41,45,"43.00"
"Restaurant_2464","Lucknow","Cloud Kitchen",48,38,"43.00"
"Restaurant_616","Bangalore","Fine Dine",42,44,"43.00"
"Restaurant_2140","Ahmedabad","Food Truck",36,50,"43.00"
"Restaurant_62","Mumbai","Food Truck",39,47,"43.00"
"Restaurant_1757","Chennai","Food Truck",41,45,"43.00"
"Restaurant_1805","Chennai","Cloud Kitchen",43,43,"43.00"
"Restaurant_979","Delhi","Cafe",43,43,"43.00"
"Restaurant_261","Mumbai","Casual Dining",44,42,"43.00"
"Restaurant_1568","Hyderabad","Cloud Kitchen",46,40,"43.00"
"Restaurant_1949","Kolkata","Qsr (Quick Service)",47,39,"43.00"
"Restaurant_1996","Kolkata","Food Truck",42,44,"43.00"
"Restaurant_710","Bangalore","Fine Dine",44,42,"43.00"
"Restaurant_1665","Hyderabad","Cloud Kitchen",44,42,"43.00"
"Restaurant_1799","Chennai","Qsr (Quick Service)",42,44,"43.00"
"Restaurant_1812","Chennai","Qsr (Quick Service)",43,43,"43.00"
"Restaurant_1946","Kolkata","Food Truck",40,46,"43.00"
"Restaurant_2345","Jaipur","Cafe",43,43,"43.00"
"Restaurant_2300","Jaipur","Cafe",44,42,"43.00"
"Restaurant_186","Mumbai","Food Truck",43,43,"43.00"
"Restaurant_1372","Pune","Fine Dine",47,39,"43.00"
"Restaurant_1930","Chennai","Fine Dine",36,50,"43.00"
"Restaurant_114","Mumbai","Casual Dining",46,40,"43.00"
"Restaurant_674","Bangalore","Qsr (Quick Service)",42,44,"43.00"
"Restaurant_895","Delhi","Casual Dining",38,48,"43.00"
"Restaurant_583","Bangalore","Qsr (Quick Service)",42,44,"43.00"
"Restaurant_1543","Hyderabad","Cafe",38,48,"43.00"
"Restaurant_907","Delhi","Fine Dine",43,43,"43.00"
"Restaurant_2494","Lucknow","Cloud Kitchen",44,42,"43.00"
"Restaurant_2354","Jaipur","Casual Dining",42,44,"43.00"
"Restaurant_1539","Hyderabad","Cloud Kitchen",44,42,"43.00"
"Restaurant_2276","Ahmedabad","Cafe",42,44,"43.00"
"Restaurant_658","Bangalore","Casual Dining",40,46,"43.00"
"Restaurant_919","Delhi","Cloud Kitchen",42,44,"43.00"
"Restaurant_2029","Kolkata","Casual Dining",47,39,"43.00"
"Restaurant_1080","Delhi","Fine Dine",40,46,"43.00"
"Restaurant_1338","Pune","Qsr (Quick Service)",41,45,"43.00"
"Restaurant_1709","Hyderabad","Food Truck",39,47,"43.00"
"Restaurant_1064","Delhi","Food Truck",42,44,"43.00"
"Restaurant_1497","Pune","Cloud Kitchen",38,48,"43.00"
"Restaurant_1000","Delhi","Cloud Kitchen",44,42,"43.00"
"Restaurant_2366","Jaipur","Casual Dining",37,49,"43.00"
"Restaurant_426","Mumbai","Cloud Kitchen",44,42,"43.00"
"Restaurant_779","Bangalore","Food Truck",46,40,"43.00"
"Restaurant_162","Mumbai","Fine Dine",47,39,"43.00"
"Restaurant_300","Mumbai","Qsr (Quick Service)",46,40,"43.00"
"Restaurant_24","Mumbai","Cafe",44,42,"43.00"
"Restaurant_1155","Delhi","Cafe",44,42,"43.00"
"Restaurant_219","Mumbai","Cafe",47,39,"43.00"
"Restaurant_807","Bangalore","Fine Dine",43,43,"43.00"
"Restaurant_2160","Ahmedabad","Qsr (Quick Service)",44,42,"43.00"
"Restaurant_424","Mumbai","Food Truck",40,45,"42.50"
"Restaurant_253","Mumbai","Fine Dine",40,45,"42.50"
"Restaurant_264","Mumbai","Fine Dine",46,39,"42.50"
"Restaurant_302","Mumbai","Casual Dining",44,41,"42.50"
"Restaurant_490","Bangalore","Food Truck",43,42,"42.50"
"Restaurant_497","Bangalore","Cloud Kitchen",44,41,"42.50"
"Restaurant_520","Bangalore","Food Truck",38,47,"42.50"
"Restaurant_523","Bangalore","Cloud Kitchen",46,39,"42.50"
"Restaurant_536","Bangalore","Cloud Kitchen",44,41,"42.50"
"Restaurant_2287","Jaipur","Qsr (Quick Service)",45,40,"42.50"
"Restaurant_543","Bangalore","Food Truck",48,37,"42.50"
"Restaurant_651","Bangalore","Qsr (Quick Service)",40,45,"42.50"
"Restaurant_697","Bangalore","Casual Dining",41,44,"42.50"
"Restaurant_2210","Ahmedabad","Casual Dining",37,48,"42.50"
"Restaurant_2181","Ahmedabad","Fine Dine",43,42,"42.50"
"Restaurant_797","Bangalore","Casual Dining",43,42,"42.50"
"Restaurant_982","Delhi","Casual Dining",42,43,"42.50"
"Restaurant_1045","Delhi","Food Truck",47,38,"42.50"
"Restaurant_1061","Delhi","Cloud Kitchen",44,41,"42.50"
"Restaurant_1175","Delhi","Food Truck",42,43,"42.50"
"Restaurant_1217","Delhi","Fine Dine",40,45,"42.50"
"Restaurant_1230","Delhi","Cloud Kitchen",54,31,"42.50"
"Restaurant_1247","Delhi","Cloud Kitchen",48,37,"42.50"
"Restaurant_1254","Pune","Cloud Kitchen",44,41,"42.50"
"Restaurant_1309","Pune","Food Truck",40,45,"42.50"
"Restaurant_1340","Pune","Cafe",42,43,"42.50"
"Restaurant_1889","Chennai","Qsr (Quick Service)",42,43,"42.50"
"Restaurant_1362","Pune","Fine Dine",40,45,"42.50"
"Restaurant_1870","Chennai","Qsr (Quick Service)",40,45,"42.50"
"Restaurant_1530","Hyderabad","Fine Dine",46,39,"42.50"
"Restaurant_1533","Hyderabad","Food Truck",38,47,"42.50"
"Restaurant_1814","Chennai","Fine Dine",44,41,"42.50"
"Restaurant_1796","Chennai","Fine Dine",46,39,"42.50"
"Restaurant_1783","Chennai","Cafe",38,47,"42.50"
"Restaurant_1668","Hyderabad","Qsr (Quick Service)",40,45,"42.50"
"Restaurant_1688","Hyderabad","Fine Dine",44,41,"42.50"
"Restaurant_696","Bangalore","Casual Dining",40,44,"42.00"
"Restaurant_857","Bangalore","Casual Dining",38,46,"42.00"
"Restaurant_1131","Delhi","Qsr (Quick Service)",44,40,"42.00"
"Restaurant_1549","Hyderabad","Casual Dining",45,39,"42.00"
"Restaurant_2398","Jaipur","Qsr (Quick Service)",41,43,"42.00"
"Restaurant_178","Mumbai","Food Truck",39,45,"42.00"
"Restaurant_1335","Pune","Casual Dining",44,40,"42.00"
"Restaurant_1013","Delhi","Fine Dine",44,40,"42.00"
"Restaurant_971","Delhi","Fine Dine",43,41,"42.00"
"Restaurant_625","Bangalore","Cafe",41,43,"42.00"
"Restaurant_1736","Hyderabad","Cafe",44,40,"42.00"
"Restaurant_484","Bangalore","Fine Dine",38,46,"42.00"
"Restaurant_56","Mumbai","Casual Dining",47,37,"42.00"
"Restaurant_1878","Chennai","Fine Dine",43,41,"42.00"
"Restaurant_720","Bangalore","Cloud Kitchen",47,37,"42.00"
"Restaurant_2191","Ahmedabad","Qsr (Quick Service)",45,39,"42.00"
"Restaurant_560","Bangalore","Cloud Kitchen",40,44,"42.00"
"Restaurant_1062","Delhi","Qsr (Quick Service)",48,36,"42.00"
"Restaurant_1649","Hyderabad","Qsr (Quick Service)",43,41,"42.00"
"Restaurant_1203","Delhi","Fine Dine",41,43,"42.00"
"Restaurant_77","Mumbai","Cloud Kitchen",41,43,"42.00"
"Restaurant_1963","Kolkata","Food Truck",43,41,"42.00"
"Restaurant_82","Mumbai","Fine Dine",45,39,"42.00"
"Restaurant_2180","Ahmedabad","Cafe",44,40,"42.00"
"Restaurant_1037","Delhi","Food Truck",43,41,"42.00"
"Restaurant_2271","Ahmedabad","Food Truck",47,37,"42.00"
"Restaurant_2047","Kolkata","Food Truck",42,42,"42.00"
"Restaurant_343","Mumbai","Fine Dine",45,39,"42.00"
"Restaurant_1625","Hyderabad","Qsr (Quick Service)",35,49,"42.00"
"Restaurant_2443","Lucknow","Fine Dine",43,41,"42.00"
"Restaurant_1780","Chennai","Fine Dine",42,42,"42.00"
"Restaurant_1161","Delhi","Fine Dine",45,39,"42.00"
"Restaurant_1505","Hyderabad","Cloud Kitchen",42,42,"42.00"
"Restaurant_1032","Delhi","Food Truck",44,40,"42.00"
"Restaurant_1140","Delhi","Casual Dining",42,42,"42.00"
"Restaurant_1529","Hyderabad","Food Truck",39,45,"42.00"
"Restaurant_63","Mumbai","Cafe",37,46,"41.50"
"Restaurant_2171","Ahmedabad","Qsr (Quick Service)",38,45,"41.50"
"Restaurant_1059","Delhi","Cloud Kitchen",35,48,"41.50"
"Restaurant_74","Mumbai","Fine Dine",45,38,"41.50"
"Restaurant_1410","Pune","Fine Dine",34,49,"41.50"
"Restaurant_1477","Pune","Cafe",45,38,"41.50"
"Restaurant_1099","Delhi","Cloud Kitchen",42,41,"41.50"
"Restaurant_2106","Kolkata","Cafe",35,48,"41.50"
"Restaurant_1009","Delhi","Cafe",35,48,"41.50"
"Restaurant_1129","Delhi","Cloud Kitchen",42,41,"41.50"
"Restaurant_906","Delhi","Cloud Kitchen",46,37,"41.50"
"Restaurant_1750","Chennai","Qsr (Quick Service)",43,40,"41.50"
"Restaurant_1793","Chennai","Fine Dine",42,41,"41.50"
"Restaurant_901","Delhi","Qsr (Quick Service)",43,40,"41.50"
"Restaurant_1626","Hyderabad","Food Truck",43,40,"41.50"
"Restaurant_215","Mumbai","Qsr (Quick Service)",42,41,"41.50"
"Restaurant_645","Bangalore","Food Truck",41,42,"41.50"
"Restaurant_947","Delhi","Cafe",48,35,"41.50"
"Restaurant_2104","Kolkata","Fine Dine",43,40,"41.50"
"Restaurant_1339","Pune","Fine Dine",44,39,"41.50"
"Restaurant_2095","Kolkata","Casual Dining",44,39,"41.50"
"Restaurant_2231","Ahmedabad","Fine Dine",41,42,"41.50"
"Restaurant_547","Bangalore","Qsr (Quick Service)",40,43,"41.50"
"Restaurant_1645","Hyderabad","Cafe",47,36,"41.50"
"Restaurant_1789","Chennai","Cafe",42,41,"41.50"
"Restaurant_1902","Chennai","Fine Dine",42,41,"41.50"
"Restaurant_511","Bangalore","Food Truck",52,31,"41.50"
"Restaurant_793","Bangalore","Cloud Kitchen",41,42,"41.50"
"Restaurant_35","Mumbai","Cloud Kitchen",40,43,"41.50"
"Restaurant_595","Bangalore","Food Truck",41,42,"41.50"
"Restaurant_2207","Ahmedabad","Cafe",44,39,"41.50"
"Restaurant_502","Bangalore","Qsr (Quick Service)",43,40,"41.50"
"Restaurant_1225","Delhi","Cafe",41,42,"41.50"
"Restaurant_1847","Chennai","Cloud Kitchen",43,40,"41.50"
"Restaurant_1685","Hyderabad","Qsr (Quick Service)",39,44,"41.50"
"Restaurant_1001","Delhi","Cloud Kitchen",44,39,"41.50"
"Restaurant_668","Bangalore","Qsr (Quick Service)",39,44,"41.50"
"Restaurant_1035","Delhi","Cafe",38,45,"41.50"
"Restaurant_580","Bangalore","Fine Dine",45,38,"41.50"
"Restaurant_1206","Delhi","Cloud Kitchen",43,40,"41.50"
"Restaurant_1656","Hyderabad","Fine Dine",54,29,"41.50"
"Restaurant_2232","Ahmedabad","Food Truck",40,42,"41.00"
"Restaurant_1317","Pune","Casual Dining",43,39,"41.00"
"Restaurant_1315","Pune","Fine Dine",45,37,"41.00"
"Restaurant_2237","Ahmedabad","Cafe",41,41,"41.00"
"Restaurant_1302","Pune","Casual Dining",42,40,"41.00"
"Restaurant_632","Bangalore","Fine Dine",42,40,"41.00"
"Restaurant_1653","Hyderabad","Food Truck",51,31,"41.00"
"Restaurant_2453","Lucknow","Food Truck",41,41,"41.00"
"Restaurant_1775","Chennai","Casual Dining",39,43,"41.00"
"Restaurant_2449","Lucknow","Food Truck",36,46,"41.00"
"Restaurant_924","Delhi","Casual Dining",40,42,"41.00"
"Restaurant_1622","Hyderabad","Cloud Kitchen",39,43,"41.00"
"Restaurant_141","Mumbai","Cafe",45,37,"41.00"
"Restaurant_144","Mumbai","Fine Dine",46,36,"41.00"
"Restaurant_190","Mumbai","Casual Dining",37,45,"41.00"
"Restaurant_2063","Kolkata","Cafe",45,37,"41.00"
"Restaurant_228","Mumbai","Qsr (Quick Service)",33,49,"41.00"
"Restaurant_864","Bangalore","Food Truck",44,38,"41.00"
"Restaurant_1031","Delhi","Fine Dine",41,41,"41.00"
"Restaurant_234","Mumbai","Casual Dining",37,45,"41.00"
"Restaurant_1142","Delhi","Casual Dining",44,38,"41.00"
"Restaurant_315","Mumbai","Fine Dine",39,43,"41.00"
"Restaurant_1491","Pune","Cloud Kitchen",41,41,"41.00"
"Restaurant_1481","Pune","Cafe",40,42,"41.00"
"Restaurant_360","Mumbai","Cloud Kitchen",43,39,"41.00"
"Restaurant_365","Mumbai","Cloud Kitchen",41,41,"41.00"
"Restaurant_1176","Delhi","Casual Dining",39,43,"41.00"
"Restaurant_1462","Pune","Food Truck",45,37,"41.00"
"Restaurant_2330","Jaipur","Qsr (Quick Service)",41,41,"41.00"
"Restaurant_1196","Delhi","Qsr (Quick Service)",39,43,"41.00"
"Restaurant_431","Mumbai","Food Truck",44,38,"41.00"
"Restaurant_1411","Pune","Casual Dining",45,37,"41.00"
"Restaurant_2298","Jaipur","Fine Dine",44,38,"41.00"
"Restaurant_1369","Pune","Fine Dine",40,42,"41.00"
"Restaurant_503","Bangalore","Cloud Kitchen",39,43,"41.00"
"Restaurant_1756","Chennai","Casual Dining",44,38,"41.00"
"Restaurant_1358","Pune","Fine Dine",46,36,"41.00"
"Restaurant_528","Bangalore","Casual Dining",39,43,"41.00"
"Restaurant_1932","Chennai","Food Truck",39,43,"41.00"
"Restaurant_679","Bangalore","Cafe",46,36,"41.00"
"Restaurant_2151","Ahmedabad","Cloud Kitchen",44,37,"40.50"
"Restaurant_2305","Jaipur","Casual Dining",39,42,"40.50"
"Restaurant_1636","Hyderabad","Casual Dining",39,42,"40.50"
"Restaurant_1389","Pune","Fine Dine",43,38,"40.50"
"Restaurant_2131","Ahmedabad","Casual Dining",41,40,"40.50"
"Restaurant_274","Mumbai","Fine Dine",44,37,"40.50"
"Restaurant_1658","Hyderabad","Casual Dining",34,47,"40.50"
"Restaurant_2077","Kolkata","Casual Dining",42,39,"40.50"
"Restaurant_2339","Jaipur","Fine Dine",36,45,"40.50"
"Restaurant_2208","Ahmedabad","Qsr (Quick Service)",44,37,"40.50"
"Restaurant_460","Bangalore","Casual Dining",33,48,"40.50"
"Restaurant_564","Bangalore","Fine Dine",43,38,"40.50"
"Restaurant_1853","Chennai","Fine Dine",43,38,"40.50"
"Restaurant_94","Mumbai","Food Truck",39,42,"40.50"
"Restaurant_912","Delhi","Fine Dine",41,40,"40.50"
"Restaurant_860","Bangalore","Qsr (Quick Service)",46,35,"40.50"
"Restaurant_1427","Pune","Cafe",43,38,"40.50"
"Restaurant_1292","Pune","Cafe",42,39,"40.50"
"Restaurant_256","Mumbai","Qsr (Quick Service)",46,35,"40.50"
"Restaurant_1277","Pune","Fine Dine",39,42,"40.50"
"Restaurant_124","Mumbai","Qsr (Quick Service)",40,41,"40.50"
"Restaurant_447","Mumbai","Casual Dining",35,46,"40.50"
"Restaurant_2284","Jaipur","Food Truck",36,45,"40.50"
"Restaurant_13","Mumbai","Qsr (Quick Service)",44,37,"40.50"
"Restaurant_1711","Hyderabad","Food Truck",43,38,"40.50"
"Restaurant_188","Mumbai","Cloud Kitchen",38,43,"40.50"
"Restaurant_1510","Hyderabad","Fine Dine",37,44,"40.50"
"Restaurant_1475","Pune","Cafe",41,40,"40.50"
"Restaurant_2059","Kolkata","Cafe",39,42,"40.50"
"Restaurant_1941","Kolkata","Food Truck",43,38,"40.50"
"Restaurant_1019","Delhi","Cloud Kitchen",38,43,"40.50"
"Restaurant_1597","Hyderabad","Cloud Kitchen",42,39,"40.50"
"Restaurant_1948","Kolkata","Fine Dine",40,41,"40.50"
"Restaurant_1125","Delhi","Fine Dine",40,41,"40.50"
"Restaurant_1659","Hyderabad","Qsr (Quick Service)",46,35,"40.50"
"Restaurant_653","Bangalore","Qsr (Quick Service)",40,41,"40.50"
"Restaurant_1883","Chennai","Fine Dine",36,45,"40.50"
"Restaurant_2296","Jaipur","Casual Dining",41,40,"40.50"
"Restaurant_1908","Chennai","Food Truck",44,37,"40.50"
"Restaurant_968","Delhi","Cafe",39,42,"40.50"
"Restaurant_11","Mumbai","Fine Dine",36,45,"40.50"
"Restaurant_1110","Delhi","Cloud Kitchen",42,38,"40.00"
"Restaurant_1601","Hyderabad","Fine Dine",46,34,"40.00"
"Restaurant_1603","Hyderabad","Cafe",39,41,"40.00"
"Restaurant_2374","Jaipur","Fine Dine",42,38,"40.00"
"Restaurant_1507","Hyderabad","Casual Dining",47,33,"40.00"
"Restaurant_2021","Kolkata","Cafe",46,34,"40.00"
"Restaurant_310","Mumbai","Cafe",42,38,"40.00"
"Restaurant_320","Mumbai","Food Truck",41,39,"40.00"
"Restaurant_1699","Hyderabad","Qsr (Quick Service)",42,38,"40.00"
"Restaurant_1160","Delhi","Food Truck",40,40,"40.00"
"Restaurant_1088","Delhi","Qsr (Quick Service)",44,36,"40.00"
"Restaurant_790","Bangalore","Cafe",43,37,"40.00"
"Restaurant_2103","Kolkata","Cafe",38,42,"40.00"
"Restaurant_1841","Chennai","Cloud Kitchen",49,31,"40.00"
"Restaurant_1978","Kolkata","Food Truck",40,40,"40.00"
"Restaurant_1183","Delhi","Food Truck",40,40,"40.00"
"Restaurant_2343","Jaipur","Food Truck",36,44,"40.00"
"Restaurant_402","Mumbai","Food Truck",42,38,"40.00"
"Restaurant_1072","Delhi","Cloud Kitchen",36,44,"40.00"
"Restaurant_1331","Pune","Qsr (Quick Service)",41,39,"40.00"
"Restaurant_417","Mumbai","Qsr (Quick Service)",34,46,"40.00"
"Restaurant_2240","Ahmedabad","Qsr (Quick Service)",44,36,"40.00"
"Restaurant_1424","Pune","Qsr (Quick Service)",38,42,"40.00"
"Restaurant_1199","Delhi","Food Truck",47,33,"40.00"
"Restaurant_606","Bangalore","Cafe",40,40,"40.00"
"Restaurant_960","Delhi","Qsr (Quick Service)",41,39,"40.00"
"Restaurant_1397","Pune","Cloud Kitchen",47,33,"40.00"
"Restaurant_731","Bangalore","Fine Dine",39,41,"40.00"
"Restaurant_463","Bangalore","Qsr (Quick Service)",44,36,"40.00"
"Restaurant_1213","Delhi","Cafe",38,42,"40.00"
"Restaurant_464","Bangalore","Cafe",39,41,"40.00"
"Restaurant_1038","Delhi","Cafe",41,39,"40.00"
"Restaurant_2203","Ahmedabad","Cafe",38,42,"40.00"
"Restaurant_1023","Delhi","Food Truck",42,38,"40.00"
"Restaurant_1367","Pune","Fine Dine",38,42,"40.00"
"Restaurant_1663","Hyderabad","Cafe",38,42,"40.00"
"Restaurant_1580","Hyderabad","Casual Dining",48,32,"40.00"
"Restaurant_1578","Hyderabad","Cafe",38,42,"40.00"
"Restaurant_2407","Lucknow","Cafe",44,36,"40.00"
"Restaurant_1363","Pune","Cloud Kitchen",41,39,"40.00"
"Restaurant_205","Mumbai","Casual Dining",37,43,"40.00"
"Restaurant_1242","Delhi","Cafe",43,37,"40.00"
"Restaurant_896","Delhi","Food Truck",37,43,"40.00"
"Restaurant_2268","Ahmedabad","Food Truck",42,38,"40.00"
"Restaurant_2073","Kolkata","Food Truck",41,39,"40.00"
"Restaurant_2434","Lucknow","Cloud Kitchen",34,46,"40.00"
"Restaurant_231","Mumbai","Casual Dining",37,43,"40.00"
"Restaurant_2252","Ahmedabad","Cafe",41,39,"40.00"
"Restaurant_135","Mumbai","Food Truck",40,40,"40.00"
"Restaurant_2387","Jaipur","Qsr (Quick Service)",44,36,"40.00"
"Restaurant_344","Mumbai","Cloud Kitchen",36,43,"39.50"
"Restaurant_106","Mumbai","Cloud Kitchen",39,40,"39.50"
"Restaurant_1474","Pune","Food Truck",45,34,"39.50"
"Restaurant_276","Mumbai","Food Truck",36,43,"39.50"
"Restaurant_1628","Hyderabad","Casual Dining",42,37,"39.50"
"Restaurant_925","Delhi","Qsr (Quick Service)",41,38,"39.50"
"Restaurant_1323","Pune","Food Truck",40,39,"39.50"
"Restaurant_1143","Delhi","Food Truck",32,47,"39.50"
"Restaurant_157","Mumbai","Qsr (Quick Service)",38,41,"39.50"
"Restaurant_76","Mumbai","Qsr (Quick Service)",43,36,"39.50"
"Restaurant_951","Delhi","Cafe",37,42,"39.50"
"Restaurant_2368","Jaipur","Qsr (Quick Service)",40,39,"39.50"
"Restaurant_1025","Delhi","Fine Dine",44,35,"39.50"
"Restaurant_1017","Delhi","Cloud Kitchen",45,34,"39.50"
"Restaurant_2034","Kolkata","Casual Dining",36,43,"39.50"
"Restaurant_1988","Kolkata","Fine Dine",40,39,"39.50"
"Restaurant_1588","Hyderabad","Food Truck",38,41,"39.50"
"Restaurant_337","Mumbai","Food Truck",37,42,"39.50"
"Restaurant_330","Mumbai","Qsr (Quick Service)",42,37,"39.50"
"Restaurant_868","Bangalore","Qsr (Quick Service)",37,42,"39.50"
"Restaurant_991","Delhi","Fine Dine",42,37,"39.50"
"Restaurant_966","Delhi","Cloud Kitchen",35,44,"39.50"
"Restaurant_2340","Jaipur","Cloud Kitchen",38,41,"39.50"
"Restaurant_1028","Delhi","Cloud Kitchen",37,42,"39.50"
"Restaurant_1182","Delhi","Qsr (Quick Service)",46,33,"39.50"
"Restaurant_1220","Delhi","Qsr (Quick Service)",41,38,"39.50"
"Restaurant_373","Mumbai","Qsr (Quick Service)",38,41,"39.50"
"Restaurant_473","Bangalore","Cafe",37,42,"39.50"
"Restaurant_292","Mumbai","Cloud Kitchen",40,39,"39.50"
"Restaurant_1043","Delhi","Fine Dine",39,40,"39.50"
"Restaurant_1132","Delhi","Cloud Kitchen",36,43,"39.50"
"Restaurant_1899","Chennai","Cafe",42,37,"39.50"
"Restaurant_1913","Chennai","Food Truck",38,41,"39.50"
"Restaurant_2283","Jaipur","Qsr (Quick Service)",39,40,"39.50"
"Restaurant_2055","Kolkata","Qsr (Quick Service)",44,34,"39.00"
"Restaurant_1046","Delhi","Qsr (Quick Service)",44,34,"39.00"
"Restaurant_1048","Delhi","Cloud Kitchen",38,40,"39.00"
"Restaurant_963","Delhi","Cafe",36,42,"39.00"
"Restaurant_944","Delhi","Cafe",48,30,"39.00"
"Restaurant_1074","Delhi","Qsr (Quick Service)",34,44,"39.00"
"Restaurant_1098","Delhi","Casual Dining",41,37,"39.00"
"Restaurant_2114","Kolkata","Fine Dine",41,37,"39.00"
"Restaurant_1120","Delhi","Fine Dine",36,42,"39.00"
"Restaurant_863","Bangalore","Qsr (Quick Service)",44,34,"39.00"
"Restaurant_858","Bangalore","Cafe",40,38,"39.00"
"Restaurant_830","Bangalore","Fine Dine",37,41,"39.00"
"Restaurant_794","Bangalore","Casual Dining",38,40,"39.00"
"Restaurant_2166","Ahmedabad","Food Truck",43,35,"39.00"
"Restaurant_2176","Ahmedabad","Cloud Kitchen",42,36,"39.00"
"Restaurant_1977","Kolkata","Cafe",35,43,"39.00"
"Restaurant_760","Bangalore","Food Truck",38,40,"39.00"
"Restaurant_1955","Kolkata","Qsr (Quick Service)",42,36,"39.00"
"Restaurant_705","Bangalore","Cloud Kitchen",40,38,"39.00"
"Restaurant_1940","Chennai","Casual Dining",34,44,"39.00"
"Restaurant_1258","Pune","Cafe",35,43,"39.00"
"Restaurant_1260","Pune","Qsr (Quick Service)",37,41,"39.00"
"Restaurant_659","Bangalore","Fine Dine",44,34,"39.00"
"Restaurant_615","Bangalore","Casual Dining",37,41,"39.00"
"Restaurant_1304","Pune","Fine Dine",39,39,"39.00"
"Restaurant_1909","Chennai","Qsr (Quick Service)",42,36,"39.00"
"Restaurant_2267","Ahmedabad","Fine Dine",33,45,"39.00"
"Restaurant_545","Bangalore","Qsr (Quick Service)",41,37,"39.00"
"Restaurant_1745","Chennai","Cafe",35,43,"39.00"
"Restaurant_1360","Pune","Casual Dining",36,42,"39.00"
"Restaurant_513","Bangalore","Cloud Kitchen",44,34,"39.00"
"Restaurant_1364","Pune","Food Truck",44,34,"39.00"
"Restaurant_1872","Chennai","Cafe",35,43,"39.00"
"Restaurant_450","Mumbai","Food Truck",41,37,"39.00"
"Restaurant_2313","Jaipur","Casual Dining",38,40,"39.00"
"Restaurant_1425","Pune","Casual Dining",40,38,"39.00"
"Restaurant_415","Mumbai","Qsr (Quick Service)",38,40,"39.00"
"Restaurant_1470","Pune","Qsr (Quick Service)",41,37,"39.00"
"Restaurant_336","Mumbai","Fine Dine",45,33,"39.00"
"Restaurant_329","Mumbai","Cafe",41,37,"39.00"
"Restaurant_1821","Chennai","Cloud Kitchen",36,42,"39.00"
"Restaurant_1526","Hyderabad","Cloud Kitchen",42,36,"39.00"
"Restaurant_209","Mumbai","Food Truck",43,35,"39.00"
"Restaurant_183","Mumbai","Casual Dining",37,41,"39.00"
"Restaurant_147","Mumbai","Food Truck",35,43,"39.00"
"Restaurant_1623","Hyderabad","Cloud Kitchen",39,39,"39.00"
"Restaurant_85","Mumbai","Fine Dine",36,42,"39.00"
"Restaurant_693","Bangalore","Cafe",41,36,"38.50"
"Restaurant_1954","Kolkata","Fine Dine",40,37,"38.50"
"Restaurant_1329","Pune","Cloud Kitchen",33,44,"38.50"
"Restaurant_227","Mumbai","Cafe",33,44,"38.50"
"Restaurant_1378","Pune","Food Truck",37,40,"38.50"
"Restaurant_2053","Kolkata","Qsr (Quick Service)",41,36,"38.50"
"Restaurant_72","Mumbai","Qsr (Quick Service)",32,45,"38.50"
"Restaurant_959","Delhi","Fine Dine",40,37,"38.50"
"Restaurant_995","Delhi","Cafe",37,40,"38.50"
"Restaurant_1198","Delhi","Cafe",39,38,"38.50"
"Restaurant_380","Mumbai","Qsr (Quick Service)",36,41,"38.50"
"Restaurant_2399","Jaipur","Fine Dine",45,32,"38.50"
"Restaurant_2076","Kolkata","Qsr (Quick Service)",44,33,"38.50"
"Restaurant_1660","Hyderabad","Qsr (Quick Service)",36,41,"38.50"
"Restaurant_1227","Delhi","Casual Dining",35,42,"38.50"
"Restaurant_2234","Ahmedabad","Fine Dine",34,43,"38.50"
"Restaurant_325","Mumbai","Cloud Kitchen",40,37,"38.50"
"Restaurant_2173","Ahmedabad","Qsr (Quick Service)",34,43,"38.50"
"Restaurant_401","Mumbai","Cloud Kitchen",39,38,"38.50"
"Restaurant_1007","Delhi","Cafe",45,32,"38.50"
"Restaurant_1412","Pune","Food Truck",42,35,"38.50"
"Restaurant_1989","Kolkata","Casual Dining",42,35,"38.50"
"Restaurant_366","Mumbai","Food Truck",39,38,"38.50"
"Restaurant_1611","Hyderabad","Qsr (Quick Service)",35,42,"38.50"
"Restaurant_454","Bangalore","Fine Dine",42,35,"38.50"
"Restaurant_2448","Lucknow","Cloud Kitchen",44,33,"38.50"
"Restaurant_622","Bangalore","Qsr (Quick Service)",37,40,"38.50"
"Restaurant_1121","Delhi","Qsr (Quick Service)",45,32,"38.50"
"Restaurant_338","Mumbai","Food Truck",39,38,"38.50"
"Restaurant_1494","Pune","Fine Dine",35,42,"38.50"
"Restaurant_462","Bangalore","Food Truck",43,34,"38.50"
"Restaurant_1006","Delhi","Fine Dine",37,40,"38.50"
"Restaurant_805","Bangalore","Cafe",38,39,"38.50"
"Restaurant_550","Bangalore","Cloud Kitchen",36,41,"38.50"
"Restaurant_549","Bangalore","Cloud Kitchen",40,37,"38.50"
"Restaurant_874","Delhi","Cafe",37,40,"38.50"
"Restaurant_30","Mumbai","Food Truck",37,40,"38.50"
"Restaurant_43","Mumbai","Casual Dining",38,39,"38.50"
"Restaurant_244","Mumbai","Casual Dining",35,42,"38.50"
"Restaurant_1687","Hyderabad","Qsr (Quick Service)",37,40,"38.50"
"Restaurant_1823","Chennai","Cloud Kitchen",42,35,"38.50"
"Restaurant_10","Mumbai","Casual Dining",36,41,"38.50"
"Restaurant_1273","Pune","Cafe",42,35,"38.50"
"Restaurant_2311","Jaipur","Food Truck",38,38,"38.00"
"Restaurant_1972","Kolkata","Qsr (Quick Service)",41,35,"38.00"
"Restaurant_1976","Kolkata","Food Truck",38,38,"38.00"
"Restaurant_781","Bangalore","Fine Dine",41,35,"38.00"
"Restaurant_914","Delhi","Cafe",36,40,"38.00"
"Restaurant_2489","Lucknow","Fine Dine",34,42,"38.00"
"Restaurant_277","Mumbai","Cloud Kitchen",41,35,"38.00"
"Restaurant_213","Mumbai","Qsr (Quick Service)",40,36,"38.00"
"Restaurant_1555","Hyderabad","Food Truck",40,36,"38.00"
"Restaurant_2217","Ahmedabad","Food Truck",34,42,"38.00"
"Restaurant_204","Mumbai","Casual Dining",38,38,"38.00"
"Restaurant_532","Bangalore","Cloud Kitchen",40,36,"38.00"
"Restaurant_49","Mumbai","Cloud Kitchen",38,38,"38.00"
"Restaurant_700","Bangalore","Qsr (Quick Service)",39,37,"38.00"
"Restaurant_248","Mumbai","Cafe",35,41,"38.00"
"Restaurant_1719","Hyderabad","Cloud Kitchen",42,34,"38.00"
"Restaurant_1229","Delhi","Cloud Kitchen",40,36,"38.00"
"Restaurant_1371","Pune","Food Truck",43,33,"38.00"
"Restaurant_1511","Hyderabad","Fine Dine",36,40,"38.00"
"Restaurant_1571","Hyderabad","Qsr (Quick Service)",40,36,"38.00"
"Restaurant_1383","Pune","Cloud Kitchen",37,39,"38.00"
"Restaurant_647","Bangalore","Fine Dine",38,38,"38.00"
"Restaurant_862","Bangalore","Fine Dine",44,32,"38.00"
"Restaurant_804","Bangalore","Fine Dine",32,44,"38.00"
"Restaurant_1164","Delhi","Food Truck",32,44,"38.00"
"Restaurant_322","Mumbai","Fine Dine",37,39,"38.00"
"Restaurant_451","Bangalore","Fine Dine",35,41,"38.00"
"Restaurant_2188","Ahmedabad","Fine Dine",39,37,"38.00"
"Restaurant_1620","Hyderabad","Qsr (Quick Service)",37,39,"38.00"
"Restaurant_1027","Delhi","Fine Dine",42,34,"38.00"
"Restaurant_437","Mumbai","Cafe",38,38,"38.00"
"Restaurant_2060","Kolkata","Cafe",37,39,"38.00"
"Restaurant_2419","Lucknow","Food Truck",44,32,"38.00"
"Restaurant_235","Mumbai","Casual Dining",37,39,"38.00"
"Restaurant_1430","Pune","Casual Dining",36,40,"38.00"
"Restaurant_799","Bangalore","Food Truck",39,37,"38.00"
"Restaurant_1702","Hyderabad","Casual Dining",41,35,"38.00"
"Restaurant_411","Mumbai","Cloud Kitchen",40,36,"38.00"
"Restaurant_1391","Pune","Fine Dine",34,41,"37.50"
"Restaurant_1345","Pune","Fine Dine",45,30,"37.50"
"Restaurant_308","Mumbai","Cloud Kitchen",36,39,"37.50"
"Restaurant_1925","Chennai","Fine Dine",36,39,"37.50"
"Restaurant_594","Bangalore","Cafe",37,38,"37.50"
"Restaurant_333","Mumbai","Qsr (Quick Service)",35,40,"37.50"
"Restaurant_2125","Ahmedabad","Qsr (Quick Service)",45,30,"37.50"
"Restaurant_284","Mumbai","Qsr (Quick Service)",39,36,"37.50"
"Restaurant_2051","Kolkata","Cloud Kitchen",35,40,"37.50"
"Restaurant_733","Bangalore","Cloud Kitchen",39,36,"37.50"
"Restaurant_425","Mumbai","Qsr (Quick Service)",40,35,"37.50"
"Restaurant_459","Bangalore","Qsr (Quick Service)",42,33,"37.50"
"Restaurant_1614","Hyderabad","Cafe",39,36,"37.50"
"Restaurant_2417","Lucknow","Cafe",35,40,"37.50"
"Restaurant_224","Mumbai","Cafe",40,35,"37.50"
"Restaurant_1910","Chennai","Cloud Kitchen",35,40,"37.50"
"Restaurant_242","Mumbai","Fine Dine",36,39,"37.50"
"Restaurant_780","Bangalore","Food Truck",37,38,"37.50"
"Restaurant_1584","Hyderabad","Cloud Kitchen",36,39,"37.50"
"Restaurant_1454","Pune","Casual Dining",36,39,"37.50"
"Restaurant_2031","Kolkata","Fine Dine",35,40,"37.50"
"Restaurant_2116","Kolkata","Fine Dine",41,34,"37.50"
"Restaurant_1522","Hyderabad","Cafe",30,45,"37.50"
"Restaurant_128","Mumbai","Casual Dining",42,33,"37.50"
"Restaurant_2429","Lucknow","Casual Dining",41,34,"37.50"
"Restaurant_1431","Pune","Qsr (Quick Service)",38,37,"37.50"
"Restaurant_913","Delhi","Qsr (Quick Service)",40,35,"37.50"
"Restaurant_388","Mumbai","Qsr (Quick Service)",40,35,"37.50"
"Restaurant_418","Mumbai","Cafe",37,38,"37.50"
"Restaurant_127","Mumbai","Cloud Kitchen",33,42,"37.50"
"Restaurant_2235","Ahmedabad","Cafe",46,29,"37.50"
"Restaurant_888","Delhi","Cloud Kitchen",38,37,"37.50"
"Restaurant_1947","Kolkata","Cloud Kitchen",40,35,"37.50"
"Restaurant_212","Mumbai","Fine Dine",39,36,"37.50"
"Restaurant_1237","Delhi","Cafe",34,41,"37.50"
"Restaurant_972","Delhi","Fine Dine",38,37,"37.50"
"Restaurant_514","Bangalore","Cloud Kitchen",38,37,"37.50"
"Restaurant_1281","Pune","Cafe",38,37,"37.50"
"Restaurant_592","Bangalore","Casual Dining",39,36,"37.50"
"Restaurant_383","Mumbai","Cloud Kitchen",37,38,"37.50"
"Restaurant_1751","Chennai","Food Truck",31,44,"37.50"
"Restaurant_129","Mumbai","Casual Dining",37,38,"37.50"
"Restaurant_2303","Jaipur","Casual Dining",34,41,"37.50"
"Restaurant_916","Delhi","Fine Dine",32,43,"37.50"
"Restaurant_2003","Kolkata","Fine Dine",38,37,"37.50"
"Restaurant_189","Mumbai","Cloud Kitchen",31,44,"37.50"
"Restaurant_1386","Pune","Cafe",38,37,"37.50"
"Restaurant_297","Mumbai","Food Truck",34,41,"37.50"
"Restaurant_1002","Delhi","Cafe",42,33,"37.50"
"Restaurant_1042","Delhi","Fine Dine",38,37,"37.50"
"Restaurant_1076","Delhi","Fine Dine",37,38,"37.50"
"Restaurant_832","Bangalore","Food Truck",43,31,"37.00"
"Restaurant_977","Delhi","Casual Dining",38,36,"37.00"
"Restaurant_2382","Jaipur","Food Truck",34,40,"37.00"
"Restaurant_246","Mumbai","Casual Dining",33,41,"37.00"
"Restaurant_1259","Pune","Qsr (Quick Service)",32,42,"37.00"
"Restaurant_629","Bangalore","Food Truck",37,37,"37.00"
"Restaurant_1761","Chennai","Food Truck",33,41,"37.00"
"Restaurant_669","Bangalore","Food Truck",33,41,"37.00"
"Restaurant_524","Bangalore","Qsr (Quick Service)",33,41,"37.00"
"Restaurant_522","Bangalore","Cloud Kitchen",42,32,"37.00"
"Restaurant_54","Mumbai","Qsr (Quick Service)",31,43,"37.00"
"Restaurant_492","Bangalore","Casual Dining",36,38,"37.00"
"Restaurant_482","Bangalore","Qsr (Quick Service)",35,39,"37.00"
"Restaurant_1724","Hyderabad","Food Truck",36,38,"37.00"
"Restaurant_475","Bangalore","Qsr (Quick Service)",38,36,"37.00"
"Restaurant_2202","Ahmedabad","Qsr (Quick Service)",39,35,"37.00"
"Restaurant_1959","Kolkata","Qsr (Quick Service)",41,33,"37.00"
"Restaurant_1871","Chennai","Casual Dining",44,30,"37.00"
"Restaurant_2309","Jaipur","Fine Dine",38,36,"37.00"
"Restaurant_2312","Jaipur","Cloud Kitchen",34,40,"37.00"
"Restaurant_2442","Lucknow","Food Truck",39,35,"37.00"
"Restaurant_2329","Jaipur","Fine Dine",35,39,"37.00"
"Restaurant_764","Bangalore","Food Truck",29,45,"37.00"
"Restaurant_776","Bangalore","Cloud Kitchen",34,40,"37.00"
"Restaurant_370","Mumbai","Cloud Kitchen",37,37,"37.00"
"Restaurant_1722","Hyderabad","Qsr (Quick Service)",32,42,"37.00"
"Restaurant_2353","Jaipur","Cafe",34,40,"37.00"
"Restaurant_585","Bangalore","Cloud Kitchen",31,43,"37.00"
"Restaurant_798","Bangalore","Fine Dine",41,33,"37.00"
"Restaurant_2422","Lucknow","Fine Dine",31,43,"37.00"
"Restaurant_1697","Hyderabad","Casual Dining",39,35,"37.00"
"Restaurant_1583","Hyderabad","Cloud Kitchen",38,36,"37.00"
"Restaurant_802","Bangalore","Casual Dining",39,35,"37.00"
"Restaurant_2415","Lucknow","Qsr (Quick Service)",37,37,"37.00"
"Restaurant_1154","Delhi","Qsr (Quick Service)",40,34,"37.00"
"Restaurant_194","Mumbai","Fine Dine",40,34,"37.00"
"Restaurant_1296","Pune","Fine Dine",37,37,"37.00"
"Restaurant_2404","Lucknow","Food Truck",36,38,"37.00"
"Restaurant_1808","Chennai","Casual Dining",39,35,"37.00"
"Restaurant_1758","Chennai","Fine Dine",37,36,"36.50"
"Restaurant_1092","Delhi","Food Truck",30,43,"36.50"
"Restaurant_285","Mumbai","Cafe",43,30,"36.50"
"Restaurant_1862","Chennai","Casual Dining",40,33,"36.50"
"Restaurant_974","Delhi","Cloud Kitchen",34,39,"36.50"
"Restaurant_688","Bangalore","Qsr (Quick Service)",37,36,"36.50"
"Restaurant_2022","Kolkata","Qsr (Quick Service)",38,35,"36.50"
"Restaurant_1831","Chennai","Cloud Kitchen",44,29,"36.50"
"Restaurant_1779","Chennai","Fine Dine",37,36,"36.50"
"Restaurant_1089","Delhi","Casual Dining",31,42,"36.50"
"Restaurant_667","Bangalore","Fine Dine",37,36,"36.50"
"Restaurant_1678","Hyderabad","Casual Dining",36,37,"36.50"
"Restaurant_321","Mumbai","Food Truck",37,36,"36.50"
"Restaurant_2308","Jaipur","Cloud Kitchen",34,39,"36.50"
"Restaurant_1306","Pune","Casual Dining",40,33,"36.50"
"Restaurant_933","Delhi","Cafe",42,31,"36.50"
"Restaurant_313","Mumbai","Qsr (Quick Service)",37,36,"36.50"
"Restaurant_2397","Jaipur","Cafe",38,35,"36.50"
"Restaurant_2263","Ahmedabad","Cafe",34,39,"36.50"
"Restaurant_1282","Pune","Food Truck",32,41,"36.50"
"Restaurant_1718","Hyderabad","Fine Dine",38,35,"36.50"
"Restaurant_934","Delhi","Casual Dining",35,38,"36.50"
"Restaurant_985","Delhi","Qsr (Quick Service)",34,39,"36.50"
"Restaurant_295","Mumbai","Cloud Kitchen",29,44,"36.50"
"Restaurant_1065","Delhi","Qsr (Quick Service)",33,40,"36.50"
"Restaurant_2301","Jaipur","Cafe",31,42,"36.50"
"Restaurant_2006","Kolkata","Cafe",36,37,"36.50"
"Restaurant_666","Bangalore","Fine Dine",41,32,"36.50"
"Restaurant_665","Bangalore","Food Truck",37,36,"36.50"
"Restaurant_844","Bangalore","Fine Dine",35,38,"36.50"
"Restaurant_1105","Delhi","Cafe",41,32,"36.50"
"Restaurant_480","Bangalore","Fine Dine",38,35,"36.50"
"Restaurant_1101","Delhi","Cafe",37,36,"36.50"
"Restaurant_1450","Pune","Casual Dining",29,44,"36.50"
"Restaurant_1661","Hyderabad","Fine Dine",35,38,"36.50"
"Restaurant_1607","Hyderabad","Cloud Kitchen",35,38,"36.50"
"Restaurant_2168","Ahmedabad","Food Truck",35,38,"36.50"
"Restaurant_1935","Chennai","Casual Dining",40,33,"36.50"
"Restaurant_1350","Pune","Food Truck",31,42,"36.50"
"Restaurant_1609","Hyderabad","Food Truck",34,39,"36.50"
"Restaurant_1191","Delhi","Food Truck",36,37,"36.50"
"Restaurant_1436","Pune","Fine Dine",36,37,"36.50"
"Restaurant_2327","Jaipur","Casual Dining",37,36,"36.50"
"Restaurant_808","Bangalore","Cloud Kitchen",42,30,"36.00"
"Restaurant_1316","Pune","Fine Dine",36,36,"36.00"
"Restaurant_1322","Pune","Food Truck",37,35,"36.00"
"Restaurant_552","Bangalore","Fine Dine",35,37,"36.00"
"Restaurant_521","Bangalore","Casual Dining",29,43,"36.00"
"Restaurant_711","Bangalore","Casual Dining",37,35,"36.00"
"Restaurant_1875","Chennai","Casual Dining",34,38,"36.00"
"Restaurant_727","Bangalore","Qsr (Quick Service)",31,41,"36.00"
"Restaurant_1395","Pune","Casual Dining",39,33,"36.00"
"Restaurant_1396","Pune","Cloud Kitchen",34,38,"36.00"
"Restaurant_2190","Ahmedabad","Fine Dine",39,33,"36.00"
"Restaurant_744","Bangalore","Qsr (Quick Service)",42,30,"36.00"
"Restaurant_2322","Jaipur","Fine Dine",37,35,"36.00"
"Restaurant_2177","Ahmedabad","Casual Dining",36,36,"36.00"
"Restaurant_352","Mumbai","Cloud Kitchen",33,39,"36.00"
"Restaurant_785","Bangalore","Cloud Kitchen",36,36,"36.00"
"Restaurant_2163","Ahmedabad","Casual Dining",34,38,"36.00"
"Restaurant_1509","Hyderabad","Cloud Kitchen",45,27,"36.00"
"Restaurant_2377","Jaipur","Qsr (Quick Service)",35,37,"36.00"
"Restaurant_268","Mumbai","Cafe",32,40,"36.00"
"Restaurant_1707","Hyderabad","Qsr (Quick Service)",39,33,"36.00"
"Restaurant_1551","Hyderabad","Casual Dining",36,36,"36.00"
"Restaurant_1556","Hyderabad","Casual Dining",42,30,"36.00"
"Restaurant_1809","Chennai","Casual Dining",34,38,"36.00"
"Restaurant_866","Bangalore","Food Truck",37,35,"36.00"
"Restaurant_2054","Kolkata","Casual Dining",36,36,"36.00"
"Restaurant_1114","Delhi","Cafe",37,35,"36.00"
"Restaurant_151","Mumbai","Casual Dining",34,38,"36.00"
"Restaurant_2427","Lucknow","Cloud Kitchen",38,34,"36.00"
"Restaurant_18","Mumbai","Food Truck",37,35,"36.00"
"Restaurant_1599","Hyderabad","Cloud Kitchen",37,35,"36.00"
"Restaurant_1082","Delhi","Qsr (Quick Service)",32,40,"36.00"
"Restaurant_113","Mumbai","Qsr (Quick Service)",35,37,"36.00"
"Restaurant_935","Delhi","Casual Dining",40,32,"36.00"
"Restaurant_92","Mumbai","Food Truck",41,31,"36.00"
"Restaurant_939","Delhi","Food Truck",35,37,"36.00"
"Restaurant_80","Mumbai","Food Truck",32,40,"36.00"
"Restaurant_1650","Hyderabad","Cloud Kitchen",35,37,"36.00"
"Restaurant_2478","Lucknow","Food Truck",42,30,"36.00"
"Restaurant_1760","Chennai","Cafe",31,41,"36.00"
"Restaurant_630","Bangalore","Food Truck",34,38,"36.00"
"Restaurant_2257","Ahmedabad","Casual Dining",33,39,"36.00"
"Restaurant_923","Delhi","Food Truck",36,35,"35.50"
"Restaurant_980","Delhi","Fine Dine",33,38,"35.50"
"Restaurant_1159","Delhi","Cloud Kitchen",29,42,"35.50"
"Restaurant_926","Delhi","Cafe",43,28,"35.50"
"Restaurant_1380","Pune","Cloud Kitchen",34,37,"35.50"
"Restaurant_2264","Ahmedabad","Qsr (Quick Service)",36,35,"35.50"
"Restaurant_331","Mumbai","Cloud Kitchen",39,32,"35.50"
"Restaurant_1869","Chennai","Food Truck",32,39,"35.50"
"Restaurant_932","Delhi","Cafe",35,36,"35.50"
"Restaurant_1644","Hyderabad","Qsr (Quick Service)",38,33,"35.50"
"Restaurant_1214","Delhi","Food Truck",36,35,"35.50"
"Restaurant_1387","Pune","Food Truck",37,34,"35.50"
"Restaurant_103","Mumbai","Casual Dining",35,36,"35.50"
"Restaurant_87","Mumbai","Cafe",27,44,"35.50"
"Restaurant_719","Bangalore","Cafe",36,35,"35.50"
"Restaurant_2265","Ahmedabad","Qsr (Quick Service)",38,33,"35.50"
"Restaurant_2035","Kolkata","Casual Dining",34,37,"35.50"
"Restaurant_638","Bangalore","Casual Dining",36,35,"35.50"
"Restaurant_2142","Ahmedabad","Food Truck",36,35,"35.50"
"Restaurant_2119","Kolkata","Food Truck",33,38,"35.50"
"Restaurant_1915","Chennai","Qsr (Quick Service)",39,32,"35.50"
"Restaurant_283","Mumbai","Cafe",33,38,"35.50"
"Restaurant_1473","Pune","Qsr (Quick Service)",35,36,"35.50"
"Restaurant_265","Mumbai","Cloud Kitchen",37,34,"35.50"
"Restaurant_656","Bangalore","Casual Dining",38,33,"35.50"
"Restaurant_301","Mumbai","Casual Dining",35,36,"35.50"
"Restaurant_2410","Lucknow","Qsr (Quick Service)",40,31,"35.50"
"Restaurant_350","Mumbai","Cloud Kitchen",35,36,"35.50"
"Restaurant_1548","Hyderabad","Qsr (Quick Service)",29,42,"35.50"
"Restaurant_1541","Hyderabad","Cloud Kitchen",40,31,"35.50"
"Restaurant_2112","Kolkata","Fine Dine",35,36,"35.50"
"Restaurant_1990","Kolkata","Cloud Kitchen",33,38,"35.50"
"Restaurant_910","Delhi","Fine Dine",37,34,"35.50"
"Restaurant_1498","Pune","Qsr (Quick Service)",37,34,"35.50"
"Restaurant_662","Bangalore","Qsr (Quick Service)",41,30,"35.50"
"Restaurant_1285","Pune","Cloud Kitchen",35,36,"35.50"
"Restaurant_1903","Chennai","Food Truck",32,39,"35.50"
"Restaurant_2148","Ahmedabad","Cafe",36,35,"35.50"
"Restaurant_2278","Ahmedabad","Casual Dining",32,39,"35.50"
"Restaurant_396","Mumbai","Casual Dining",38,33,"35.50"
"Restaurant_403","Mumbai","Fine Dine",40,31,"35.50"
"Restaurant_406","Mumbai","Cloud Kitchen",36,35,"35.50"
"Restaurant_654","Bangalore","Casual Dining",37,34,"35.50"
"Restaurant_1937","Chennai","Cafe",35,36,"35.50"
"Restaurant_489","Bangalore","Fine Dine",40,31,"35.50"
"Restaurant_975","Delhi","Qsr (Quick Service)",32,39,"35.50"
"Restaurant_1051","Delhi","Cloud Kitchen",35,36,"35.50"
"Restaurant_3","Mumbai","Fine Dine",34,37,"35.50"
"Restaurant_2492","Lucknow","Cloud Kitchen",37,34,"35.50"
"Restaurant_1197","Delhi","Fine Dine",35,36,"35.50"
"Restaurant_815","Bangalore","Food Truck",36,35,"35.50"
"Restaurant_1157","Delhi","Food Truck",40,31,"35.50"
"Restaurant_442","Mumbai","Food Truck",36,35,"35.50"
"Restaurant_1056","Delhi","Qsr (Quick Service)",42,29,"35.50"
"Restaurant_444","Mumbai","Fine Dine",32,39,"35.50"
"Restaurant_712","Bangalore","Casual Dining",37,34,"35.50"
"Restaurant_243","Mumbai","Food Truck",33,37,"35.00"
"Restaurant_816","Bangalore","Qsr (Quick Service)",35,35,"35.00"
"Restaurant_1759","Chennai","Qsr (Quick Service)",37,33,"35.00"
"Restaurant_1113","Delhi","Cafe",39,31,"35.00"
"Restaurant_2359","Jaipur","Qsr (Quick Service)",36,34,"35.00"
"Restaurant_6","Mumbai","Food Truck",39,31,"35.00"
"Restaurant_1265","Pune","Qsr (Quick Service)",31,39,"35.00"
"Restaurant_993","Delhi","Cloud Kitchen",36,34,"35.00"
"Restaurant_2069","Kolkata","Cloud Kitchen",38,32,"35.00"
"Restaurant_1461","Pune","Cafe",32,38,"35.00"
"Restaurant_609","Bangalore","Cloud Kitchen",36,34,"35.00"
"Restaurant_132","Mumbai","Qsr (Quick Service)",35,35,"35.00"
"Restaurant_2341","Jaipur","Cloud Kitchen",32,38,"35.00"
"Restaurant_2321","Jaipur","Food Truck",41,29,"35.00"
"Restaurant_1863","Chennai","Cloud Kitchen",35,35,"35.00"
"Restaurant_119","Mumbai","Casual Dining",39,31,"35.00"
"Restaurant_117","Mumbai","Fine Dine",25,45,"35.00"
"Restaurant_745","Bangalore","Food Truck",43,27,"35.00"
"Restaurant_1275","Pune","Cafe",37,33,"35.00"
"Restaurant_1646","Hyderabad","Cafe",36,34,"35.00"
"Restaurant_2084","Kolkata","Cloud Kitchen",32,38,"35.00"
"Restaurant_2080","Kolkata","Cafe",37,33,"35.00"
"Restaurant_958","Delhi","Cafe",32,38,"35.00"
"Restaurant_2075","Kolkata","Casual Dining",40,30,"35.00"
"Restaurant_706","Bangalore","Cafe",30,40,"35.00"
"Restaurant_994","Delhi","Food Truck",36,34,"35.00"
"Restaurant_2470","Lucknow","Cloud Kitchen",38,32,"35.00"
"Restaurant_970","Delhi","Food Truck",34,36,"35.00"
"Restaurant_2477","Lucknow","Food Truck",39,31,"35.00"
"Restaurant_1667","Hyderabad","Cafe",36,34,"35.00"
"Restaurant_1735","Hyderabad","Casual Dining",35,35,"35.00"
"Restaurant_2481","Lucknow","Food Truck",36,34,"35.00"
"Restaurant_1717","Hyderabad","Cafe",32,38,"35.00"
"Restaurant_2261","Ahmedabad","Food Truck",35,35,"35.00"
"Restaurant_561","Bangalore","Casual Dining",36,34,"35.00"
"Restaurant_2386","Jaipur","Cloud Kitchen",36,34,"35.00"
"Restaurant_1284","Pune","Food Truck",43,27,"35.00"
"Restaurant_2057","Kolkata","Cafe",33,37,"35.00"
"Restaurant_245","Mumbai","Casual Dining",35,34,"34.50"
"Restaurant_2381","Jaipur","Casual Dining",38,31,"34.50"
"Restaurant_1123","Delhi","Food Truck",28,41,"34.50"
"Restaurant_1746","Chennai","Cafe",37,32,"34.50"
"Restaurant_1238","Delhi","Qsr (Quick Service)",35,34,"34.50"
"Restaurant_408","Mumbai","Fine Dine",36,33,"34.50"
"Restaurant_875","Delhi","Casual Dining",34,35,"34.50"
"Restaurant_2246","Ahmedabad","Casual Dining",30,39,"34.50"
"Restaurant_1348","Pune","Food Truck",34,35,"34.50"
"Restaurant_1787","Chennai","Cafe",28,41,"34.50"
"Restaurant_1766","Chennai","Cloud Kitchen",29,40,"34.50"
"Restaurant_1330","Pune","Casual Dining",36,33,"34.50"
"Restaurant_2480","Lucknow","Cafe",36,33,"34.50"
"Restaurant_1310","Pune","Cafe",30,39,"34.50"
"Restaurant_1818","Chennai","Casual Dining",31,38,"34.50"
"Restaurant_765","Bangalore","Cafe",30,39,"34.50"
"Restaurant_131","Mumbai","Fine Dine",31,38,"34.50"
"Restaurant_293","Mumbai","Casual Dining",28,41,"34.50"
"Restaurant_1016","Delhi","Qsr (Quick Service)",39,30,"34.50"
"Restaurant_376","Mumbai","Food Truck",36,33,"34.50"
"Restaurant_871","Delhi","Casual Dining",36,33,"34.50"
"Restaurant_93","Mumbai","Casual Dining",34,35,"34.50"
"Restaurant_102","Mumbai","Casual Dining",35,34,"34.50"
"Restaurant_2451","Lucknow","Cafe",39,30,"34.50"
"Restaurant_936","Delhi","Cafe",32,37,"34.50"
"Restaurant_458","Bangalore","Casual Dining",39,30,"34.50"
"Restaurant_849","Bangalore","Cloud Kitchen",35,34,"34.50"
"Restaurant_1311","Pune","Cafe",35,34,"34.50"
"Restaurant_2245","Ahmedabad","Cloud Kitchen",38,31,"34.50"
"Restaurant_1222","Delhi","Casual Dining",32,37,"34.50"
"Restaurant_1177","Delhi","Food Truck",34,35,"34.50"
"Restaurant_34","Mumbai","Cloud Kitchen",34,35,"34.50"
"Restaurant_608","Bangalore","Cloud Kitchen",41,28,"34.50"
"Restaurant_1512","Hyderabad","Casual Dining",33,36,"34.50"
"Restaurant_1538","Hyderabad","Fine Dine",36,33,"34.50"
"Restaurant_1952","Kolkata","Food Truck",34,35,"34.50"
"Restaurant_446","Mumbai","Cloud Kitchen",35,34,"34.50"
"Restaurant_1619","Hyderabad","Food Truck",33,36,"34.50"
"Restaurant_1194","Delhi","Cloud Kitchen",35,34,"34.50"
"Restaurant_757","Bangalore","Food Truck",30,39,"34.50"
"Restaurant_2357","Jaipur","Qsr (Quick Service)",34,35,"34.50"
"Restaurant_1","Mumbai","Cafe",35,33,"34.00"
"Restaurant_78","Mumbai","Cafe",37,31,"34.00"
"Restaurant_175","Mumbai","Cloud Kitchen",37,31,"34.00"
"Restaurant_211","Mumbai","Qsr (Quick Service)",29,39,"34.00"
"Restaurant_298","Mumbai","Casual Dining",33,35,"34.00"
"Restaurant_339","Mumbai","Cafe",32,36,"34.00"
"Restaurant_358","Mumbai","Fine Dine",31,37,"34.00"
"Restaurant_500","Bangalore","Qsr (Quick Service)",32,36,"34.00"
"Restaurant_517","Bangalore","Fine Dine",35,33,"34.00"
"Restaurant_570","Bangalore","Qsr (Quick Service)",37,31,"34.00"
"Restaurant_613","Bangalore","Cafe",32,36,"34.00"
"Restaurant_628","Bangalore","Qsr (Quick Service)",28,40,"34.00"
"Restaurant_739","Bangalore","Fine Dine",32,36,"34.00"
"Restaurant_753","Bangalore","Cloud Kitchen",34,34,"34.00"
"Restaurant_841","Bangalore","Qsr (Quick Service)",36,32,"34.00"
"Restaurant_883","Delhi","Cafe",32,36,"34.00"
"Restaurant_886","Delhi","Fine Dine",32,36,"34.00"
"Restaurant_903","Delhi","Casual Dining",26,42,"34.00"
"Restaurant_1011","Delhi","Casual Dining",30,38,"34.00"
"Restaurant_1026","Delhi","Qsr (Quick Service)",43,25,"34.00"
"Restaurant_1040","Delhi","Food Truck",29,39,"34.00"
"Restaurant_1060","Delhi","Cloud Kitchen",33,35,"34.00"
"Restaurant_1146","Delhi","Food Truck",32,36,"34.00"
"Restaurant_1156","Delhi","Food Truck",31,37,"34.00"
"Restaurant_1308","Pune","Casual Dining",33,35,"34.00"
"Restaurant_1326","Pune","Casual Dining",32,36,"34.00"
"Restaurant_1346","Pune","Food Truck",32,36,"34.00"
"Restaurant_1444","Pune","Casual Dining",32,36,"34.00"
"Restaurant_1467","Pune","Qsr (Quick Service)",30,38,"34.00"
"Restaurant_1479","Pune","Casual Dining",41,27,"34.00"
"Restaurant_1714","Hyderabad","Qsr (Quick Service)",40,28,"34.00"
"Restaurant_1723","Hyderabad","Qsr (Quick Service)",29,39,"34.00"
"Restaurant_1777","Chennai","Fine Dine",31,37,"34.00"
"Restaurant_1797","Chennai","Cafe",33,35,"34.00"
"Restaurant_1864","Chennai","Fine Dine",31,37,"34.00"
"Restaurant_1922","Chennai","Casual Dining",36,32,"34.00"
"Restaurant_1979","Kolkata","Cloud Kitchen",30,38,"34.00"
"Restaurant_2011","Kolkata","Food Truck",36,32,"34.00"
"Restaurant_2088","Kolkata","Casual Dining",33,35,"34.00"
"Restaurant_2107","Kolkata","Cafe",37,31,"34.00"
"Restaurant_2158","Ahmedabad","Qsr (Quick Service)",34,34,"34.00"
"Restaurant_2230","Ahmedabad","Fine Dine",42,26,"34.00"
"Restaurant_2324","Jaipur","Qsr (Quick Service)",34,34,"34.00"
"Restaurant_2428","Lucknow","Cloud Kitchen",25,43,"34.00"
"Restaurant_2436","Lucknow","Fine Dine",32,36,"34.00"
"Restaurant_2441","Lucknow","Fine Dine",34,34,"34.00"
"Restaurant_2273","Ahmedabad","Cloud Kitchen",35,32,"33.50"
"Restaurant_2433","Lucknow","Cafe",33,34,"33.50"
"Restaurant_2389","Jaipur","Casual Dining",27,40,"33.50"
"Restaurant_407","Mumbai","Qsr (Quick Service)",33,34,"33.50"
"Restaurant_2215","Ahmedabad","Food Truck",30,37,"33.50"
"Restaurant_2214","Ahmedabad","Food Truck",38,29,"33.50"
"Restaurant_1063","Delhi","Cloud Kitchen",35,32,"33.50"
"Restaurant_1561","Hyderabad","Fine Dine",33,34,"33.50"
"Restaurant_1347","Pune","Food Truck",34,33,"33.50"
"Restaurant_1676","Hyderabad","Fine Dine",30,37,"33.50"
"Restaurant_166","Mumbai","Cafe",35,32,"33.50"
"Restaurant_2292","Jaipur","Fine Dine",30,37,"33.50"
"Restaurant_1581","Hyderabad","Casual Dining",36,31,"33.50"
"Restaurant_768","Bangalore","Food Truck",34,33,"33.50"
"Restaurant_1150","Delhi","Qsr (Quick Service)",38,29,"33.50"
"Restaurant_1895","Chennai","Qsr (Quick Service)",35,32,"33.50"
"Restaurant_1876","Chennai","Casual Dining",28,39,"33.50"
"Restaurant_1858","Chennai","Fine Dine",36,31,"33.50"
"Restaurant_2043","Kolkata","Casual Dining",32,35,"33.50"
"Restaurant_1675","Hyderabad","Casual Dining",32,35,"33.50"
"Restaurant_621","Bangalore","Qsr (Quick Service)",32,35,"33.50"
"Restaurant_637","Bangalore","Cloud Kitchen",38,29,"33.50"
"Restaurant_2023","Kolkata","Cafe",30,37,"33.50"
"Restaurant_1243","Delhi","Cafe",31,36,"33.50"
"Restaurant_1648","Hyderabad","Fine Dine",33,34,"33.50"
"Restaurant_2019","Kolkata","Qsr (Quick Service)",33,34,"33.50"
"Restaurant_1692","Hyderabad","Cloud Kitchen",32,35,"33.50"
"Restaurant_2147","Ahmedabad","Cloud Kitchen",32,35,"33.50"
"Restaurant_1232","Delhi","Qsr (Quick Service)",34,33,"33.50"
"Restaurant_538","Bangalore","Qsr (Quick Service)",26,41,"33.50"
"Restaurant_7","Mumbai","Cloud Kitchen",40,27,"33.50"
"Restaurant_2005","Kolkata","Cafe",36,31,"33.50"
"Restaurant_341","Mumbai","Cafe",35,32,"33.50"
"Restaurant_334","Mumbai","Cloud Kitchen",34,33,"33.50"
"Restaurant_496","Bangalore","Food Truck",34,33,"33.50"
"Restaurant_2225","Ahmedabad","Fine Dine",28,39,"33.50"
"Restaurant_2439","Lucknow","Cloud Kitchen",30,37,"33.50"
"Restaurant_1784","Chennai","Fine Dine",33,34,"33.50"
"Restaurant_257","Mumbai","Fine Dine",28,39,"33.50"
"Restaurant_136","Mumbai","Casual Dining",27,39,"33.00"
"Restaurant_1881","Chennai","Food Truck",28,38,"33.00"
"Restaurant_1370","Pune","Food Truck",29,37,"33.00"
"Restaurant_479","Bangalore","Qsr (Quick Service)",36,30,"33.00"
"Restaurant_1730","Hyderabad","Fine Dine",38,28,"33.00"
"Restaurant_1073","Delhi","Casual Dining",31,35,"33.00"
"Restaurant_1325","Pune","Casual Dining",32,34,"33.00"
"Restaurant_897","Delhi","Qsr (Quick Service)",29,37,"33.00"
"Restaurant_2466","Lucknow","Cafe",37,29,"33.00"
"Restaurant_818","Bangalore","Cafe",32,34,"33.00"
"Restaurant_1748","Chennai","Qsr (Quick Service)",30,36,"33.00"
"Restaurant_791","Bangalore","Qsr (Quick Service)",37,29,"33.00"
"Restaurant_2169","Ahmedabad","Cafe",33,33,"33.00"
"Restaurant_931","Delhi","Fine Dine",32,34,"33.00"
"Restaurant_1993","Kolkata","Cafe",33,33,"33.00"
"Restaurant_1806","Chennai","Cafe",30,36,"33.00"
"Restaurant_1552","Hyderabad","Cloud Kitchen",31,35,"33.00"
"Restaurant_1179","Delhi","Qsr (Quick Service)",39,27,"33.00"
"Restaurant_1189","Delhi","Casual Dining",41,25,"33.00"
"Restaurant_2040","Kolkata","Qsr (Quick Service)",30,36,"33.00"
"Restaurant_1964","Kolkata","Food Truck",35,31,"33.00"
"Restaurant_316","Mumbai","Cloud Kitchen",39,27,"33.00"
"Restaurant_680","Bangalore","Qsr (Quick Service)",35,31,"33.00"
"Restaurant_671","Bangalore","Cafe",37,29,"33.00"
"Restaurant_1843","Chennai","Casual Dining",29,37,"33.00"
"Restaurant_345","Mumbai","Food Truck",36,30,"33.00"
"Restaurant_661","Bangalore","Cloud Kitchen",31,35,"33.00"
"Restaurant_37","Mumbai","Qsr (Quick Service)",36,30,"33.00"
"Restaurant_636","Bangalore","Casual Dining",36,30,"33.00"
"Restaurant_409","Mumbai","Casual Dining",39,27,"33.00"
"Restaurant_2082","Kolkata","Cafe",33,33,"33.00"
"Restaurant_620","Bangalore","Food Truck",31,35,"33.00"
"Restaurant_1256","Pune","Cafe",35,31,"33.00"
"Restaurant_2049","Kolkata","Food Truck",30,36,"33.00"
"Restaurant_1276","Pune","Cafe",31,35,"33.00"
"Restaurant_423","Mumbai","Cafe",35,31,"33.00"
"Restaurant_2394","Jaipur","Qsr (Quick Service)",35,30,"32.50"
"Restaurant_2167","Ahmedabad","Food Truck",31,34,"32.50"
"Restaurant_1824","Chennai","Casual Dining",32,33,"32.50"
"Restaurant_5","Mumbai","Cafe",37,28,"32.50"
"Restaurant_1390","Pune","Cloud Kitchen",27,38,"32.50"
"Restaurant_1504","Hyderabad","Qsr (Quick Service)",35,30,"32.50"
"Restaurant_1068","Delhi","Cloud Kitchen",38,27,"32.50"
"Restaurant_307","Mumbai","Fine Dine",34,31,"32.50"
"Restaurant_429","Mumbai","Food Truck",33,32,"32.50"
"Restaurant_1393","Pune","Cafe",35,30,"32.50"
"Restaurant_1962","Kolkata","Food Truck",30,35,"32.50"
"Restaurant_1782","Chennai","Cafe",36,29,"32.50"
"Restaurant_1218","Delhi","Cloud Kitchen",31,34,"32.50"
"Restaurant_796","Bangalore","Casual Dining",32,33,"32.50"
"Restaurant_2100","Kolkata","Food Truck",30,35,"32.50"
"Restaurant_1003","Delhi","Qsr (Quick Service)",29,36,"32.50"
"Restaurant_1743","Chennai","Cafe",29,36,"32.50"
"Restaurant_1951","Kolkata","Food Truck",23,42,"32.50"
"Restaurant_335","Mumbai","Cloud Kitchen",27,38,"32.50"
"Restaurant_1460","Pune","Qsr (Quick Service)",34,31,"32.50"
"Restaurant_2331","Jaipur","Qsr (Quick Service)",32,33,"32.50"
"Restaurant_414","Mumbai","Food Truck",30,35,"32.50"
"Restaurant_1283","Pune","Fine Dine",35,30,"32.50"
"Restaurant_1446","Pune","Cafe",33,32,"32.50"
"Restaurant_2152","Ahmedabad","Casual Dining",30,35,"32.50"
"Restaurant_476","Bangalore","Fine Dine",30,35,"32.50"
"Restaurant_110","Mumbai","Food Truck",35,30,"32.50"
"Restaurant_1849","Chennai","Cloud Kitchen",37,28,"32.50"
"Restaurant_367","Mumbai","Cloud Kitchen",35,30,"32.50"
"Restaurant_618","Bangalore","Food Truck",36,29,"32.50"
"Restaurant_1095","Delhi","Food Truck",33,32,"32.50"
"Restaurant_840","Bangalore","Cafe",31,34,"32.50"
"Restaurant_854","Bangalore","Cloud Kitchen",38,27,"32.50"
"Restaurant_1434","Pune","Qsr (Quick Service)",35,30,"32.50"
"Restaurant_2102","Kolkata","Qsr (Quick Service)",33,32,"32.50"
"Restaurant_1857","Chennai","Cafe",36,29,"32.50"
"Restaurant_1898","Chennai","Casual Dining",32,33,"32.50"
"Restaurant_2187","Ahmedabad","Cloud Kitchen",29,36,"32.50"
"Restaurant_169","Mumbai","Cloud Kitchen",27,38,"32.50"
"Restaurant_1987","Kolkata","Food Truck",35,30,"32.50"
"Restaurant_152","Mumbai","Casual Dining",31,34,"32.50"
"Restaurant_184","Mumbai","Fine Dine",29,36,"32.50"
"Restaurant_586","Bangalore","Cloud Kitchen",30,35,"32.50"
"Restaurant_2498","Lucknow","Food Truck",38,27,"32.50"
"Restaurant_1981","Kolkata","Fine Dine",28,37,"32.50"
"Restaurant_723","Bangalore","Qsr (Quick Service)",32,33,"32.50"
"Restaurant_2253","Ahmedabad","Fine Dine",38,27,"32.50"
"Restaurant_2430","Lucknow","Casual Dining",39,26,"32.50"
"Restaurant_1550","Hyderabad","Food Truck",36,29,"32.50"
"Restaurant_19","Mumbai","Qsr (Quick Service)",35,30,"32.50"
"Restaurant_197","Mumbai","Fine Dine",34,31,"32.50"
"Restaurant_1307","Pune","Food Truck",33,32,"32.50"
"Restaurant_1912","Chennai","Qsr (Quick Service)",29,36,"32.50"
"Restaurant_967","Delhi","Food Truck",31,34,"32.50"
"Restaurant_2395","Jaipur","Cloud Kitchen",32,33,"32.50"
"Restaurant_2432","Lucknow","Cloud Kitchen",38,27,"32.50"
"Restaurant_1820","Chennai","Casual Dining",36,29,"32.50"
"Restaurant_1517","Hyderabad","Fine Dine",41,24,"32.50"
"Restaurant_1975","Kolkata","Casual Dining",30,34,"32.00"
"Restaurant_2085","Kolkata","Cloud Kitchen",28,36,"32.00"
"Restaurant_2081","Kolkata","Qsr (Quick Service)",25,39,"32.00"
"Restaurant_990","Delhi","Casual Dining",29,35,"32.00"
"Restaurant_1762","Chennai","Cloud Kitchen",33,31,"32.00"
"Restaurant_51","Mumbai","Fine Dine",29,35,"32.00"
"Restaurant_1595","Hyderabad","Food Truck",27,37,"32.00"
"Restaurant_1794","Chennai","Cafe",25,39,"32.00"
"Restaurant_192","Mumbai","Food Truck",35,29,"32.00"
"Restaurant_2379","Jaipur","Qsr (Quick Service)",36,28,"32.00"
"Restaurant_1836","Chennai","Fine Dine",33,31,"32.00"
"Restaurant_1476","Pune","Cloud Kitchen",33,31,"32.00"
"Restaurant_395","Mumbai","Cloud Kitchen",28,36,"32.00"
"Restaurant_23","Mumbai","Cloud Kitchen",33,31,"32.00"
"Restaurant_1420","Pune","Food Truck",33,31,"32.00"
"Restaurant_416","Mumbai","Qsr (Quick Service)",37,27,"32.00"
"Restaurant_1887","Chennai","Casual Dining",38,26,"32.00"
"Restaurant_2293","Jaipur","Food Truck",33,31,"32.00"
"Restaurant_1333","Pune","Fine Dine",29,35,"32.00"
"Restaurant_530","Bangalore","Casual Dining",32,32,"32.00"
"Restaurant_25","Mumbai","Qsr (Quick Service)",32,32,"32.00"
"Restaurant_597","Bangalore","Food Truck",33,31,"32.00"
"Restaurant_642","Bangalore","Cafe",36,28,"32.00"
"Restaurant_672","Bangalore","Casual Dining",33,31,"32.00"
"Restaurant_673","Bangalore","Cafe",30,34,"32.00"
"Restaurant_47","Mumbai","Cafe",33,31,"32.00"
"Restaurant_1971","Kolkata","Cafe",34,30,"32.00"
"Restaurant_716","Bangalore","Food Truck",38,26,"32.00"
"Restaurant_2200","Ahmedabad","Casual Dining",35,29,"32.00"
"Restaurant_950","Delhi","Food Truck",31,33,"32.00"
"Restaurant_1138","Delhi","Cafe",29,35,"32.00"
"Restaurant_1137","Delhi","Food Truck",27,37,"32.00"
"Restaurant_1136","Delhi","Food Truck",36,28,"32.00"
"Restaurant_836","Bangalore","Food Truck",31,33,"32.00"
"Restaurant_892","Delhi","Food Truck",29,35,"32.00"
"Restaurant_2030","Kolkata","Qsr (Quick Service)",36,28,"32.00"
"Restaurant_922","Delhi","Qsr (Quick Service)",42,22,"32.00"
"Restaurant_1077","Delhi","Food Truck",32,32,"32.00"
"Restaurant_2105","Kolkata","Casual Dining",29,35,"32.00"
"Restaurant_829","Bangalore","Cloud Kitchen",36,27,"31.50"
"Restaurant_2497","Lucknow","Fine Dine",28,35,"31.50"
"Restaurant_1271","Pune","Fine Dine",36,27,"31.50"
"Restaurant_2325","Jaipur","Casual Dining",30,33,"31.50"
"Restaurant_2243","Ahmedabad","Cafe",26,37,"31.50"
"Restaurant_1859","Chennai","Cafe",35,28,"31.50"
"Restaurant_2087","Kolkata","Fine Dine",36,27,"31.50"
"Restaurant_648","Bangalore","Food Truck",32,31,"31.50"
"Restaurant_1950","Kolkata","Food Truck",36,27,"31.50"
"Restaurant_2227","Ahmedabad","Cafe",37,26,"31.50"
"Restaurant_954","Delhi","Cloud Kitchen",34,29,"31.50"
"Restaurant_323","Mumbai","Fine Dine",35,28,"31.50"
"Restaurant_299","Mumbai","Cloud Kitchen",38,25,"31.50"
"Restaurant_1518","Hyderabad","Food Truck",35,28,"31.50"
"Restaurant_988","Delhi","Casual Dining",30,33,"31.50"
"Restaurant_704","Bangalore","Casual Dining",31,32,"31.50"
"Restaurant_998","Delhi","Qsr (Quick Service)",31,32,"31.50"
"Restaurant_1186","Delhi","Casual Dining",27,36,"31.50"
"Restaurant_1557","Hyderabad","Cloud Kitchen",34,29,"31.50"
"Restaurant_1585","Hyderabad","Fine Dine",31,32,"31.50"
"Restaurant_978","Delhi","Food Truck",30,33,"31.50"
"Restaurant_2488","Lucknow","Casual Dining",29,34,"31.50"
"Restaurant_1605","Hyderabad","Cloud Kitchen",30,33,"31.50"
"Restaurant_2165","Ahmedabad","Food Truck",26,37,"31.50"
"Restaurant_1616","Hyderabad","Fine Dine",29,34,"31.50"
"Restaurant_801","Bangalore","Fine Dine",29,34,"31.50"
"Restaurant_1122","Delhi","Qsr (Quick Service)",35,28,"31.50"
"Restaurant_116","Mumbai","Qsr (Quick Service)",30,33,"31.50"
"Restaurant_821","Bangalore","Casual Dining",35,28,"31.50"
"Restaurant_1108","Delhi","Qsr (Quick Service)",32,31,"31.50"
"Restaurant_2145","Ahmedabad","Cafe",32,31,"31.50"
"Restaurant_99","Mumbai","Cloud Kitchen",30,33,"31.50"
"Restaurant_88","Mumbai","Cloud Kitchen",28,35,"31.50"
"Restaurant_69","Mumbai","Casual Dining",40,23,"31.50"
"Restaurant_2118","Kolkata","Food Truck",33,30,"31.50"
"Restaurant_1344","Pune","Qsr (Quick Service)",35,28,"31.50"
"Restaurant_1341","Pune","Casual Dining",33,30,"31.50"
"Restaurant_1896","Chennai","Fine Dine",29,34,"31.50"
"Restaurant_1907","Chennai","Cloud Kitchen",30,33,"31.50"
"Restaurant_2285","Jaipur","Qsr (Quick Service)",35,28,"31.50"
"Restaurant_2275","Ahmedabad","Food Truck",31,32,"31.50"
"Restaurant_574","Bangalore","Cloud Kitchen",26,37,"31.50"
"Restaurant_453","Bangalore","Cafe",30,33,"31.50"
"Restaurant_803","Bangalore","Cloud Kitchen",26,36,"31.00"
"Restaurant_881","Delhi","Casual Dining",30,32,"31.00"
"Restaurant_2058","Kolkata","Food Truck",30,32,"31.00"
"Restaurant_1171","Delhi","Casual Dining",27,35,"31.00"
"Restaurant_1041","Delhi","Casual Dining",35,27,"31.00"
"Restaurant_1366","Pune","Food Truck",33,29,"31.00"
"Restaurant_1353","Pune","Casual Dining",29,33,"31.00"
"Restaurant_2328","Jaipur","Cafe",28,34,"31.00"
"Restaurant_2251","Ahmedabad","Fine Dine",40,22,"31.00"
"Restaurant_1269","Pune","Qsr (Quick Service)",26,36,"31.00"
"Restaurant_965","Delhi","Food Truck",27,35,"31.00"
"Restaurant_1193","Delhi","Qsr (Quick Service)",33,29,"31.00"
"Restaurant_983","Delhi","Cloud Kitchen",37,25,"31.00"
"Restaurant_398","Mumbai","Casual Dining",31,31,"31.00"
"Restaurant_1772","Chennai","Food Truck",34,28,"31.00"
"Restaurant_138","Mumbai","Fine Dine",26,36,"31.00"
"Restaurant_738","Bangalore","Cafe",33,29,"31.00"
"Restaurant_2469","Lucknow","Cloud Kitchen",27,35,"31.00"
"Restaurant_941","Delhi","Food Truck",27,35,"31.00"
"Restaurant_2242","Ahmedabad","Fine Dine",34,28,"31.00"
"Restaurant_1439","Pune","Cafe",35,27,"31.00"
"Restaurant_1126","Delhi","Food Truck",30,32,"31.00"
"Restaurant_2092","Kolkata","Fine Dine",27,35,"31.00"
"Restaurant_1852","Chennai","Cloud Kitchen",31,31,"31.00"
"Restaurant_487","Bangalore","Qsr (Quick Service)",37,25,"31.00"
"Restaurant_368","Mumbai","Casual Dining",32,30,"31.00"
"Restaurant_1944","Kolkata","Food Truck",30,32,"31.00"
"Restaurant_1945","Kolkata","Qsr (Quick Service)",26,36,"31.00"
"Restaurant_1233","Delhi","Cafe",31,31,"31.00"
"Restaurant_354","Mumbai","Fine Dine",34,28,"31.00"
"Restaurant_187","Mumbai","Casual Dining",35,27,"31.00"
"Restaurant_1452","Pune","Qsr (Quick Service)",34,28,"31.00"
"Restaurant_1104","Delhi","Cafe",31,31,"31.00"
"Restaurant_1471","Pune","Food Truck",29,33,"31.00"
"Restaurant_1224","Delhi","Cafe",38,24,"31.00"
"Restaurant_1953","Kolkata","Food Truck",28,34,"31.00"
"Restaurant_53","Mumbai","Food Truck",38,24,"31.00"
"Restaurant_1708","Hyderabad","Food Truck",30,32,"31.00"
"Restaurant_1800","Chennai","Casual Dining",31,31,"31.00"
"Restaurant_827","Bangalore","Cafe",27,35,"31.00"
"Restaurant_581","Bangalore","Fine Dine",33,29,"31.00"
"Restaurant_1833","Chennai","Qsr (Quick Service)",28,34,"31.00"
"Restaurant_2","Mumbai","Casual Dining",32,30,"31.00"
"Restaurant_2277","Ahmedabad","Casual Dining",31,31,"31.00"
"Restaurant_676","Bangalore","Fine Dine",33,28,"30.50"
"Restaurant_317","Mumbai","Cafe",30,31,"30.50"
"Restaurant_2020","Kolkata","Fine Dine",29,32,"30.50"
"Restaurant_218","Mumbai","Fine Dine",31,30,"30.50"
"Restaurant_938","Delhi","Casual Dining",37,24,"30.50"
"Restaurant_1355","Pune","Fine Dine",32,29,"30.50"
"Restaurant_708","Bangalore","Cafe",31,30,"30.50"
"Restaurant_1305","Pune","Cloud Kitchen",36,25,"30.50"
"Restaurant_203","Mumbai","Casual Dining",31,30,"30.50"
"Restaurant_1067","Delhi","Fine Dine",37,24,"30.50"
"Restaurant_1008","Delhi","Qsr (Quick Service)",28,33,"30.50"
"Restaurant_1187","Delhi","Casual Dining",32,29,"30.50"
"Restaurant_67","Mumbai","Qsr (Quick Service)",33,28,"30.50"
"Restaurant_2402","Lucknow","Cafe",32,29,"30.50"
"Restaurant_1747","Chennai","Cafe",32,29,"30.50"
"Restaurant_2475","Lucknow","Cafe",34,27,"30.50"
"Restaurant_732","Bangalore","Cloud Kitchen",32,29,"30.50"
"Restaurant_182","Mumbai","Qsr (Quick Service)",32,29,"30.50"
"Restaurant_1579","Hyderabad","Food Truck",26,35,"30.50"
"Restaurant_2418","Lucknow","Food Truck",33,28,"30.50"
"Restaurant_2027","Kolkata","Qsr (Quick Service)",29,32,"30.50"
"Restaurant_783","Bangalore","Fine Dine",34,27,"30.50"
"Restaurant_1753","Chennai","Cloud Kitchen",29,32,"30.50"
"Restaurant_1788","Chennai","Cafe",31,30,"30.50"
"Restaurant_1999","Kolkata","Cloud Kitchen",25,36,"30.50"
"Restaurant_1742","Chennai","Cafe",33,28,"30.50"
"Restaurant_55","Mumbai","Qsr (Quick Service)",34,27,"30.50"
"Restaurant_506","Bangalore","Qsr (Quick Service)",33,28,"30.50"
"Restaurant_2007","Kolkata","Qsr (Quick Service)",26,35,"30.50"
"Restaurant_428","Mumbai","Casual Dining",32,29,"30.50"
"Restaurant_2444","Lucknow","Qsr (Quick Service)",32,29,"30.50"
"Restaurant_813","Bangalore","Cafe",33,28,"30.50"
"Restaurant_2250","Ahmedabad","Qsr (Quick Service)",32,29,"30.50"
"Restaurant_1406","Pune","Fine Dine",36,25,"30.50"
"Restaurant_2332","Jaipur","Food Truck",27,34,"30.50"
"Restaurant_2337","Jaipur","Cloud Kitchen",27,34,"30.50"
"Restaurant_1933","Chennai","Food Truck",28,33,"30.50"
"Restaurant_1248","Delhi","Casual Dining",28,33,"30.50"
"Restaurant_1638","Hyderabad","Fine Dine",27,34,"30.50"
"Restaurant_1904","Chennai","Cafe",29,32,"30.50"
"Restaurant_391","Mumbai","Cloud Kitchen",36,25,"30.50"
"Restaurant_1846","Chennai","Fine Dine",33,28,"30.50"
"Restaurant_1956","Kolkata","Food Truck",31,30,"30.50"
"Restaurant_2479","Lucknow","Cloud Kitchen",27,34,"30.50"
"Restaurant_195","Mumbai","Food Truck",26,34,"30.00"
"Restaurant_1615","Hyderabad","Qsr (Quick Service)",29,31,"30.00"
"Restaurant_1480","Pune","Casual Dining",30,30,"30.00"
"Restaurant_1472","Pune","Cloud Kitchen",35,25,"30.00"
"Restaurant_1885","Chennai","Casual Dining",34,26,"30.00"
"Restaurant_1319","Pune","Cloud Kitchen",33,27,"30.00"
"Restaurant_1911","Chennai","Qsr (Quick Service)",21,39,"30.00"
"Restaurant_1300","Pune","Qsr (Quick Service)",32,28,"30.00"
"Restaurant_1936","Chennai","Cloud Kitchen",30,30,"30.00"
"Restaurant_1234","Delhi","Casual Dining",35,25,"30.00"
"Restaurant_1209","Delhi","Cloud Kitchen",38,22,"30.00"
"Restaurant_1968","Kolkata","Qsr (Quick Service)",32,28,"30.00"
"Restaurant_1170","Delhi","Cloud Kitchen",32,28,"30.00"
"Restaurant_1168","Delhi","Fine Dine",25,35,"30.00"
"Restaurant_2025","Kolkata","Casual Dining",25,35,"30.00"
"Restaurant_905","Delhi","Casual Dining",27,33,"30.00"
"Restaurant_884","Delhi","Cloud Kitchen",35,25,"30.00"
"Restaurant_842","Bangalore","Qsr (Quick Service)",32,28,"30.00"
"Restaurant_2495","Lucknow","Fine Dine",27,33,"30.00"
"Restaurant_770","Bangalore","Fine Dine",32,28,"30.00"
"Restaurant_722","Bangalore","Food Truck",36,24,"30.00"
"Restaurant_2199","Ahmedabad","Cafe",29,31,"30.00"
"Restaurant_2247","Ahmedabad","Food Truck",32,28,"30.00"
"Restaurant_603","Bangalore","Food Truck",32,28,"30.00"
"Restaurant_457","Bangalore","Cafe",27,33,"30.00"
"Restaurant_456","Bangalore","Casual Dining",28,32,"30.00"
"Restaurant_400","Mumbai","Food Truck",31,29,"30.00"
"Restaurant_371","Mumbai","Fine Dine",28,32,"30.00"
"Restaurant_2349","Jaipur","Cloud Kitchen",26,34,"30.00"
"Restaurant_312","Mumbai","Food Truck",32,28,"30.00"
"Restaurant_278","Mumbai","Fine Dine",27,33,"30.00"
"Restaurant_179","Mumbai","Qsr (Quick Service)",31,29,"30.00"
"Restaurant_46","Mumbai","Fine Dine",31,29,"30.00"
"Restaurant_44","Mumbai","Food Truck",28,32,"30.00"
"Restaurant_1726","Hyderabad","Fine Dine",30,30,"30.00"
"Restaurant_1998","Kolkata","Qsr (Quick Service)",27,32,"29.50"
"Restaurant_2000","Kolkata","Food Truck",33,26,"29.50"
"Restaurant_1804","Chennai","Food Truck",26,33,"29.50"
"Restaurant_1117","Delhi","Cafe",32,27,"29.50"
"Restaurant_819","Bangalore","Cloud Kitchen",33,26,"29.50"
"Restaurant_1792","Chennai","Food Truck",25,34,"29.50"
"Restaurant_1610","Hyderabad","Qsr (Quick Service)",29,30,"29.50"
"Restaurant_2320","Jaipur","Qsr (Quick Service)",27,32,"29.50"
"Restaurant_420","Mumbai","Fine Dine",34,25,"29.50"
"Restaurant_1920","Chennai","Qsr (Quick Service)",25,34,"29.50"
"Restaurant_2042","Kolkata","Fine Dine",34,25,"29.50"
"Restaurant_2346","Jaipur","Cafe",31,28,"29.50"
"Restaurant_1850","Chennai","Casual Dining",28,31,"29.50"
"Restaurant_1244","Delhi","Fine Dine",26,33,"29.50"
"Restaurant_1830","Chennai","Qsr (Quick Service)",22,37,"29.50"
"Restaurant_2096","Kolkata","Fine Dine",32,27,"29.50"
"Restaurant_1029","Delhi","Cloud Kitchen",33,26,"29.50"
"Restaurant_1970","Kolkata","Casual Dining",26,33,"29.50"
"Restaurant_2065","Kolkata","Casual Dining",30,29,"29.50"
"Restaurant_1680","Hyderabad","Casual Dining",31,28,"29.50"
"Restaurant_1508","Hyderabad","Casual Dining",25,34,"29.50"
"Restaurant_742","Bangalore","Fine Dine",32,27,"29.50"
"Restaurant_1141","Delhi","Fine Dine",26,33,"29.50"
"Restaurant_2391","Jaipur","Cloud Kitchen",29,30,"29.50"
"Restaurant_52","Mumbai","Qsr (Quick Service)",31,28,"29.50"
"Restaurant_1764","Chennai","Fine Dine",25,34,"29.50"
"Restaurant_752","Bangalore","Cafe",31,28,"29.50"
"Restaurant_2182","Ahmedabad","Food Truck",26,33,"29.50"
"Restaurant_563","Bangalore","Fine Dine",32,27,"29.50"
"Restaurant_1737","Hyderabad","Cloud Kitchen",30,29,"29.50"
"Restaurant_1084","Delhi","Qsr (Quick Service)",32,27,"29.50"
"Restaurant_754","Bangalore","Casual Dining",28,31,"29.50"
"Restaurant_772","Bangalore","Fine Dine",24,35,"29.50"
"Restaurant_81","Mumbai","Cloud Kitchen",32,27,"29.50"
"Restaurant_1535","Hyderabad","Food Truck",26,33,"29.50"
"Restaurant_1811","Chennai","Qsr (Quick Service)",28,31,"29.50"
"Restaurant_1890","Chennai","Food Truck",33,26,"29.50"
"Restaurant_2122","Ahmedabad","Food Truck",26,33,"29.50"
"Restaurant_873","Delhi","Fine Dine",27,32,"29.50"
"Restaurant_1314","Pune","Casual Dining",29,30,"29.50"
"Restaurant_865","Bangalore","Casual Dining",29,30,"29.50"
"Restaurant_90","Mumbai","Cafe",30,29,"29.50"
"Restaurant_91","Mumbai","Fine Dine",28,31,"29.50"
"Restaurant_1618","Hyderabad","Food Truck",27,31,"29.00"
"Restaurant_1728","Hyderabad","Food Truck",30,28,"29.00"
"Restaurant_973","Delhi","Casual Dining",33,25,"29.00"
"Restaurant_1672","Hyderabad","Cloud Kitchen",31,27,"29.00"
"Restaurant_1670","Hyderabad","Cafe",28,30,"29.00"
"Restaurant_2050","Kolkata","Casual Dining",32,26,"29.00"
"Restaurant_869","Bangalore","Food Truck",26,32,"29.00"
"Restaurant_2154","Ahmedabad","Cloud Kitchen",28,30,"29.00"
"Restaurant_1536","Hyderabad","Cloud Kitchen",24,34,"29.00"
"Restaurant_769","Bangalore","Food Truck",33,25,"29.00"
"Restaurant_2388","Jaipur","Food Truck",25,33,"29.00"
"Restaurant_252","Mumbai","Cafe",31,27,"29.00"
"Restaurant_1980","Kolkata","Cloud Kitchen",29,29,"29.00"
"Restaurant_1974","Kolkata","Fine Dine",25,33,"29.00"
"Restaurant_2201","Ahmedabad","Casual Dining",30,28,"29.00"
"Restaurant_698","Bangalore","Fine Dine",32,26,"29.00"
"Restaurant_657","Bangalore","Cafe",29,29,"29.00"
"Restaurant_1058","Delhi","Fine Dine",29,29,"29.00"
"Restaurant_1241","Delhi","Fine Dine",31,27,"29.00"
"Restaurant_2239","Ahmedabad","Qsr (Quick Service)",28,30,"29.00"
"Restaurant_1867","Chennai","Cafe",32,26,"29.00"
"Restaurant_412","Mumbai","Casual Dining",30,28,"29.00"
"Restaurant_2269","Ahmedabad","Food Truck",29,29,"29.00"
"Restaurant_1286","Pune","Cafe",30,28,"29.00"
"Restaurant_556","Bangalore","Food Truck",32,26,"29.00"
"Restaurant_554","Bangalore","Qsr (Quick Service)",33,25,"29.00"
"Restaurant_515","Bangalore","Casual Dining",29,28,"28.50"
"Restaurant_921","Delhi","Qsr (Quick Service)",29,28,"28.50"
"Restaurant_2342","Jaipur","Cloud Kitchen",30,27,"28.50"
"Restaurant_715","Bangalore","Casual Dining",25,32,"28.50"
"Restaurant_714","Bangalore","Cloud Kitchen",23,34,"28.50"
"Restaurant_2205","Ahmedabad","Food Truck",31,26,"28.50"
"Restaurant_1320","Pune","Fine Dine",24,33,"28.50"
"Restaurant_612","Bangalore","Cafe",22,35,"28.50"
"Restaurant_747","Bangalore","Qsr (Quick Service)",29,28,"28.50"
"Restaurant_1054","Delhi","Food Truck",25,32,"28.50"
"Restaurant_1919","Chennai","Casual Dining",26,31,"28.50"
"Restaurant_1094","Delhi","Cloud Kitchen",30,27,"28.50"
"Restaurant_949","Delhi","Casual Dining",26,31,"28.50"
"Restaurant_348","Mumbai","Cafe",31,26,"28.50"
"Restaurant_1516","Hyderabad","Cafe",26,31,"28.50"
"Restaurant_249","Mumbai","Cafe",20,37,"28.50"
"Restaurant_1301","Pune","Casual Dining",29,28,"28.50"
"Restaurant_2367","Jaipur","Cafe",30,27,"28.50"
"Restaurant_761","Bangalore","Food Truck",27,30,"28.50"
"Restaurant_784","Bangalore","Food Truck",31,26,"28.50"
"Restaurant_1894","Chennai","Qsr (Quick Service)",25,32,"28.50"
"Restaurant_466","Bangalore","Casual Dining",34,23,"28.50"
"Restaurant_2143","Ahmedabad","Qsr (Quick Service)",32,25,"28.50"
"Restaurant_2048","Kolkata","Casual Dining",27,30,"28.50"
"Restaurant_2364","Jaipur","Fine Dine",29,28,"28.50"
"Restaurant_2304","Jaipur","Cafe",29,28,"28.50"
"Restaurant_2361","Jaipur","Cafe",27,30,"28.50"
"Restaurant_555","Bangalore","Fine Dine",29,28,"28.50"
"Restaurant_2358","Jaipur","Fine Dine",25,32,"28.50"
"Restaurant_2130","Ahmedabad","Cloud Kitchen",31,26,"28.50"
"Restaurant_394","Mumbai","Cloud Kitchen",31,26,"28.50"
"Restaurant_559","Bangalore","Casual Dining",25,31,"28.00"
"Restaurant_1695","Hyderabad","Qsr (Quick Service)",23,33,"28.00"
"Restaurant_1014","Delhi","Fine Dine",28,28,"28.00"
"Restaurant_432","Mumbai","Qsr (Quick Service)",26,30,"28.00"
"Restaurant_2211","Ahmedabad","Food Truck",28,28,"28.00"
"Restaurant_2212","Ahmedabad","Cloud Kitchen",29,27,"28.00"
"Restaurant_286","Mumbai","Fine Dine",34,22,"28.00"
"Restaurant_1501","Hyderabad","Cafe",33,23,"28.00"
"Restaurant_2010","Kolkata","Food Truck",28,28,"28.00"
"Restaurant_115","Mumbai","Casual Dining",30,26,"28.00"
"Restaurant_1703","Hyderabad","Food Truck",27,29,"28.00"
"Restaurant_122","Mumbai","Cloud Kitchen",22,34,"28.00"
"Restaurant_1586","Hyderabad","Cloud Kitchen",23,33,"28.00"
"Restaurant_1228","Delhi","Food Truck",25,31,"28.00"
"Restaurant_2307","Jaipur","Fine Dine",33,23,"28.00"
"Restaurant_1466","Pune","Casual Dining",31,25,"28.00"
"Restaurant_1943","Kolkata","Cloud Kitchen",26,30,"28.00"
"Restaurant_593","Bangalore","Cafe",22,34,"28.00"
"Restaurant_1942","Kolkata","Casual Dining",23,33,"28.00"
"Restaurant_397","Mumbai","Food Truck",31,25,"28.00"
"Restaurant_1039","Delhi","Cafe",31,25,"28.00"
"Restaurant_1798","Chennai","Fine Dine",31,25,"28.00"
"Restaurant_1627","Hyderabad","Qsr (Quick Service)",25,31,"28.00"
"Restaurant_634","Bangalore","Cloud Kitchen",25,31,"28.00"
"Restaurant_461","Bangalore","Cloud Kitchen",20,36,"28.00"
"Restaurant_809","Bangalore","Fine Dine",37,19,"28.00"
"Restaurant_1401","Pune","Qsr (Quick Service)",25,31,"28.00"
"Restaurant_826","Bangalore","Fine Dine",26,30,"28.00"
"Restaurant_1754","Chennai","Cloud Kitchen",29,27,"28.00"
"Restaurant_202","Mumbai","Qsr (Quick Service)",24,32,"28.00"
"Restaurant_226","Mumbai","Qsr (Quick Service)",32,24,"28.00"
"Restaurant_1666","Hyderabad","Fine Dine",33,23,"28.00"
"Restaurant_909","Delhi","Food Truck",30,26,"28.00"
"Restaurant_2471","Lucknow","Cafe",25,31,"28.00"
"Restaurant_749","Bangalore","Casual Dining",28,28,"28.00"
"Restaurant_2390","Jaipur","Fine Dine",26,30,"28.00"
"Restaurant_9","Mumbai","Casual Dining",27,29,"28.00"
"Restaurant_33","Mumbai","Fine Dine",25,31,"28.00"
"Restaurant_1354","Pune","Casual Dining",28,28,"28.00"
"Restaurant_734","Bangalore","Food Truck",30,26,"28.00"
"Restaurant_2161","Ahmedabad","Cafe",29,27,"28.00"
"Restaurant_726","Bangalore","Fine Dine",27,29,"28.00"
"Restaurant_1382","Pune","Casual Dining",22,34,"28.00"
"Restaurant_820","Bangalore","Fine Dine",21,35,"28.00"
"Restaurant_1018","Delhi","Casual Dining",27,29,"28.00"
"Restaurant_1298","Pune","Cloud Kitchen",29,27,"28.00"
"Restaurant_617","Bangalore","Cloud Kitchen",30,25,"27.50"
"Restaurant_171","Mumbai","Qsr (Quick Service)",28,27,"27.50"
"Restaurant_1560","Hyderabad","Food Truck",35,20,"27.50"
"Restaurant_1398","Pune","Cloud Kitchen",31,24,"27.50"
"Restaurant_1995","Kolkata","Food Truck",33,22,"27.50"
"Restaurant_872","Delhi","Fine Dine",25,30,"27.50"
"Restaurant_1694","Hyderabad","Qsr (Quick Service)",28,27,"27.50"
"Restaurant_1289","Pune","Fine Dine",30,25,"27.50"
"Restaurant_1071","Delhi","Casual Dining",23,32,"27.50"
"Restaurant_2198","Ahmedabad","Qsr (Quick Service)",28,27,"27.50"
"Restaurant_1200","Delhi","Casual Dining",29,26,"27.50"
"Restaurant_976","Delhi","Fine Dine",24,31,"27.50"
"Restaurant_2220","Ahmedabad","Cafe",27,28,"27.50"
"Restaurant_1202","Delhi","Casual Dining",25,30,"27.50"
"Restaurant_2097","Kolkata","Casual Dining",33,22,"27.50"
"Restaurant_1212","Delhi","Food Truck",28,27,"27.50"
"Restaurant_1938","Chennai","Cafe",29,26,"27.50"
"Restaurant_1381","Pune","Cloud Kitchen",27,28,"27.50"
"Restaurant_477","Bangalore","Qsr (Quick Service)",26,29,"27.50"
"Restaurant_1731","Hyderabad","Food Truck",32,23,"27.50"
"Restaurant_1266","Pune","Cafe",23,32,"27.50"
"Restaurant_1441","Pune","Cafe",30,25,"27.50"
"Restaurant_1856","Chennai","Fine Dine",27,28,"27.50"
"Restaurant_1752","Chennai","Cloud Kitchen",24,31,"27.50"
"Restaurant_22","Mumbai","Fine Dine",24,31,"27.50"
"Restaurant_588","Bangalore","Cloud Kitchen",32,23,"27.50"
"Restaurant_499","Bangalore","Cloud Kitchen",27,28,"27.50"
"Restaurant_1786","Chennai","Casual Dining",26,29,"27.50"
"Restaurant_14","Mumbai","Cloud Kitchen",24,31,"27.50"
"Restaurant_2487","Lucknow","Food Truck",31,24,"27.50"
"Restaurant_1021","Delhi","Food Truck",24,31,"27.50"
"Restaurant_2352","Jaipur","Cloud Kitchen",23,31,"27.00"
"Restaurant_176","Mumbai","Fine Dine",27,27,"27.00"
"Restaurant_452","Bangalore","Cloud Kitchen",27,27,"27.00"
"Restaurant_347","Mumbai","Cafe",29,25,"27.00"
"Restaurant_2266","Ahmedabad","Cloud Kitchen",23,31,"27.00"
"Restaurant_311","Mumbai","Food Truck",25,29,"27.00"
"Restaurant_557","Bangalore","Cafe",28,26,"27.00"
"Restaurant_1190","Delhi","Fine Dine",24,30,"27.00"
"Restaurant_2153","Ahmedabad","Qsr (Quick Service)",34,20,"27.00"
"Restaurant_713","Bangalore","Cafe",29,25,"27.00"
"Restaurant_1677","Hyderabad","Casual Dining",29,25,"27.00"
"Restaurant_2189","Ahmedabad","Casual Dining",28,26,"27.00"
"Restaurant_831","Bangalore","Qsr (Quick Service)",27,27,"27.00"
"Restaurant_1873","Chennai","Food Truck",25,29,"27.00"
"Restaurant_153","Mumbai","Food Truck",24,30,"27.00"
"Restaurant_139","Mumbai","Cafe",27,27,"27.00"
"Restaurant_65","Mumbai","Casual Dining",33,21,"27.00"
"Restaurant_1652","Hyderabad","Casual Dining",21,33,"27.00"
"Restaurant_377","Mumbai","Food Truck",27,27,"27.00"
"Restaurant_100","Mumbai","Food Truck",26,28,"27.00"
"Restaurant_1851","Chennai","Fine Dine",31,23,"27.00"
"Restaurant_1251","Pune","Food Truck",27,27,"27.00"
"Restaurant_150","Mumbai","Cloud Kitchen",32,22,"27.00"
"Restaurant_478","Bangalore","Cafe",25,29,"27.00"
"Restaurant_604","Bangalore","Qsr (Quick Service)",29,25,"27.00"
"Restaurant_1111","Delhi","Cloud Kitchen",33,21,"27.00"
"Restaurant_1394","Pune","Food Truck",27,27,"27.00"
"Restaurant_1589","Hyderabad","Fine Dine",28,26,"27.00"
"Restaurant_2241","Ahmedabad","Casual Dining",28,25,"26.50"
"Restaurant_2089","Kolkata","Fine Dine",30,23,"26.50"
"Restaurant_1044","Delhi","Fine Dine",25,28,"26.50"
"Restaurant_940","Delhi","Casual Dining",29,24,"26.50"
"Restaurant_1087","Delhi","Cafe",24,29,"26.50"
"Restaurant_1097","Delhi","Cafe",28,25,"26.50"
"Restaurant_2008","Kolkata","Cafe",29,24,"26.50"
"Restaurant_788","Bangalore","Qsr (Quick Service)",29,24,"26.50"
"Restaurant_1733","Hyderabad","Casual Dining",28,25,"26.50"
"Restaurant_2209","Ahmedabad","Cafe",26,27,"26.50"
"Restaurant_687","Bangalore","Cloud Kitchen",25,28,"26.50"
"Restaurant_682","Bangalore","Casual Dining",28,25,"26.50"
"Restaurant_1205","Delhi","Qsr (Quick Service)",26,27,"26.50"
"Restaurant_655","Bangalore","Cafe",29,24,"26.50"
"Restaurant_1931","Chennai","Casual Dining",20,33,"26.50"
"Restaurant_491","Bangalore","Qsr (Quick Service)",31,22,"26.50"
"Restaurant_427","Mumbai","Cloud Kitchen",25,28,"26.50"
"Restaurant_1404","Pune","Cloud Kitchen",30,23,"26.50"
"Restaurant_1429","Pune","Cafe",17,36,"26.50"
"Restaurant_1442","Pune","Cafe",33,20,"26.50"
"Restaurant_1447","Pune","Fine Dine",26,27,"26.50"
"Restaurant_1487","Pune","Cloud Kitchen",28,25,"26.50"
"Restaurant_233","Mumbai","Casual Dining",30,23,"26.50"
"Restaurant_1542","Hyderabad","Cafe",31,22,"26.50"
"Restaurant_1700","Hyderabad","Qsr (Quick Service)",22,31,"26.50"
"Restaurant_2424","Lucknow","Cafe",29,24,"26.50"
"Restaurant_109","Mumbai","Casual Dining",23,30,"26.50"
"Restaurant_1691","Hyderabad","Fine Dine",24,29,"26.50"
"Restaurant_41","Mumbai","Cloud Kitchen",25,28,"26.50"
"Restaurant_948","Delhi","Fine Dine",23,29,"26.00"
"Restaurant_2068","Kolkata","Cafe",25,27,"26.00"
"Restaurant_1825","Chennai","Casual Dining",26,26,"26.00"
"Restaurant_2037","Kolkata","Fine Dine",31,21,"26.00"
"Restaurant_1773","Chennai","Cafe",26,26,"26.00"
"Restaurant_1415","Pune","Casual Dining",32,20,"26.00"
"Restaurant_1624","Hyderabad","Food Truck",23,29,"26.00"
"Restaurant_86","Mumbai","Cafe",22,30,"26.00"
"Restaurant_1785","Chennai","Casual Dining",26,26,"26.00"
"Restaurant_1608","Hyderabad","Casual Dining",27,25,"26.00"
"Restaurant_1926","Chennai","Fine Dine",29,23,"26.00"
"Restaurant_146","Mumbai","Fine Dine",23,29,"26.00"
"Restaurant_619","Bangalore","Cloud Kitchen",29,23,"26.00"
"Restaurant_811","Bangalore","Cloud Kitchen",27,25,"26.00"
"Restaurant_1801","Chennai","Casual Dining",22,30,"26.00"
"Restaurant_810","Bangalore","Food Truck",28,24,"26.00"
"Restaurant_846","Bangalore","Qsr (Quick Service)",25,27,"26.00"
"Restaurant_927","Delhi","Food Truck",28,24,"26.00"
"Restaurant_498","Bangalore","Cloud Kitchen",24,28,"26.00"
"Restaurant_845","Bangalore","Casual Dining",23,29,"26.00"
"Restaurant_540","Bangalore","Qsr (Quick Service)",24,28,"26.00"
"Restaurant_2299","Jaipur","Food Truck",22,30,"26.00"
"Restaurant_2216","Ahmedabad","Cloud Kitchen",26,26,"26.00"
"Restaurant_929","Delhi","Food Truck",22,30,"26.00"
"Restaurant_1967","Kolkata","Cafe",24,28,"26.00"
"Restaurant_748","Bangalore","Casual Dining",27,25,"26.00"
"Restaurant_494","Bangalore","Fine Dine",27,24,"25.50"
"Restaurant_149","Mumbai","Qsr (Quick Service)",24,27,"25.50"
"Restaurant_2014","Kolkata","Cloud Kitchen",24,27,"25.50"
"Restaurant_1488","Pune","Cloud Kitchen",33,18,"25.50"
"Restaurant_2421","Lucknow","Food Truck",27,24,"25.50"
"Restaurant_992","Delhi","Qsr (Quick Service)",26,25,"25.50"
"Restaurant_848","Bangalore","Cafe",26,25,"25.50"
"Restaurant_239","Mumbai","Cafe",24,27,"25.50"
"Restaurant_2486","Lucknow","Qsr (Quick Service)",24,27,"25.50"
"Restaurant_2411","Lucknow","Casual Dining",32,19,"25.50"
"Restaurant_118","Mumbai","Cafe",30,21,"25.50"
"Restaurant_730","Bangalore","Food Truck",25,26,"25.50"
"Restaurant_1916","Chennai","Food Truck",25,26,"25.50"
"Restaurant_2385","Jaipur","Qsr (Quick Service)",32,19,"25.50"
"Restaurant_2172","Ahmedabad","Casual Dining",27,24,"25.50"
"Restaurant_582","Bangalore","Fine Dine",23,28,"25.50"
"Restaurant_587","Bangalore","Casual Dining",24,27,"25.50"
"Restaurant_1744","Chennai","Cloud Kitchen",24,27,"25.50"
"Restaurant_1445","Pune","Cafe",23,28,"25.50"
"Restaurant_1428","Pune","Cafe",21,30,"25.50"
"Restaurant_2314","Jaipur","Qsr (Quick Service)",29,22,"25.50"
"Restaurant_1090","Delhi","Casual Dining",24,27,"25.50"
"Restaurant_2413","Lucknow","Food Truck",28,23,"25.50"
"Restaurant_599","Bangalore","Cafe",26,25,"25.50"
"Restaurant_614","Bangalore","Cafe",33,18,"25.50"
"Restaurant_1715","Hyderabad","Cloud Kitchen",23,28,"25.50"
"Restaurant_1086","Delhi","Casual Dining",34,17,"25.50"
"Restaurant_2400","Jaipur","Casual Dining",24,27,"25.50"
"Restaurant_956","Delhi","Fine Dine",25,26,"25.50"
"Restaurant_280","Mumbai","Fine Dine",25,26,"25.50"
"Restaurant_2024","Kolkata","Fine Dine",30,20,"25.00"
"Restaurant_61","Mumbai","Food Truck",30,20,"25.00"
"Restaurant_2467","Lucknow","Cloud Kitchen",25,25,"25.00"
"Restaurant_890","Delhi","Casual Dining",25,25,"25.00"
"Restaurant_434","Mumbai","Qsr (Quick Service)",17,33,"25.00"
"Restaurant_1924","Chennai","Food Truck",23,27,"25.00"
"Restaurant_969","Delhi","Casual Dining",23,27,"25.00"
"Restaurant_652","Bangalore","Fine Dine",30,20,"25.00"
"Restaurant_1221","Delhi","Fine Dine",27,23,"25.00"
"Restaurant_675","Bangalore","Qsr (Quick Service)",22,28,"25.00"
"Restaurant_957","Delhi","Fine Dine",30,20,"25.00"
"Restaurant_1124","Delhi","Fine Dine",27,23,"25.00"
"Restaurant_2414","Lucknow","Cloud Kitchen",25,25,"25.00"
"Restaurant_2032","Kolkata","Casual Dining",26,24,"25.00"
"Restaurant_569","Bangalore","Fine Dine",30,20,"25.00"
"Restaurant_2109","Kolkata","Fine Dine",23,27,"25.00"
"Restaurant_2437","Lucknow","Food Truck",24,26,"25.00"
"Restaurant_2136","Ahmedabad","Casual Dining",22,27,"24.50"
"Restaurant_207","Mumbai","Fine Dine",25,24,"24.50"
"Restaurant_1495","Pune","Fine Dine",24,25,"24.50"
"Restaurant_953","Delhi","Cloud Kitchen",25,24,"24.50"
"Restaurant_108","Mumbai","Cloud Kitchen",21,28,"24.50"
"Restaurant_670","Bangalore","Casual Dining",23,26,"24.50"
"Restaurant_1119","Delhi","Fine Dine",27,22,"24.50"
"Restaurant_649","Bangalore","Food Truck",27,22,"24.50"
"Restaurant_2157","Ahmedabad","Food Truck",16,33,"24.50"
"Restaurant_38","Mumbai","Cafe",20,29,"24.50"
"Restaurant_356","Mumbai","Cloud Kitchen",16,33,"24.50"
"Restaurant_12","Mumbai","Food Truck",23,26,"24.50"
"Restaurant_1905","Chennai","Casual Dining",25,24,"24.50"
"Restaurant_855","Bangalore","Qsr (Quick Service)",20,29,"24.50"
"Restaurant_2438","Lucknow","Casual Dining",29,20,"24.50"
"Restaurant_2039","Kolkata","Food Truck",21,28,"24.50"
"Restaurant_843","Bangalore","Casual Dining",28,21,"24.50"
"Restaurant_1768","Chennai","Casual Dining",26,23,"24.50"
"Restaurant_2465","Lucknow","Qsr (Quick Service)",27,22,"24.50"
"Restaurant_241","Mumbai","Qsr (Quick Service)",25,24,"24.50"
"Restaurant_568","Bangalore","Fine Dine",22,27,"24.50"
"Restaurant_1598","Hyderabad","Qsr (Quick Service)",28,20,"24.00"
"Restaurant_2370","Jaipur","Cloud Kitchen",29,19,"24.00"
"Restaurant_2064","Kolkata","Casual Dining",27,21,"24.00"
"Restaurant_2128","Ahmedabad","Casual Dining",27,21,"24.00"
"Restaurant_1519","Hyderabad","Qsr (Quick Service)",20,28,"24.00"
"Restaurant_210","Mumbai","Fine Dine",25,23,"24.00"
"Restaurant_28","Mumbai","Cafe",21,27,"24.00"
"Restaurant_1384","Pune","Casual Dining",22,26,"24.00"
"Restaurant_2110","Kolkata","Casual Dining",24,24,"24.00"
"Restaurant_544","Bangalore","Cloud Kitchen",28,20,"24.00"
"Restaurant_694","Bangalore","Casual Dining",17,31,"24.00"
"Restaurant_758","Bangalore","Qsr (Quick Service)",19,29,"24.00"
"Restaurant_2425","Lucknow","Food Truck",23,25,"24.00"
"Restaurant_104","Mumbai","Fine Dine",27,21,"24.00"
"Restaurant_258","Mumbai","Food Truck",22,26,"24.00"
"Restaurant_692","Bangalore","Cafe",23,25,"24.00"
"Restaurant_349","Mumbai","Food Truck",28,20,"24.00"
"Restaurant_1133","Delhi","Food Truck",27,21,"24.00"
"Restaurant_1739","Hyderabad","Qsr (Quick Service)",21,27,"24.00"
"Restaurant_989","Delhi","Fine Dine",18,29,"23.50"
"Restaurant_1423","Pune","Qsr (Quick Service)",23,24,"23.50"
"Restaurant_455","Bangalore","Cloud Kitchen",17,30,"23.50"
"Restaurant_1514","Hyderabad","Food Truck",23,24,"23.50"
"Restaurant_1414","Pune","Cafe",24,23,"23.50"
"Restaurant_1250","Delhi","Cafe",20,27,"23.50"
"Restaurant_1139","Delhi","Cafe",24,23,"23.50"
"Restaurant_775","Bangalore","Casual Dining",22,25,"23.50"
"Restaurant_2254","Ahmedabad","Fine Dine",26,21,"23.50"
"Restaurant_2001","Kolkata","Food Truck",23,24,"23.50"
"Restaurant_683","Bangalore","Qsr (Quick Service)",30,17,"23.50"
"Restaurant_1594","Hyderabad","Food Truck",19,27,"23.00"
"Restaurant_199","Mumbai","Fine Dine",27,19,"23.00"
"Restaurant_1270","Pune","Cloud Kitchen",29,17,"23.00"
"Restaurant_1727","Hyderabad","Casual Dining",30,16,"23.00"
"Restaurant_565","Bangalore","Qsr (Quick Service)",26,20,"23.00"
"Restaurant_2144","Ahmedabad","Casual Dining",27,19,"23.00"
"Restaurant_2326","Jaipur","Food Truck",23,23,"23.00"
"Restaurant_2141","Ahmedabad","Qsr (Quick Service)",26,20,"23.00"
"Restaurant_1532","Hyderabad","Cloud Kitchen",26,20,"23.00"
"Restaurant_2070","Kolkata","Cafe",24,22,"23.00"
"Restaurant_1632","Hyderabad","Food Truck",16,30,"23.00"
"Restaurant_1167","Delhi","Food Truck",20,25,"22.50"
"Restaurant_1478","Pune","Qsr (Quick Service)",18,27,"22.50"
"Restaurant_1210","Delhi","Fine Dine",24,21,"22.50"
"Restaurant_309","Mumbai","Cafe",19,26,"22.50"
"Restaurant_255","Mumbai","Cafe",26,19,"22.50"
"Restaurant_1169","Delhi","Qsr (Quick Service)",24,21,"22.50"
"Restaurant_2185","Ahmedabad","Cafe",28,17,"22.50"
"Restaurant_1531","Hyderabad","Casual Dining",23,22,"22.50"
"Restaurant_812","Bangalore","Cafe",21,24,"22.50"
"Restaurant_79","Mumbai","Cloud Kitchen",17,28,"22.50"
"Restaurant_1664","Hyderabad","Fine Dine",27,18,"22.50"
"Restaurant_1973","Kolkata","Qsr (Quick Service)",22,22,"22.00"
"Restaurant_891","Delhi","Casual Dining",23,21,"22.00"
"Restaurant_1246","Delhi","Fine Dine",20,24,"22.00"
"Restaurant_946","Delhi","Fine Dine",23,21,"22.00"
"Restaurant_1958","Kolkata","Casual Dining",20,24,"22.00"
"Restaurant_2457","Lucknow","Casual Dining",23,21,"22.00"
"Restaurant_882","Delhi","Fine Dine",25,19,"22.00"
"Restaurant_539","Bangalore","Casual Dining",19,25,"22.00"
"Restaurant_2319","Jaipur","Cafe",16,27,"21.50"
"Restaurant_1030","Delhi","Qsr (Quick Service)",19,24,"21.50"
"Restaurant_1010","Delhi","Fine Dine",20,23,"21.50"
"Restaurant_1392","Pune","Fine Dine",18,25,"21.50"
"Restaurant_2323","Jaipur","Casual Dining",18,24,"21.00"
"Restaurant_920","Delhi","Fine Dine",21,21,"21.00"
"Restaurant_222","Mumbai","Qsr (Quick Service)",20,22,"21.00"
"Restaurant_271","Mumbai","Food Truck",25,17,"21.00"
"Restaurant_1860","Chennai","Fine Dine",25,17,"21.00"
"Restaurant_1135","Delhi","Food Truck",28,13,"20.50"
"Restaurant_1349","Pune","Cafe",20,21,"20.50"
"Restaurant_1081","Delhi","Cafe",23,18,"20.50"
"Restaurant_1102","Delhi","Cafe",21,20,"20.50"
"Restaurant_304","Mumbai","Fine Dine",12,28,"20.00"
"Restaurant_930","Delhi","Cafe",18,22,"20.00"
"Restaurant_314","Mumbai","Qsr (Quick Service)",19,21,"20.00"
"Restaurant_767","Bangalore","Casual Dining",19,20,"19.50"
"Restaurant_1359","Pune","Cloud Kitchen",12,27,"19.50"
"Restaurant_1231","Delhi","Casual Dining",20,19,"19.50"
"Restaurant_1674","Hyderabad","Qsr (Quick Service)",21,18,"19.50"
"Restaurant_2450","Lucknow","Cafe",14,25,"19.50"
"Restaurant_2083","Kolkata","Food Truck",24,15,"19.50"
"Restaurant_2462","Lucknow","Cloud Kitchen",21,17,"19.00"
"Restaurant_1738","Hyderabad","Qsr (Quick Service)",17,21,"19.00"
"Restaurant_1563","Hyderabad","Cloud Kitchen",23,15,"19.00"
"Restaurant_185","Mumbai","Qsr (Quick Service)",19,19,"19.00"
"Restaurant_155","Mumbai","Casual Dining",18,20,"19.00"
"Restaurant_1024","Delhi","Casual Dining",15,22,"18.50"
