"restaurant_name","city","restaurant_type","swiggy_rating","zomato_rating","rating_gap","better_rated"
"Restaurant_1628","Hyderabad","Casual Dining","4.3","2.5","1.8","Swiggy higher"
"Restaurant_2370","Jaipur","Cloud Kitchen","2.5","4.3","1.8","Zomato higher"
"Restaurant_411","Mumbai","Cloud Kitchen","3.1","4.9","1.8","Zomato higher"
"Restaurant_1729","Hyderabad","Fine Dine","3.4","5.0","1.6","Zomato higher"
"Restaurant_1002","Delhi","Cafe","2.7","4.3","1.6","Zomato higher"
"Restaurant_553","Bangalore","Fine Dine","4.7","3.1","1.6","Swiggy higher"
"Restaurant_279","Mumbai","Qsr (Quick Service)","3.2","4.8","1.6","Zomato higher"
"Restaurant_461","Bangalore","Cloud Kitchen","2.9","4.5","1.6","Zomato higher"
"Restaurant_113","Mumbai","Qsr (Quick Service)","5.0","3.5","1.5","Swiggy higher"
"Restaurant_1500","Pune","Cloud Kitchen","3.3","4.8","1.5","Zomato higher"
"Restaurant_1849","Chennai","Cloud Kitchen","2.8","4.3","1.5","Zomato higher"
"Restaurant_2025","Kolkata","Casual Dining","2.6","4.1","1.5","Zomato higher"
"Restaurant_1032","Delhi","Food Truck","3.4","4.9","1.5","Zomato higher"
"Restaurant_762","Bangalore","Qsr (Quick Service)","3.2","4.7","1.5","Zomato higher"
"Restaurant_2035","Kolkata","Casual Dining","3.2","4.6","1.4","Zomato higher"
"Restaurant_1721","Hyderabad","Qsr (Quick Service)","4.6","3.2","1.4","Swiggy higher"
"Restaurant_1896","Chennai","Fine Dine","3.3","4.7","1.4","Zomato higher"
"Restaurant_1246","Delhi","Fine Dine","5.0","3.6","1.4","Swiggy higher"
"Restaurant_1200","Delhi","Casual Dining","5.0","3.6","1.4","Swiggy higher"
"Restaurant_1537","Hyderabad","Cloud Kitchen","3.5","4.9","1.4","Zomato higher"
"Restaurant_134","Mumbai","Fine Dine","4.8","3.4","1.4","Swiggy higher"
"Restaurant_1829","Chennai","Fine Dine","3.5","4.9","1.4","Zomato higher"
"Restaurant_88","Mumbai","Cloud Kitchen","3.6","5.0","1.4","Zomato higher"
"Restaurant_435","Mumbai","Cloud Kitchen","3.3","4.7","1.4","Zomato higher"
"Restaurant_1179","Delhi","Qsr (Quick Service)","3.6","4.9","1.3","Zomato higher"
"Restaurant_2139","Ahmedabad","Fine Dine","3.4","4.7","1.3","Zomato higher"
"Restaurant_655","Bangalore","Cafe","3.2","4.5","1.3","Zomato higher"
"Restaurant_2383","Jaipur","Casual Dining","4.7","3.4","1.3","Swiggy higher"
"Restaurant_1778","Chennai","Fine Dine","3.4","4.7","1.3","Zomato higher"
"Restaurant_1262","Pune","Qsr (Quick Service)","5.0","3.7","1.3","Swiggy higher"
"Restaurant_398","Mumbai","Casual Dining","5.0","3.7","1.3","Swiggy higher"
"Restaurant_376","Mumbai","Food Truck","3.7","5.0","1.3","Zomato higher"
"Restaurant_315","Mumbai","Fine Dine","3.5","4.8","1.3","Zomato higher"
"Restaurant_229","Mumbai","Casual Dining","3.0","4.3","1.3","Zomato higher"
"Restaurant_625","Bangalore","Cafe","4.8","3.5","1.3","Swiggy higher"
"Restaurant_683","Bangalore","Qsr (Quick Service)","4.6","3.3","1.3","Swiggy higher"
"Restaurant_381","Mumbai","Food Truck","3.3","4.6","1.3","Zomato higher"
"Restaurant_1489","Pune","Casual Dining","4.7","3.4","1.3","Swiggy higher"
"Restaurant_41","Mumbai","Cloud Kitchen","3.0","4.3","1.3","Zomato higher"
"Restaurant_2247","Ahmedabad","Food Truck","4.8","3.5","1.3","Swiggy higher"
"Restaurant_1709","Hyderabad","Food Truck","3.5","4.8","1.3","Zomato higher"
"Restaurant_2253","Ahmedabad","Fine Dine","4.0","2.7","1.3","Swiggy higher"
"Restaurant_1588","Hyderabad","Food Truck","3.3","4.6","1.3","Zomato higher"
"Restaurant_2353","Jaipur","Cafe","3.3","4.6","1.3","Zomato higher"
"Restaurant_2178","Ahmedabad","Casual Dining","2.9","4.2","1.3","Zomato higher"
"Restaurant_364","Mumbai","Cafe","4.3","3.0","1.3","Swiggy higher"
"Restaurant_1125","Delhi","Fine Dine","2.7","4.0","1.3","Zomato higher"
"Restaurant_949","Delhi","Casual Dining","4.2","3.0","1.2","Swiggy higher"
"Restaurant_2000","Kolkata","Food Truck","3.5","4.7","1.2","Zomato higher"
"Restaurant_1486","Pune","Food Truck","2.9","4.1","1.2","Zomato higher"
"Restaurant_935","Delhi","Casual Dining","4.8","3.6","1.2","Swiggy higher"
"Restaurant_1307","Pune","Food Truck","3.5","4.7","1.2","Zomato higher"
"Restaurant_1402","Pune","Casual Dining","3.4","4.6","1.2","Zomato higher"
"Restaurant_2232","Ahmedabad","Food Truck","3.4","4.6","1.2","Zomato higher"
"Restaurant_2340","Jaipur","Cloud Kitchen","4.5","3.3","1.2","Swiggy higher"
"Restaurant_1099","Delhi","Cloud Kitchen","4.7","3.5","1.2","Swiggy higher"
"Restaurant_1131","Delhi","Qsr (Quick Service)","4.2","3.0","1.2","Swiggy higher"
"Restaurant_1738","Hyderabad","Qsr (Quick Service)","3.0","4.2","1.2","Zomato higher"
"Restaurant_492","Bangalore","Casual Dining","3.8","5.0","1.2","Zomato higher"
"Restaurant_2004","Kolkata","Fine Dine","3.7","4.9","1.2","Zomato higher"
"Restaurant_401","Mumbai","Cloud Kitchen","4.7","3.5","1.2","Swiggy higher"
"Restaurant_399","Mumbai","Casual Dining","3.1","4.3","1.2","Zomato higher"
"Restaurant_1714","Hyderabad","Qsr (Quick Service)","3.5","4.7","1.2","Zomato higher"
"Restaurant_2058","Kolkata","Food Truck","4.8","3.6","1.2","Swiggy higher"
"Restaurant_1864","Chennai","Fine Dine","3.8","5.0","1.2","Zomato higher"
"Restaurant_1926","Chennai","Fine Dine","4.7","3.5","1.2","Swiggy higher"
"Restaurant_42","Mumbai","Cloud Kitchen","3.2","4.4","1.2","Zomato higher"
"Restaurant_719","Bangalore","Cafe","3.3","4.5","1.2","Zomato higher"
"Restaurant_549","Bangalore","Cloud Kitchen","3.2","4.4","1.2","Zomato higher"
"Restaurant_2019","Kolkata","Qsr (Quick Service)","4.9","3.7","1.2","Swiggy higher"
"Restaurant_530","Bangalore","Casual Dining","3.4","4.6","1.2","Zomato higher"
"Restaurant_331","Mumbai","Cloud Kitchen","3.4","4.6","1.2","Zomato higher"
"Restaurant_1119","Delhi","Fine Dine","3.6","4.8","1.2","Zomato higher"
"Restaurant_414","Mumbai","Food Truck","4.3","3.1","1.2","Swiggy higher"
"Restaurant_1169","Delhi","Qsr (Quick Service)","4.4","3.2","1.2","Swiggy higher"
"Restaurant_4","Mumbai","Cloud Kitchen","3.3","4.5","1.2","Zomato higher"
"Restaurant_1172","Delhi","Qsr (Quick Service)","3.8","5.0","1.2","Zomato higher"
"Restaurant_1671","Hyderabad","Cloud Kitchen","3.6","4.8","1.2","Zomato higher"
"Restaurant_982","Delhi","Casual Dining","4.9","3.7","1.2","Swiggy higher"
"Restaurant_1176","Delhi","Casual Dining","4.0","2.8","1.2","Swiggy higher"
"Restaurant_613","Bangalore","Cafe","4.3","3.1","1.2","Swiggy higher"
"Restaurant_1667","Hyderabad","Cafe","4.5","3.3","1.2","Swiggy higher"
"Restaurant_1275","Pune","Cafe","3.1","4.3","1.2","Zomato higher"
"Restaurant_1188","Delhi","Fine Dine","3.5","4.7","1.2","Zomato higher"
"Restaurant_2491","Lucknow","Cloud Kitchen","4.6","3.4","1.2","Swiggy higher"
"Restaurant_2186","Ahmedabad","Casual Dining","3.4","4.6","1.2","Zomato higher"
"Restaurant_1460","Pune","Qsr (Quick Service)","4.6","3.4","1.2","Swiggy higher"
"Restaurant_1407","Pune","Food Truck","4.5","3.3","1.2","Swiggy higher"
"Restaurant_238","Mumbai","Food Truck","4.8","3.6","1.2","Swiggy higher"
"Restaurant_944","Delhi","Cafe","4.9","3.7","1.2","Swiggy higher"
"Restaurant_186","Mumbai","Food Truck","4.9","3.8","1.1","Swiggy higher"
"Restaurant_2307","Jaipur","Fine Dine","4.3","3.2","1.1","Swiggy higher"
"Restaurant_1684","Hyderabad","Food Truck","2.8","3.9","1.1","Zomato higher"
"Restaurant_1554","Hyderabad","Casual Dining","4.6","3.5","1.1","Swiggy higher"
"Restaurant_1781","Chennai","Casual Dining","4.6","3.5","1.1","Swiggy higher"
"Restaurant_2492","Lucknow","Cloud Kitchen","3.8","4.9","1.1","Zomato higher"
"Restaurant_1825","Chennai","Casual Dining","4.4","3.3","1.1","Swiggy higher"
"Restaurant_959","Delhi","Fine Dine","4.4","3.3","1.1","Swiggy higher"
"Restaurant_1168","Delhi","Fine Dine","4.2","3.1","1.1","Swiggy higher"
"Restaurant_132","Mumbai","Qsr (Quick Service)","3.3","4.4","1.1","Zomato higher"
"Restaurant_1115","Delhi","Cafe","4.5","3.4","1.1","Swiggy higher"
"Restaurant_1196","Delhi","Qsr (Quick Service)","2.7","3.8","1.1","Zomato higher"
"Restaurant_1956","Kolkata","Food Truck","3.5","4.6","1.1","Zomato higher"
"Restaurant_1108","Delhi","Qsr (Quick Service)","3.3","4.4","1.1","Zomato higher"
"Restaurant_1302","Pune","Casual Dining","3.1","4.2","1.1","Zomato higher"
"Restaurant_1364","Pune","Food Truck","3.3","4.4","1.1","Zomato higher"
"Restaurant_2227","Ahmedabad","Cafe","3.1","4.2","1.1","Zomato higher"
"Restaurant_1427","Pune","Cafe","4.7","3.6","1.1","Swiggy higher"
"Restaurant_136","Mumbai","Casual Dining","4.5","3.4","1.1","Swiggy higher"
"Restaurant_1560","Hyderabad","Food Truck","4.5","3.4","1.1","Swiggy higher"
"Restaurant_1317","Pune","Casual Dining","4.5","3.4","1.1","Swiggy higher"
"Restaurant_858","Bangalore","Cafe","3.2","4.3","1.1","Zomato higher"
"Restaurant_2446","Lucknow","Cloud Kitchen","3.2","4.3","1.1","Zomato higher"
"Restaurant_2160","Ahmedabad","Qsr (Quick Service)","3.7","4.8","1.1","Zomato higher"
"Restaurant_1439","Pune","Cafe","3.1","4.2","1.1","Zomato higher"
"Restaurant_1502","Hyderabad","Cafe","4.4","3.3","1.1","Swiggy higher"
"Restaurant_14","Mumbai","Cloud Kitchen","3.6","4.7","1.1","Zomato higher"
"Restaurant_2481","Lucknow","Food Truck","3.4","4.5","1.1","Zomato higher"
"Restaurant_522","Bangalore","Cloud Kitchen","3.0","4.1","1.1","Zomato higher"
"Restaurant_249","Mumbai","Cafe","3.3","4.4","1.1","Zomato higher"
"Restaurant_2086","Kolkata","Cloud Kitchen","3.9","5.0","1.1","Zomato higher"
"Restaurant_827","Bangalore","Cafe","3.0","4.1","1.1","Zomato higher"
"Restaurant_1021","Delhi","Food Truck","3.4","4.5","1.1","Zomato higher"
"Restaurant_1939","Chennai","Food Truck","4.2","3.1","1.1","Swiggy higher"
"Restaurant_1817","Chennai","Cloud Kitchen","3.6","4.7","1.1","Zomato higher"
"Restaurant_1291","Pune","Casual Dining","3.7","4.8","1.1","Zomato higher"
"Restaurant_934","Delhi","Casual Dining","3.5","4.6","1.1","Zomato higher"
"Restaurant_1880","Chennai","Qsr (Quick Service)","4.5","3.4","1.1","Swiggy higher"
"Restaurant_135","Mumbai","Food Truck","4.5","3.4","1.1","Swiggy higher"
"Restaurant_577","Bangalore","Casual Dining","4.9","3.8","1.1","Swiggy higher"
"Restaurant_1350","Pune","Food Truck","3.3","4.4","1.1","Zomato higher"
"Restaurant_330","Mumbai","Qsr (Quick Service)","4.8","3.7","1.1","Swiggy higher"
"Restaurant_536","Bangalore","Cloud Kitchen","4.8","3.7","1.1","Swiggy higher"
"Restaurant_482","Bangalore","Qsr (Quick Service)","4.4","3.3","1.1","Swiggy higher"
"Restaurant_1686","Hyderabad","Qsr (Quick Service)","3.2","4.3","1.1","Zomato higher"
"Restaurant_2040","Kolkata","Qsr (Quick Service)","3.1","4.2","1.1","Zomato higher"
"Restaurant_1835","Chennai","Casual Dining","3.7","4.8","1.1","Zomato higher"
"Restaurant_1834","Chennai","Cafe","3.6","4.7","1.1","Zomato higher"
"Restaurant_2142","Ahmedabad","Food Truck","3.3","4.4","1.1","Zomato higher"
"Restaurant_663","Bangalore","Qsr (Quick Service)","3.2","4.3","1.1","Zomato higher"
"Restaurant_1098","Delhi","Casual Dining","2.8","3.9","1.1","Zomato higher"
"Restaurant_975","Delhi","Qsr (Quick Service)","4.2","3.2","1.0","Swiggy higher"
"Restaurant_2464","Lucknow","Cloud Kitchen","3.1","4.1","1.0","Zomato higher"
"Restaurant_1983","Kolkata","Cloud Kitchen","3.9","2.9","1.0","Swiggy higher"
"Restaurant_1976","Kolkata","Food Truck","4.3","3.3","1.0","Swiggy higher"
"Restaurant_1794","Chennai","Cafe","3.5","4.5","1.0","Zomato higher"
"Restaurant_1973","Kolkata","Qsr (Quick Service)","4.8","3.8","1.0","Swiggy higher"
"Restaurant_2462","Lucknow","Cloud Kitchen","4.9","3.9","1.0","Swiggy higher"
"Restaurant_475","Bangalore","Qsr (Quick Service)","3.6","4.6","1.0","Zomato higher"
"Restaurant_1968","Kolkata","Qsr (Quick Service)","3.5","4.5","1.0","Zomato higher"
"Restaurant_1809","Chennai","Casual Dining","3.6","4.6","1.0","Zomato higher"
"Restaurant_481","Bangalore","Casual Dining","3.8","4.8","1.0","Zomato higher"
"Restaurant_1811","Chennai","Qsr (Quick Service)","3.6","4.6","1.0","Zomato higher"
"Restaurant_1953","Kolkata","Food Truck","3.8","4.8","1.0","Zomato higher"
"Restaurant_501","Bangalore","Food Truck","3.2","4.2","1.0","Zomato higher"
"Restaurant_1081","Delhi","Cafe","4.6","3.6","1.0","Swiggy higher"
"Restaurant_1005","Delhi","Cloud Kitchen","4.0","5.0","1.0","Zomato higher"
"Restaurant_548","Bangalore","Cloud Kitchen","3.0","4.0","1.0","Zomato higher"
"Restaurant_1910","Chennai","Cloud Kitchen","5.0","4.0","1.0","Swiggy higher"
"Restaurant_1158","Delhi","Cafe","3.3","4.3","1.0","Zomato higher"
"Restaurant_998","Delhi","Qsr (Quick Service)","4.7","3.7","1.0","Swiggy higher"
"Restaurant_1061","Delhi","Cloud Kitchen","4.3","3.3","1.0","Swiggy higher"
"Restaurant_1164","Delhi","Food Truck","4.0","3.0","1.0","Swiggy higher"
"Restaurant_1256","Pune","Cafe","4.5","3.5","1.0","Swiggy higher"
"Restaurant_1178","Delhi","Fine Dine","3.5","4.5","1.0","Zomato higher"
"Restaurant_1462","Pune","Food Truck","3.6","4.6","1.0","Zomato higher"
"Restaurant_1203","Delhi","Fine Dine","3.3","4.3","1.0","Zomato higher"
"Restaurant_1225","Delhi","Cafe","3.7","4.7","1.0","Zomato higher"
"Restaurant_1224","Delhi","Cafe","4.8","3.8","1.0","Swiggy higher"
"Restaurant_151","Mumbai","Casual Dining","4.4","3.4","1.0","Swiggy higher"
"Restaurant_2488","Lucknow","Casual Dining","3.7","4.7","1.0","Zomato higher"
"Restaurant_157","Mumbai","Qsr (Quick Service)","3.4","4.4","1.0","Zomato higher"
"Restaurant_926","Delhi","Cafe","4.2","3.2","1.0","Swiggy higher"
"Restaurant_917","Delhi","Qsr (Quick Service)","3.7","4.7","1.0","Zomato higher"
"Restaurant_905","Delhi","Casual Dining","4.3","3.3","1.0","Swiggy higher"
"Restaurant_2287","Jaipur","Qsr (Quick Service)","4.9","3.9","1.0","Swiggy higher"
"Restaurant_1552","Hyderabad","Cloud Kitchen","4.9","3.9","1.0","Swiggy higher"
"Restaurant_2286","Jaipur","Fine Dine","4.2","3.2","1.0","Swiggy higher"
"Restaurant_2275","Ahmedabad","Food Truck","3.6","4.6","1.0","Zomato higher"
"Restaurant_98","Mumbai","Qsr (Quick Service)","4.4","3.4","1.0","Swiggy higher"
"Restaurant_847","Bangalore","Casual Dining","4.4","3.4","1.0","Swiggy higher"
"Restaurant_846","Bangalore","Qsr (Quick Service)","3.6","4.6","1.0","Zomato higher"
"Restaurant_1584","Hyderabad","Cloud Kitchen","3.3","4.3","1.0","Zomato higher"
"Restaurant_32","Mumbai","Cloud Kitchen","4.7","3.7","1.0","Swiggy higher"
"Restaurant_1606","Hyderabad","Qsr (Quick Service)","4.0","5.0","1.0","Zomato higher"
"Restaurant_814","Bangalore","Qsr (Quick Service)","3.5","4.5","1.0","Zomato higher"
"Restaurant_2396","Jaipur","Food Truck","4.5","3.5","1.0","Swiggy higher"
"Restaurant_801","Bangalore","Fine Dine","3.7","4.7","1.0","Zomato higher"
"Restaurant_1072","Delhi","Cloud Kitchen","4.1","3.1","1.0","Swiggy higher"
"Restaurant_1633","Hyderabad","Food Truck","3.4","4.4","1.0","Zomato higher"
"Restaurant_773","Bangalore","Casual Dining","3.8","4.8","1.0","Zomato higher"
"Restaurant_1112","Delhi","Qsr (Quick Service)","3.7","4.7","1.0","Zomato higher"
"Restaurant_2472","Lucknow","Cafe","3.7","4.7","1.0","Zomato higher"
"Restaurant_1652","Hyderabad","Casual Dining","4.5","3.5","1.0","Swiggy higher"
"Restaurant_758","Bangalore","Qsr (Quick Service)","3.8","4.8","1.0","Zomato higher"
"Restaurant_2471","Lucknow","Cafe","3.7","4.7","1.0","Zomato higher"
"Restaurant_300","Mumbai","Qsr (Quick Service)","3.4","4.4","1.0","Zomato higher"
"Restaurant_1682","Hyderabad","Cloud Kitchen","4.6","3.6","1.0","Swiggy higher"
"Restaurant_1025","Delhi","Fine Dine","4.2","3.2","1.0","Swiggy higher"
"Restaurant_2123","Ahmedabad","Fine Dine","4.8","3.8","1.0","Swiggy higher"
"Restaurant_1297","Pune","Cafe","4.3","3.3","1.0","Swiggy higher"
"Restaurant_2101","Kolkata","Casual Dining","4.9","3.9","1.0","Swiggy higher"
"Restaurant_717","Bangalore","Qsr (Quick Service)","4.7","3.7","1.0","Swiggy higher"
"Restaurant_716","Bangalore","Food Truck","3.4","4.4","1.0","Zomato higher"
"Restaurant_2092","Kolkata","Fine Dine","4.7","3.7","1.0","Swiggy higher"
"Restaurant_349","Mumbai","Food Truck","4.0","3.0","1.0","Swiggy higher"
"Restaurant_1023","Delhi","Food Truck","4.5","3.5","1.0","Swiggy higher"
"Restaurant_709","Bangalore","Cloud Kitchen","4.6","3.6","1.0","Swiggy higher"
"Restaurant_357","Mumbai","Qsr (Quick Service)","3.6","4.6","1.0","Zomato higher"
"Restaurant_2075","Kolkata","Casual Dining","3.4","4.4","1.0","Zomato higher"
"Restaurant_1290","Pune","Qsr (Quick Service)","3.4","4.4","1.0","Zomato higher"
"Restaurant_699","Bangalore","Qsr (Quick Service)","3.6","4.6","1.0","Zomato higher"
"Restaurant_2052","Kolkata","Casual Dining","4.5","3.5","1.0","Swiggy higher"
"Restaurant_1078","Delhi","Food Truck","4.4","3.4","1.0","Swiggy higher"
"Restaurant_1130","Delhi","Casual Dining","3.8","4.8","1.0","Zomato higher"
"Restaurant_1744","Chennai","Cloud Kitchen","4.6","3.6","1.0","Swiggy higher"
"Restaurant_1746","Chennai","Cafe","3.3","4.3","1.0","Zomato higher"
"Restaurant_439","Mumbai","Fine Dine","3.3","4.3","1.0","Zomato higher"
"Restaurant_451","Bangalore","Fine Dine","4.8","3.8","1.0","Swiggy higher"
"Restaurant_631","Bangalore","Casual Dining","5.0","4.0","1.0","Swiggy higher"
"Restaurant_1264","Pune","Food Truck","3.9","4.8","0.9","Zomato higher"
"Restaurant_2091","Kolkata","Casual Dining","4.9","4.0","0.9","Swiggy higher"
"Restaurant_416","Mumbai","Qsr (Quick Service)","3.7","4.6","0.9","Zomato higher"
"Restaurant_2184","Ahmedabad","Food Truck","3.4","4.3","0.9","Zomato higher"
"Restaurant_1306","Pune","Casual Dining","3.5","4.4","0.9","Zomato higher"
"Restaurant_253","Mumbai","Fine Dine","3.9","4.8","0.9","Zomato higher"
"Restaurant_1142","Delhi","Casual Dining","4.1","5.0","0.9","Zomato higher"
"Restaurant_1857","Chennai","Cafe","3.4","4.3","0.9","Zomato higher"
"Restaurant_1777","Chennai","Fine Dine","4.5","3.6","0.9","Swiggy higher"
"Restaurant_1332","Pune","Cloud Kitchen","4.2","3.3","0.9","Swiggy higher"
"Restaurant_119","Mumbai","Casual Dining","3.9","4.8","0.9","Zomato higher"
"Restaurant_150","Mumbai","Cloud Kitchen","3.9","4.8","0.9","Zomato higher"
"Restaurant_938","Delhi","Casual Dining","3.9","4.8","0.9","Zomato higher"
"Restaurant_1587","Hyderabad","Casual Dining","3.5","4.4","0.9","Zomato higher"
"Restaurant_2076","Kolkata","Qsr (Quick Service)","4.6","3.7","0.9","Swiggy higher"
"Restaurant_43","Mumbai","Casual Dining","3.6","4.5","0.9","Zomato higher"
"Restaurant_19","Mumbai","Qsr (Quick Service)","4.4","3.5","0.9","Swiggy higher"
"Restaurant_427","Mumbai","Cloud Kitchen","4.1","3.2","0.9","Swiggy higher"
"Restaurant_2074","Kolkata","Qsr (Quick Service)","4.4","3.5","0.9","Swiggy higher"
"Restaurant_2500","Lucknow","Qsr (Quick Service)","3.7","4.6","0.9","Zomato higher"
"Restaurant_294","Mumbai","Fine Dine","3.8","4.7","0.9","Zomato higher"
"Restaurant_969","Delhi","Casual Dining","3.4","4.3","0.9","Zomato higher"
"Restaurant_418","Mumbai","Cafe","4.4","3.5","0.9","Swiggy higher"
"Restaurant_1753","Chennai","Cloud Kitchen","4.1","5.0","0.9","Zomato higher"
"Restaurant_2236","Ahmedabad","Fine Dine","3.6","4.5","0.9","Zomato higher"
"Restaurant_650","Bangalore","Cloud Kitchen","4.4","3.5","0.9","Swiggy higher"
"Restaurant_1772","Chennai","Food Truck","4.4","3.5","0.9","Swiggy higher"
"Restaurant_634","Bangalore","Cloud Kitchen","4.2","3.3","0.9","Swiggy higher"
"Restaurant_61","Mumbai","Food Truck","3.5","4.4","0.9","Zomato higher"
"Restaurant_1656","Hyderabad","Fine Dine","4.4","3.5","0.9","Swiggy higher"
"Restaurant_1663","Hyderabad","Cafe","4.0","4.9","0.9","Zomato higher"
"Restaurant_1997","Kolkata","Qsr (Quick Service)","3.5","4.4","0.9","Zomato higher"
"Restaurant_697","Bangalore","Casual Dining","4.2","3.3","0.9","Swiggy higher"
"Restaurant_509","Bangalore","Fine Dine","3.9","3.0","0.9","Swiggy higher"
"Restaurant_1845","Chennai","Qsr (Quick Service)","4.4","3.5","0.9","Swiggy higher"
"Restaurant_382","Mumbai","Cloud Kitchen","3.5","4.4","0.9","Zomato higher"
"Restaurant_383","Mumbai","Cloud Kitchen","3.6","4.5","0.9","Zomato higher"
"Restaurant_1842","Chennai","Casual Dining","3.3","4.2","0.9","Zomato higher"
"Restaurant_797","Bangalore","Casual Dining","4.4","3.5","0.9","Swiggy higher"
"Restaurant_2205","Ahmedabad","Food Truck","3.8","4.7","0.9","Zomato higher"
"Restaurant_2469","Lucknow","Cloud Kitchen","4.7","3.8","0.9","Swiggy higher"
"Restaurant_1593","Hyderabad","Cloud Kitchen","3.3","4.2","0.9","Zomato higher"
"Restaurant_2159","Ahmedabad","Casual Dining","4.2","3.3","0.9","Swiggy higher"
"Restaurant_1421","Pune","Food Truck","4.5","3.6","0.9","Swiggy higher"
"Restaurant_1205","Delhi","Qsr (Quick Service)","4.3","3.4","0.9","Swiggy higher"
"Restaurant_309","Mumbai","Cafe","3.1","4.0","0.9","Zomato higher"
"Restaurant_640","Bangalore","Cloud Kitchen","3.3","4.2","0.9","Zomato higher"
"Restaurant_2358","Jaipur","Fine Dine","4.5","3.6","0.9","Swiggy higher"
"Restaurant_632","Bangalore","Fine Dine","3.6","4.5","0.9","Zomato higher"
"Restaurant_996","Delhi","Fine Dine","4.2","3.3","0.9","Swiggy higher"
"Restaurant_581","Bangalore","Fine Dine","4.7","3.8","0.9","Swiggy higher"
"Restaurant_1839","Chennai","Cafe","4.3","3.4","0.9","Swiggy higher"
"Restaurant_592","Bangalore","Casual Dining","4.5","3.6","0.9","Swiggy higher"
"Restaurant_796","Bangalore","Casual Dining","4.4","3.5","0.9","Swiggy higher"
"Restaurant_1626","Hyderabad","Food Truck","4.4","3.5","0.9","Swiggy higher"
"Restaurant_1146","Delhi","Food Truck","4.9","4.0","0.9","Swiggy higher"
"Restaurant_231","Mumbai","Casual Dining","3.5","4.4","0.9","Zomato higher"
"Restaurant_738","Bangalore","Cafe","5.0","4.1","0.9","Swiggy higher"
"Restaurant_1325","Pune","Casual Dining","4.4","3.5","0.9","Swiggy higher"
"Restaurant_1740","Hyderabad","Cafe","3.6","4.5","0.9","Zomato higher"
"Restaurant_1685","Hyderabad","Qsr (Quick Service)","3.9","3.0","0.9","Swiggy higher"
"Restaurant_2477","Lucknow","Food Truck","4.3","3.4","0.9","Swiggy higher"
"Restaurant_1630","Hyderabad","Food Truck","4.5","3.6","0.9","Swiggy higher"
"Restaurant_2478","Lucknow","Food Truck","3.7","4.6","0.9","Zomato higher"
"Restaurant_2486","Lucknow","Qsr (Quick Service)","4.3","3.4","0.9","Swiggy higher"
"Restaurant_910","Delhi","Fine Dine","4.3","3.4","0.9","Swiggy higher"
"Restaurant_1132","Delhi","Cloud Kitchen","3.9","3.0","0.9","Swiggy higher"
"Restaurant_154","Mumbai","Food Truck","4.5","3.6","0.9","Swiggy higher"
"Restaurant_1517","Hyderabad","Fine Dine","4.8","3.9","0.9","Swiggy higher"
"Restaurant_25","Mumbai","Qsr (Quick Service)","4.8","3.9","0.9","Swiggy higher"
"Restaurant_1774","Chennai","Cloud Kitchen","3.6","4.5","0.9","Zomato higher"
"Restaurant_1898","Chennai","Casual Dining","4.4","3.5","0.9","Swiggy higher"
"Restaurant_1688","Hyderabad","Fine Dine","4.1","5.0","0.9","Zomato higher"
"Restaurant_1144","Delhi","Fine Dine","3.3","4.2","0.9","Zomato higher"
"Restaurant_2420","Lucknow","Casual Dining","4.4","3.5","0.9","Swiggy higher"
"Restaurant_1532","Hyderabad","Cloud Kitchen","3.5","4.4","0.9","Zomato higher"
"Restaurant_1595","Hyderabad","Food Truck","4.5","3.6","0.9","Swiggy higher"
"Restaurant_2115","Kolkata","Casual Dining","4.8","3.9","0.9","Swiggy higher"
"Restaurant_5","Mumbai","Cafe","4.8","3.9","0.9","Swiggy higher"
"Restaurant_248","Mumbai","Cafe","4.5","3.6","0.9","Swiggy higher"
"Restaurant_1503","Hyderabad","Fine Dine","3.2","4.1","0.9","Zomato higher"
"Restaurant_545","Bangalore","Qsr (Quick Service)","3.3","4.2","0.9","Zomato higher"
"Restaurant_2289","Jaipur","Casual Dining","4.1","5.0","0.9","Zomato higher"
"Restaurant_332","Mumbai","Cloud Kitchen","3.7","4.6","0.9","Zomato higher"
"Restaurant_1273","Pune","Cafe","4.4","3.5","0.9","Swiggy higher"
"Restaurant_1815","Chennai","Qsr (Quick Service)","4.4","3.5","0.9","Swiggy higher"
"Restaurant_1575","Hyderabad","Food Truck","4.8","3.9","0.9","Swiggy higher"
"Restaurant_1336","Pune","Qsr (Quick Service)","3.7","4.6","0.9","Zomato higher"
"Restaurant_1048","Delhi","Cloud Kitchen","4.1","3.2","0.9","Swiggy higher"
"Restaurant_1401","Pune","Qsr (Quick Service)","4.3","3.4","0.9","Swiggy higher"
"Restaurant_1909","Chennai","Qsr (Quick Service)","3.4","4.3","0.9","Zomato higher"
"Restaurant_1643","Hyderabad","Fine Dine","4.9","4.0","0.9","Swiggy higher"
"Restaurant_2333","Jaipur","Food Truck","4.4","3.5","0.9","Swiggy higher"
"Restaurant_1596","Hyderabad","Cloud Kitchen","3.6","4.5","0.9","Zomato higher"
"Restaurant_918","Delhi","Cloud Kitchen","3.7","4.6","0.9","Zomato higher"
"Restaurant_1694","Hyderabad","Qsr (Quick Service)","4.2","3.3","0.9","Swiggy higher"
"Restaurant_280","Mumbai","Fine Dine","4.3","3.4","0.9","Swiggy higher"
"Restaurant_1066","Delhi","Food Truck","3.5","4.4","0.9","Zomato higher"
"Restaurant_425","Mumbai","Qsr (Quick Service)","3.4","4.3","0.9","Zomato higher"
"Restaurant_1263","Pune","Fine Dine","3.7","4.6","0.9","Zomato higher"
"Restaurant_618","Bangalore","Food Truck","4.5","3.6","0.9","Swiggy higher"
"Restaurant_2382","Jaipur","Food Truck","3.7","4.6","0.9","Zomato higher"
"Restaurant_160","Mumbai","Qsr (Quick Service)","4.7","3.8","0.9","Swiggy higher"
"Restaurant_2467","Lucknow","Cloud Kitchen","3.5","4.4","0.9","Zomato higher"
"Restaurant_849","Bangalore","Cloud Kitchen","3.6","4.5","0.9","Zomato higher"
"Restaurant_2376","Jaipur","Cafe","4.1","5.0","0.9","Zomato higher"
"Restaurant_452","Bangalore","Cloud Kitchen","3.3","4.2","0.9","Zomato higher"
"Restaurant_2244","Ahmedabad","Food Truck","4.7","3.8","0.9","Swiggy higher"
"Restaurant_889","Delhi","Cafe","3.5","4.3","0.8","Zomato higher"
"Restaurant_883","Delhi","Cafe","4.0","4.8","0.8","Zomato higher"
"Restaurant_2304","Jaipur","Cafe","4.6","3.8","0.8","Swiggy higher"
"Restaurant_2","Mumbai","Casual Dining","4.2","3.4","0.8","Swiggy higher"
"Restaurant_875","Delhi","Casual Dining","3.5","2.7","0.8","Swiggy higher"
"Restaurant_2434","Lucknow","Cloud Kitchen","4.5","3.7","0.8","Swiggy higher"
"Restaurant_2367","Jaipur","Cafe","4.7","3.9","0.8","Swiggy higher"
"Restaurant_1011","Delhi","Casual Dining","4.2","3.4","0.8","Swiggy higher"
"Restaurant_202","Mumbai","Qsr (Quick Service)","3.7","4.5","0.8","Zomato higher"
"Restaurant_867","Bangalore","Cloud Kitchen","4.4","3.6","0.8","Swiggy higher"
"Restaurant_1559","Hyderabad","Cloud Kitchen","4.0","3.2","0.8","Swiggy higher"
"Restaurant_2361","Jaipur","Cafe","4.5","3.7","0.8","Swiggy higher"
"Restaurant_2266","Ahmedabad","Cloud Kitchen","4.6","3.8","0.8","Swiggy higher"
"Restaurant_209","Mumbai","Food Truck","3.3","4.1","0.8","Zomato higher"
"Restaurant_210","Mumbai","Fine Dine","3.8","4.6","0.8","Zomato higher"
"Restaurant_211","Mumbai","Qsr (Quick Service)","4.1","3.3","0.8","Swiggy higher"
"Restaurant_215","Mumbai","Qsr (Quick Service)","3.0","3.8","0.8","Zomato higher"
"Restaurant_1745","Chennai","Cafe","4.0","3.2","0.8","Swiggy higher"
"Restaurant_155","Mumbai","Casual Dining","4.3","3.5","0.8","Swiggy higher"
"Restaurant_1309","Pune","Food Truck","3.5","4.3","0.8","Zomato higher"
"Restaurant_1102","Delhi","Cafe","3.6","4.4","0.8","Zomato higher"
"Restaurant_2341","Jaipur","Cloud Kitchen","3.6","4.4","0.8","Zomato higher"
"Restaurant_226","Mumbai","Qsr (Quick Service)","3.2","4.0","0.8","Zomato higher"
"Restaurant_227","Mumbai","Cafe","3.5","4.3","0.8","Zomato higher"
"Restaurant_230","Mumbai","Food Truck","3.9","3.1","0.8","Swiggy higher"
"Restaurant_1104","Delhi","Cafe","3.8","4.6","0.8","Zomato higher"
"Restaurant_840","Bangalore","Cafe","3.3","4.1","0.8","Zomato higher"
"Restaurant_939","Delhi","Food Truck","4.7","3.9","0.8","Swiggy higher"
"Restaurant_1478","Pune","Qsr (Quick Service)","4.2","3.4","0.8","Swiggy higher"
"Restaurant_2380","Jaipur","Food Truck","4.3","3.5","0.8","Swiggy higher"
"Restaurant_1373","Pune","Qsr (Quick Service)","3.6","4.4","0.8","Zomato higher"
"Restaurant_246","Mumbai","Casual Dining","4.4","3.6","0.8","Swiggy higher"
"Restaurant_1470","Pune","Qsr (Quick Service)","4.8","4.0","0.8","Swiggy higher"
"Restaurant_2360","Jaipur","Cafe","3.1","3.9","0.8","Zomato higher"
"Restaurant_252","Mumbai","Cafe","4.3","3.5","0.8","Swiggy higher"
"Restaurant_1198","Delhi","Cafe","3.7","4.5","0.8","Zomato higher"
"Restaurant_2375","Jaipur","Qsr (Quick Service)","3.6","4.4","0.8","Zomato higher"
"Restaurant_620","Bangalore","Food Truck","4.0","4.8","0.8","Zomato higher"
"Restaurant_803","Bangalore","Cloud Kitchen","4.5","3.7","0.8","Swiggy higher"
"Restaurant_1752","Chennai","Cloud Kitchen","4.2","3.4","0.8","Swiggy higher"
"Restaurant_2206","Ahmedabad","Qsr (Quick Service)","4.9","4.1","0.8","Swiggy higher"
"Restaurant_2202","Ahmedabad","Qsr (Quick Service)","4.1","3.3","0.8","Swiggy higher"
"Restaurant_2194","Ahmedabad","Casual Dining","4.3","3.5","0.8","Swiggy higher"
"Restaurant_957","Delhi","Fine Dine","4.2","3.4","0.8","Swiggy higher"
"Restaurant_50","Mumbai","Fine Dine","3.7","4.5","0.8","Zomato higher"
"Restaurant_785","Bangalore","Cloud Kitchen","3.9","4.7","0.8","Zomato higher"
"Restaurant_274","Mumbai","Fine Dine","3.3","4.1","0.8","Zomato higher"
"Restaurant_1634","Hyderabad","Qsr (Quick Service)","4.4","3.6","0.8","Swiggy higher"
"Restaurant_1447","Pune","Fine Dine","4.4","3.6","0.8","Swiggy higher"
"Restaurant_1446","Pune","Cafe","3.5","4.3","0.8","Zomato higher"
"Restaurant_37","Mumbai","Qsr (Quick Service)","4.7","3.9","0.8","Swiggy higher"
"Restaurant_772","Bangalore","Fine Dine","4.0","4.8","0.8","Zomato higher"
"Restaurant_765","Bangalore","Cafe","4.3","3.5","0.8","Swiggy higher"
"Restaurant_763","Bangalore","Food Truck","4.3","3.5","0.8","Swiggy higher"
"Restaurant_2372","Jaipur","Cafe","3.7","4.5","0.8","Zomato higher"
"Restaurant_288","Mumbai","Qsr (Quick Service)","3.2","4.0","0.8","Zomato higher"
"Restaurant_471","Bangalore","Cloud Kitchen","3.7","2.9","0.8","Swiggy higher"
"Restaurant_2179","Ahmedabad","Fine Dine","3.2","4.0","0.8","Zomato higher"
"Restaurant_1036","Delhi","Cloud Kitchen","4.5","3.7","0.8","Swiggy higher"
"Restaurant_1760","Chennai","Cafe","4.3","3.5","0.8","Swiggy higher"
"Restaurant_112","Mumbai","Cafe","3.3","4.1","0.8","Zomato higher"
"Restaurant_1059","Delhi","Cloud Kitchen","4.6","3.8","0.8","Swiggy higher"
"Restaurant_986","Delhi","Qsr (Quick Service)","5.0","4.2","0.8","Swiggy higher"
"Restaurant_1170","Delhi","Cloud Kitchen","3.4","4.2","0.8","Zomato higher"
"Restaurant_1351","Pune","Cloud Kitchen","3.8","4.6","0.8","Zomato higher"
"Restaurant_314","Mumbai","Qsr (Quick Service)","4.8","4.0","0.8","Swiggy higher"
"Restaurant_1159","Delhi","Cloud Kitchen","3.9","4.7","0.8","Zomato higher"
"Restaurant_1261","Pune","Cafe","4.7","3.9","0.8","Swiggy higher"
"Restaurant_734","Bangalore","Food Truck","4.3","3.5","0.8","Swiggy higher"
"Restaurant_2379","Jaipur","Qsr (Quick Service)","4.6","3.8","0.8","Swiggy higher"
"Restaurant_1330","Pune","Casual Dining","3.6","4.4","0.8","Zomato higher"
"Restaurant_1386","Pune","Cafe","4.7","3.9","0.8","Swiggy higher"
"Restaurant_2006","Kolkata","Cafe","4.5","3.7","0.8","Swiggy higher"
"Restaurant_1690","Hyderabad","Fine Dine","3.4","4.2","0.8","Zomato higher"
"Restaurant_2457","Lucknow","Casual Dining","3.3","4.1","0.8","Zomato higher"
"Restaurant_726","Bangalore","Fine Dine","4.1","4.9","0.8","Zomato higher"
"Restaurant_2113","Kolkata","Cloud Kitchen","3.9","3.1","0.8","Swiggy higher"
"Restaurant_2106","Kolkata","Cafe","4.1","4.9","0.8","Zomato higher"
"Restaurant_547","Bangalore","Qsr (Quick Service)","4.5","3.7","0.8","Swiggy higher"
"Restaurant_2104","Kolkata","Fine Dine","3.4","4.2","0.8","Zomato higher"
"Restaurant_2100","Kolkata","Food Truck","5.0","4.2","0.8","Swiggy higher"
"Restaurant_440","Mumbai","Cafe","3.7","4.5","0.8","Zomato higher"
"Restaurant_2088","Kolkata","Casual Dining","3.7","4.5","0.8","Zomato higher"
"Restaurant_81","Mumbai","Cloud Kitchen","3.4","4.2","0.8","Zomato higher"
"Restaurant_352","Mumbai","Cloud Kitchen","3.5","4.3","0.8","Zomato higher"
"Restaurant_621","Bangalore","Qsr (Quick Service)","4.2","3.4","0.8","Swiggy higher"
"Restaurant_2084","Kolkata","Cloud Kitchen","4.0","3.2","0.8","Swiggy higher"
"Restaurant_1705","Hyderabad","Cloud Kitchen","4.3","3.5","0.8","Swiggy higher"
"Restaurant_1856","Chennai","Fine Dine","3.6","4.4","0.8","Zomato higher"
"Restaurant_360","Mumbai","Cloud Kitchen","4.3","3.5","0.8","Swiggy higher"
"Restaurant_54","Mumbai","Qsr (Quick Service)","4.0","4.8","0.8","Zomato higher"
"Restaurant_516","Bangalore","Fine Dine","4.6","3.8","0.8","Swiggy higher"
"Restaurant_2070","Kolkata","Cafe","4.5","3.7","0.8","Swiggy higher"
"Restaurant_465","Bangalore","Casual Dining","4.4","3.6","0.8","Swiggy higher"
"Restaurant_1124","Delhi","Fine Dine","4.2","3.4","0.8","Swiggy higher"
"Restaurant_1064","Delhi","Food Truck","3.6","2.8","0.8","Swiggy higher"
"Restaurant_2064","Kolkata","Casual Dining","5.0","4.2","0.8","Swiggy higher"
"Restaurant_702","Bangalore","Fine Dine","3.6","4.4","0.8","Zomato higher"
"Restaurant_2453","Lucknow","Food Truck","3.0","3.8","0.8","Zomato higher"
"Restaurant_1712","Hyderabad","Fine Dine","3.4","4.2","0.8","Zomato higher"
"Restaurant_2452","Lucknow","Food Truck","3.2","4.0","0.8","Zomato higher"
"Restaurant_1397","Pune","Cloud Kitchen","4.3","3.5","0.8","Swiggy higher"
"Restaurant_580","Bangalore","Fine Dine","4.3","3.5","0.8","Swiggy higher"
"Restaurant_1284","Pune","Food Truck","4.0","3.2","0.8","Swiggy higher"
"Restaurant_388","Mumbai","Qsr (Quick Service)","4.5","3.7","0.8","Swiggy higher"
"Restaurant_389","Mumbai","Cafe","3.3","4.1","0.8","Zomato higher"
"Restaurant_2044","Kolkata","Cloud Kitchen","3.5","4.3","0.8","Zomato higher"
"Restaurant_684","Bangalore","Fine Dine","4.9","4.1","0.8","Swiggy higher"
"Restaurant_633","Bangalore","Casual Dining","3.5","4.3","0.8","Zomato higher"
"Restaurant_500","Bangalore","Qsr (Quick Service)","4.6","3.8","0.8","Swiggy higher"
"Restaurant_2037","Kolkata","Fine Dine","4.5","3.7","0.8","Swiggy higher"
"Restaurant_46","Mumbai","Fine Dine","3.2","4.0","0.8","Zomato higher"
"Restaurant_1736","Hyderabad","Cafe","3.1","3.9","0.8","Zomato higher"
"Restaurant_593","Bangalore","Cafe","4.4","3.6","0.8","Swiggy higher"
"Restaurant_48","Mumbai","Casual Dining","4.4","3.6","0.8","Swiggy higher"
"Restaurant_58","Mumbai","Qsr (Quick Service)","3.9","3.1","0.8","Swiggy higher"
"Restaurant_488","Bangalore","Cafe","3.6","4.4","0.8","Zomato higher"
"Restaurant_673","Bangalore","Cafe","3.2","4.0","0.8","Zomato higher"
"Restaurant_2468","Lucknow","Fine Dine","4.3","3.5","0.8","Swiggy higher"
"Restaurant_2327","Jaipur","Casual Dining","4.2","3.4","0.8","Swiggy higher"
"Restaurant_911","Delhi","Cafe","5.0","4.2","0.8","Swiggy higher"
"Restaurant_903","Delhi","Casual Dining","3.6","4.4","0.8","Zomato higher"
"Restaurant_1524","Hyderabad","Cloud Kitchen","4.6","3.8","0.8","Swiggy higher"
"Restaurant_2319","Jaipur","Cafe","3.9","3.1","0.8","Swiggy higher"
"Restaurant_1528","Hyderabad","Fine Dine","3.7","4.5","0.8","Zomato higher"
"Restaurant_104","Mumbai","Fine Dine","3.8","4.6","0.8","Zomato higher"
"Restaurant_1531","Hyderabad","Casual Dining","4.2","3.4","0.8","Swiggy higher"
"Restaurant_62","Mumbai","Food Truck","4.5","3.8","0.7","Swiggy higher"
"Restaurant_1346","Pune","Food Truck","4.0","3.3","0.7","Swiggy higher"
"Restaurant_1335","Pune","Casual Dining","4.6","3.9","0.7","Swiggy higher"
"Restaurant_1085","Delhi","Cafe","3.4","4.1","0.7","Zomato higher"
"Restaurant_1327","Pune","Casual Dining","4.5","3.8","0.7","Swiggy higher"
"Restaurant_1089","Delhi","Casual Dining","3.6","4.3","0.7","Zomato higher"
"Restaurant_1101","Delhi","Cafe","4.5","3.8","0.7","Swiggy higher"
"Restaurant_137","Mumbai","Cloud Kitchen","3.6","4.3","0.7","Zomato higher"
"Restaurant_1129","Delhi","Cloud Kitchen","3.6","4.3","0.7","Zomato higher"
"Restaurant_1281","Pune","Cafe","3.9","4.6","0.7","Zomato higher"
"Restaurant_1270","Pune","Cloud Kitchen","3.6","4.3","0.7","Zomato higher"
"Restaurant_1147","Delhi","Qsr (Quick Service)","4.0","3.3","0.7","Swiggy higher"
"Restaurant_1265","Pune","Qsr (Quick Service)","4.4","3.7","0.7","Swiggy higher"
"Restaurant_1153","Delhi","Cloud Kitchen","4.2","3.5","0.7","Swiggy higher"
"Restaurant_1161","Delhi","Fine Dine","3.6","2.9","0.7","Swiggy higher"
"Restaurant_1162","Delhi","Cafe","4.0","3.3","0.7","Swiggy higher"
"Restaurant_1258","Pune","Cafe","3.7","4.4","0.7","Zomato higher"
"Restaurant_1166","Delhi","Cafe","3.8","4.5","0.7","Zomato higher"
"Restaurant_1254","Pune","Cloud Kitchen","4.2","3.5","0.7","Swiggy higher"
"Restaurant_2350","Jaipur","Cloud Kitchen","3.6","4.3","0.7","Zomato higher"
"Restaurant_144","Mumbai","Fine Dine","3.6","4.3","0.7","Zomato higher"
"Restaurant_1199","Delhi","Food Truck","4.2","4.9","0.7","Zomato higher"
"Restaurant_1201","Delhi","Casual Dining","4.4","3.7","0.7","Swiggy higher"
"Restaurant_1206","Delhi","Cloud Kitchen","4.3","3.6","0.7","Swiggy higher"
"Restaurant_1208","Delhi","Qsr (Quick Service)","3.5","4.2","0.7","Zomato higher"
"Restaurant_165","Mumbai","Food Truck","3.4","4.1","0.7","Zomato higher"
"Restaurant_169","Mumbai","Cloud Kitchen","3.7","4.4","0.7","Zomato higher"
"Restaurant_170","Mumbai","Cloud Kitchen","3.9","4.6","0.7","Zomato higher"
"Restaurant_175","Mumbai","Cloud Kitchen","3.9","3.2","0.7","Swiggy higher"
"Restaurant_204","Mumbai","Casual Dining","3.8","3.1","0.7","Swiggy higher"
"Restaurant_2246","Ahmedabad","Casual Dining","3.7","4.4","0.7","Zomato higher"
"Restaurant_2238","Ahmedabad","Casual Dining","4.7","4.0","0.7","Swiggy higher"
"Restaurant_2479","Lucknow","Cloud Kitchen","3.9","3.2","0.7","Swiggy higher"
"Restaurant_228","Mumbai","Qsr (Quick Service)","3.7","4.4","0.7","Zomato higher"
"Restaurant_2231","Ahmedabad","Fine Dine","4.4","3.7","0.7","Swiggy higher"
"Restaurant_2229","Ahmedabad","Casual Dining","4.1","3.4","0.7","Swiggy higher"
"Restaurant_244","Mumbai","Casual Dining","3.9","4.6","0.7","Zomato higher"
"Restaurant_2220","Ahmedabad","Cafe","3.7","4.4","0.7","Zomato higher"
"Restaurant_2219","Ahmedabad","Fine Dine","3.5","4.2","0.7","Zomato higher"
"Restaurant_267","Mumbai","Qsr (Quick Service)","3.8","3.1","0.7","Swiggy higher"
"Restaurant_271","Mumbai","Food Truck","4.0","4.7","0.7","Zomato higher"
"Restaurant_287","Mumbai","Fine Dine","3.7","4.4","0.7","Zomato higher"
"Restaurant_2182","Ahmedabad","Food Truck","3.2","3.9","0.7","Zomato higher"
"Restaurant_2171","Ahmedabad","Qsr (Quick Service)","4.4","3.7","0.7","Swiggy higher"
"Restaurant_305","Mumbai","Cafe","3.3","4.0","0.7","Zomato higher"
"Restaurant_308","Mumbai","Cloud Kitchen","4.0","3.3","0.7","Swiggy higher"
"Restaurant_2153","Ahmedabad","Qsr (Quick Service)","4.2","3.5","0.7","Swiggy higher"
"Restaurant_2138","Ahmedabad","Casual Dining","4.2","4.9","0.7","Zomato higher"
"Restaurant_2137","Ahmedabad","Casual Dining","4.4","3.7","0.7","Swiggy higher"
"Restaurant_2132","Ahmedabad","Fine Dine","3.8","4.5","0.7","Zomato higher"
"Restaurant_333","Mumbai","Qsr (Quick Service)","4.0","4.7","0.7","Zomato higher"
"Restaurant_2108","Kolkata","Qsr (Quick Service)","3.3","4.0","0.7","Zomato higher"
"Restaurant_353","Mumbai","Food Truck","3.4","4.1","0.7","Zomato higher"
"Restaurant_2069","Kolkata","Cloud Kitchen","3.6","4.3","0.7","Zomato higher"
"Restaurant_368","Mumbai","Casual Dining","4.2","3.5","0.7","Swiggy higher"
"Restaurant_2068","Kolkata","Cafe","4.5","3.8","0.7","Swiggy higher"
"Restaurant_2059","Kolkata","Cafe","4.0","3.3","0.7","Swiggy higher"
"Restaurant_2055","Kolkata","Qsr (Quick Service)","4.5","3.8","0.7","Swiggy higher"
"Restaurant_2498","Lucknow","Food Truck","3.1","3.8","0.7","Zomato higher"
"Restaurant_392","Mumbai","Qsr (Quick Service)","4.6","3.9","0.7","Swiggy higher"
"Restaurant_395","Mumbai","Cloud Kitchen","3.6","4.3","0.7","Zomato higher"
"Restaurant_405","Mumbai","Fine Dine","4.5","3.8","0.7","Swiggy higher"
"Restaurant_409","Mumbai","Casual Dining","3.6","4.3","0.7","Zomato higher"
"Restaurant_2029","Kolkata","Casual Dining","4.0","3.3","0.7","Swiggy higher"
"Restaurant_2021","Kolkata","Cafe","3.9","4.6","0.7","Zomato higher"
"Restaurant_436","Mumbai","Cafe","4.3","3.6","0.7","Swiggy higher"
"Restaurant_438","Mumbai","Qsr (Quick Service)","4.7","4.0","0.7","Swiggy higher"
"Restaurant_2002","Kolkata","Qsr (Quick Service)","4.1","3.4","0.7","Swiggy higher"
"Restaurant_444","Mumbai","Fine Dine","4.0","4.7","0.7","Zomato higher"
"Restaurant_1991","Kolkata","Cloud Kitchen","3.4","4.1","0.7","Zomato higher"
"Restaurant_453","Bangalore","Cafe","3.1","3.8","0.7","Zomato higher"
"Restaurant_1988","Kolkata","Fine Dine","4.7","4.0","0.7","Swiggy higher"
"Restaurant_53","Mumbai","Food Truck","3.5","4.2","0.7","Zomato higher"
"Restaurant_468","Bangalore","Qsr (Quick Service)","4.0","3.3","0.7","Swiggy higher"
"Restaurant_1972","Kolkata","Qsr (Quick Service)","3.7","4.4","0.7","Zomato higher"
"Restaurant_474","Bangalore","Food Truck","4.9","4.2","0.7","Swiggy higher"
"Restaurant_491","Bangalore","Qsr (Quick Service)","4.7","4.0","0.7","Swiggy higher"
"Restaurant_60","Mumbai","Cafe","4.7","4.0","0.7","Swiggy higher"
"Restaurant_512","Bangalore","Cloud Kitchen","3.8","4.5","0.7","Zomato higher"
"Restaurant_1932","Chennai","Food Truck","3.6","4.3","0.7","Zomato higher"
"Restaurant_1931","Chennai","Casual Dining","3.4","4.1","0.7","Zomato higher"
"Restaurant_1923","Chennai","Cloud Kitchen","4.7","4.0","0.7","Swiggy higher"
"Restaurant_523","Bangalore","Cloud Kitchen","4.3","3.6","0.7","Swiggy higher"
"Restaurant_1865","Chennai","Fine Dine","4.0","3.3","0.7","Swiggy higher"
"Restaurant_1858","Chennai","Fine Dine","4.0","3.3","0.7","Swiggy higher"
"Restaurant_575","Bangalore","Food Truck","3.7","4.4","0.7","Zomato higher"
"Restaurant_583","Bangalore","Qsr (Quick Service)","3.6","4.3","0.7","Zomato higher"
"Restaurant_1840","Chennai","Casual Dining","4.4","3.7","0.7","Swiggy higher"
"Restaurant_1838","Chennai","Casual Dining","4.0","4.7","0.7","Zomato higher"
"Restaurant_606","Bangalore","Cafe","4.3","3.6","0.7","Swiggy higher"
"Restaurant_609","Bangalore","Cloud Kitchen","4.6","3.9","0.7","Swiggy higher"
"Restaurant_611","Bangalore","Casual Dining","4.3","3.6","0.7","Swiggy higher"
"Restaurant_1802","Chennai","Qsr (Quick Service)","3.2","3.9","0.7","Zomato higher"
"Restaurant_617","Bangalore","Cloud Kitchen","3.9","3.2","0.7","Swiggy higher"
"Restaurant_1766","Chennai","Cloud Kitchen","4.5","3.8","0.7","Swiggy higher"
"Restaurant_2440","Lucknow","Food Truck","4.4","3.7","0.7","Swiggy higher"
"Restaurant_1762","Chennai","Cloud Kitchen","3.9","3.2","0.7","Swiggy higher"
"Restaurant_656","Bangalore","Casual Dining","4.5","3.8","0.7","Swiggy higher"
"Restaurant_660","Bangalore","Cloud Kitchen","3.0","3.7","0.7","Zomato higher"
"Restaurant_671","Bangalore","Cafe","4.0","3.3","0.7","Swiggy higher"
"Restaurant_2433","Lucknow","Cafe","4.6","3.9","0.7","Swiggy higher"
"Restaurant_677","Bangalore","Fine Dine","4.5","3.8","0.7","Swiggy higher"
"Restaurant_679","Bangalore","Cafe","3.3","4.0","0.7","Zomato higher"
"Restaurant_1727","Hyderabad","Casual Dining","4.3","3.6","0.7","Swiggy higher"
"Restaurant_9","Mumbai","Casual Dining","3.9","4.6","0.7","Zomato higher"
"Restaurant_714","Bangalore","Cloud Kitchen","3.5","4.2","0.7","Zomato higher"
"Restaurant_1657","Hyderabad","Qsr (Quick Service)","4.7","4.0","0.7","Swiggy higher"
"Restaurant_1649","Hyderabad","Qsr (Quick Service)","4.1","4.8","0.7","Zomato higher"
"Restaurant_768","Bangalore","Food Truck","4.2","4.9","0.7","Zomato higher"
"Restaurant_1645","Hyderabad","Cafe","3.9","4.6","0.7","Zomato higher"
"Restaurant_774","Bangalore","Cafe","4.1","4.8","0.7","Zomato higher"
"Restaurant_1644","Hyderabad","Qsr (Quick Service)","3.5","4.2","0.7","Zomato higher"
"Restaurant_792","Bangalore","Cafe","3.8","4.5","0.7","Zomato higher"
"Restaurant_1620","Hyderabad","Qsr (Quick Service)","4.0","4.7","0.7","Zomato higher"
"Restaurant_816","Bangalore","Qsr (Quick Service)","3.2","3.9","0.7","Zomato higher"
"Restaurant_822","Bangalore","Cloud Kitchen","3.7","3.0","0.7","Swiggy higher"
"Restaurant_2387","Jaipur","Qsr (Quick Service)","4.5","3.8","0.7","Swiggy higher"
"Restaurant_1573","Hyderabad","Fine Dine","3.6","4.3","0.7","Zomato higher"
"Restaurant_1570","Hyderabad","Cloud Kitchen","3.9","4.6","0.7","Zomato higher"
"Restaurant_2386","Jaipur","Cloud Kitchen","3.6","4.3","0.7","Zomato higher"
"Restaurant_1556","Hyderabad","Casual Dining","3.8","4.5","0.7","Zomato higher"
"Restaurant_866","Bangalore","Food Truck","3.8","4.5","0.7","Zomato higher"
"Restaurant_1555","Hyderabad","Food Truck","3.8","3.1","0.7","Swiggy higher"
"Restaurant_12","Mumbai","Food Truck","4.7","4.0","0.7","Swiggy higher"
"Restaurant_1535","Hyderabad","Food Truck","3.9","4.6","0.7","Zomato higher"
"Restaurant_887","Delhi","Cafe","3.5","4.2","0.7","Zomato higher"
"Restaurant_890","Delhi","Casual Dining","4.3","3.6","0.7","Swiggy higher"
"Restaurant_898","Delhi","Cloud Kitchen","3.6","4.3","0.7","Zomato higher"
"Restaurant_900","Delhi","Casual Dining","3.7","4.4","0.7","Zomato higher"
"Restaurant_1515","Hyderabad","Cloud Kitchen","4.0","3.3","0.7","Swiggy higher"
"Restaurant_1507","Hyderabad","Casual Dining","3.8","4.5","0.7","Zomato higher"
"Restaurant_929","Delhi","Food Truck","4.2","3.5","0.7","Swiggy higher"
"Restaurant_941","Delhi","Food Truck","4.8","4.1","0.7","Swiggy higher"
"Restaurant_1476","Pune","Cloud Kitchen","4.0","4.7","0.7","Zomato higher"
"Restaurant_1445","Pune","Cafe","4.2","3.5","0.7","Swiggy higher"
"Restaurant_966","Delhi","Cloud Kitchen","3.3","4.0","0.7","Zomato higher"
"Restaurant_985","Delhi","Qsr (Quick Service)","4.4","3.7","0.7","Swiggy higher"
"Restaurant_2378","Jaipur","Cafe","5.0","4.3","0.7","Swiggy higher"
"Restaurant_1007","Delhi","Cafe","4.7","4.0","0.7","Swiggy higher"
"Restaurant_1009","Delhi","Cafe","4.3","3.6","0.7","Swiggy higher"
"Restaurant_1019","Delhi","Cloud Kitchen","3.4","4.1","0.7","Zomato higher"
"Restaurant_1374","Pune","Cloud Kitchen","4.7","4.0","0.7","Swiggy higher"
"Restaurant_2366","Jaipur","Casual Dining","3.8","3.1","0.7","Swiggy higher"
"Restaurant_1370","Pune","Food Truck","4.1","4.8","0.7","Zomato higher"
"Restaurant_1363","Pune","Cloud Kitchen","4.0","4.7","0.7","Zomato higher"
"Restaurant_345","Mumbai","Food Truck","3.7","4.3","0.6","Zomato higher"
"Restaurant_1816","Chennai","Casual Dining","4.5","3.9","0.6","Swiggy higher"
"Restaurant_485","Bangalore","Cloud Kitchen","4.7","4.1","0.6","Swiggy higher"
"Restaurant_56","Mumbai","Casual Dining","4.5","3.9","0.6","Swiggy higher"
"Restaurant_1136","Delhi","Food Truck","4.7","4.1","0.6","Swiggy higher"
"Restaurant_1959","Kolkata","Qsr (Quick Service)","3.5","4.1","0.6","Zomato higher"
"Restaurant_1134","Delhi","Food Truck","3.7","4.3","0.6","Zomato higher"
"Restaurant_478","Bangalore","Cafe","4.0","3.4","0.6","Swiggy higher"
"Restaurant_1803","Chennai","Cloud Kitchen","3.4","4.0","0.6","Zomato higher"
"Restaurant_1127","Delhi","Food Truck","3.9","3.3","0.6","Swiggy higher"
"Restaurant_1966","Kolkata","Casual Dining","4.2","3.6","0.6","Swiggy higher"
"Restaurant_1980","Kolkata","Cloud Kitchen","3.4","4.0","0.6","Zomato higher"
"Restaurant_627","Bangalore","Casual Dining","4.4","3.8","0.6","Swiggy higher"
"Restaurant_446","Mumbai","Cloud Kitchen","4.0","3.4","0.6","Swiggy higher"
"Restaurant_442","Mumbai","Food Truck","4.3","3.7","0.6","Swiggy higher"
"Restaurant_1775","Chennai","Casual Dining","4.3","3.7","0.6","Swiggy higher"
"Restaurant_433","Mumbai","Qsr (Quick Service)","3.9","4.5","0.6","Zomato higher"
"Restaurant_432","Mumbai","Qsr (Quick Service)","4.2","3.6","0.6","Swiggy higher"
"Restaurant_2009","Kolkata","Qsr (Quick Service)","3.9","4.5","0.6","Zomato higher"
"Restaurant_1395","Pune","Casual Dining","4.2","3.6","0.6","Swiggy higher"
"Restaurant_649","Bangalore","Food Truck","4.2","3.6","0.6","Swiggy higher"
"Restaurant_2010","Kolkata","Food Truck","3.7","4.3","0.6","Zomato higher"
"Restaurant_2017","Kolkata","Food Truck","4.2","4.8","0.6","Zomato higher"
"Restaurant_657","Bangalore","Cafe","4.1","4.7","0.6","Zomato higher"
"Restaurant_658","Bangalore","Casual Dining","4.3","3.7","0.6","Swiggy higher"
"Restaurant_1751","Chennai","Food Truck","2.9","3.5","0.6","Zomato higher"
"Restaurant_664","Bangalore","Cloud Kitchen","4.2","4.8","0.6","Zomato higher"
"Restaurant_417","Mumbai","Qsr (Quick Service)","3.8","4.4","0.6","Zomato higher"
"Restaurant_2028","Kolkata","Qsr (Quick Service)","4.2","3.6","0.6","Swiggy higher"
"Restaurant_2030","Kolkata","Qsr (Quick Service)","3.6","4.2","0.6","Zomato higher"
"Restaurant_1742","Chennai","Cafe","4.1","3.5","0.6","Swiggy higher"
"Restaurant_410","Mumbai","Cloud Kitchen","4.7","4.1","0.6","Swiggy higher"
"Restaurant_123","Mumbai","Casual Dining","4.2","3.6","0.6","Swiggy higher"
"Restaurant_2431","Lucknow","Fine Dine","3.6","4.2","0.6","Zomato higher"
"Restaurant_1392","Pune","Fine Dine","3.2","3.8","0.6","Zomato higher"
"Restaurant_1731","Hyderabad","Food Truck","4.0","3.4","0.6","Swiggy higher"
"Restaurant_1730","Hyderabad","Fine Dine","4.1","4.7","0.6","Zomato higher"
"Restaurant_2427","Lucknow","Cloud Kitchen","4.2","3.6","0.6","Swiggy higher"
"Restaurant_2050","Kolkata","Casual Dining","3.3","3.9","0.6","Zomato higher"
"Restaurant_379","Mumbai","Cloud Kitchen","4.0","3.4","0.6","Swiggy higher"
"Restaurant_698","Bangalore","Fine Dine","4.6","4.0","0.6","Swiggy higher"
"Restaurant_374","Mumbai","Cloud Kitchen","4.2","3.6","0.6","Swiggy higher"
"Restaurant_373","Mumbai","Qsr (Quick Service)","3.4","4.0","0.6","Zomato higher"
"Restaurant_703","Bangalore","Fine Dine","3.8","4.4","0.6","Zomato higher"
"Restaurant_2081","Kolkata","Qsr (Quick Service)","4.0","4.6","0.6","Zomato higher"
"Restaurant_2085","Kolkata","Cloud Kitchen","3.7","4.3","0.6","Zomato higher"
"Restaurant_2424","Lucknow","Cafe","3.6","4.2","0.6","Zomato higher"
"Restaurant_715","Bangalore","Casual Dining","3.9","4.5","0.6","Zomato higher"
"Restaurant_2096","Kolkata","Fine Dine","4.5","3.9","0.6","Swiggy higher"
"Restaurant_723","Bangalore","Qsr (Quick Service)","4.3","3.7","0.6","Swiggy higher"
"Restaurant_725","Bangalore","Fine Dine","3.9","4.5","0.6","Zomato higher"
"Restaurant_2118","Kolkata","Food Truck","3.8","4.4","0.6","Zomato higher"
"Restaurant_728","Bangalore","Food Truck","3.8","4.4","0.6","Zomato higher"
"Restaurant_2121","Ahmedabad","Cafe","4.4","3.8","0.6","Swiggy higher"
"Restaurant_730","Bangalore","Food Truck","4.4","3.8","0.6","Swiggy higher"
"Restaurant_321","Mumbai","Food Truck","3.4","4.0","0.6","Zomato higher"
"Restaurant_319","Mumbai","Casual Dining","3.6","4.2","0.6","Zomato higher"
"Restaurant_2140","Ahmedabad","Food Truck","3.9","3.3","0.6","Swiggy higher"
"Restaurant_2411","Lucknow","Casual Dining","4.1","4.7","0.6","Zomato higher"
"Restaurant_737","Bangalore","Qsr (Quick Service)","4.2","3.6","0.6","Swiggy higher"
"Restaurant_2143","Ahmedabad","Qsr (Quick Service)","3.3","3.9","0.6","Zomato higher"
"Restaurant_2495","Lucknow","Fine Dine","4.9","4.3","0.6","Swiggy higher"
"Restaurant_2145","Ahmedabad","Cafe","4.5","3.9","0.6","Swiggy higher"
"Restaurant_2147","Ahmedabad","Cloud Kitchen","3.5","4.1","0.6","Zomato higher"
"Restaurant_1683","Hyderabad","Fine Dine","4.3","4.9","0.6","Zomato higher"
"Restaurant_743","Bangalore","Qsr (Quick Service)","4.4","3.8","0.6","Swiggy higher"
"Restaurant_2157","Ahmedabad","Food Truck","3.4","4.0","0.6","Zomato higher"
"Restaurant_1674","Hyderabad","Qsr (Quick Service)","4.6","4.0","0.6","Swiggy higher"
"Restaurant_304","Mumbai","Fine Dine","4.8","4.2","0.6","Swiggy higher"
"Restaurant_1665","Hyderabad","Cloud Kitchen","4.3","3.7","0.6","Swiggy higher"
"Restaurant_2404","Lucknow","Food Truck","3.6","4.2","0.6","Zomato higher"
"Restaurant_1664","Hyderabad","Fine Dine","4.3","3.7","0.6","Swiggy higher"
"Restaurant_1654","Hyderabad","Cloud Kitchen","4.7","4.1","0.6","Swiggy higher"
"Restaurant_2173","Ahmedabad","Qsr (Quick Service)","4.1","4.7","0.6","Zomato higher"
"Restaurant_1651","Hyderabad","Qsr (Quick Service)","3.6","4.2","0.6","Zomato higher"
"Restaurant_1648","Hyderabad","Fine Dine","4.0","4.6","0.6","Zomato higher"
"Restaurant_1383","Pune","Cloud Kitchen","4.1","3.5","0.6","Swiggy higher"
"Restaurant_284","Mumbai","Qsr (Quick Service)","4.9","4.3","0.6","Swiggy higher"
"Restaurant_1632","Hyderabad","Food Truck","4.5","3.9","0.6","Swiggy higher"
"Restaurant_2187","Ahmedabad","Cloud Kitchen","4.1","3.5","0.6","Swiggy higher"
"Restaurant_2475","Lucknow","Cafe","3.7","3.1","0.6","Swiggy higher"
"Restaurant_268","Mumbai","Cafe","3.6","4.2","0.6","Zomato higher"
"Restaurant_790","Bangalore","Cafe","4.3","3.7","0.6","Swiggy higher"
"Restaurant_1625","Hyderabad","Qsr (Quick Service)","3.6","4.2","0.6","Zomato higher"
"Restaurant_793","Bangalore","Cloud Kitchen","4.2","3.6","0.6","Swiggy higher"
"Restaurant_2193","Ahmedabad","Cloud Kitchen","4.0","3.4","0.6","Swiggy higher"
"Restaurant_261","Mumbai","Casual Dining","4.4","3.8","0.6","Swiggy higher"
"Restaurant_1618","Hyderabad","Food Truck","4.4","3.8","0.6","Swiggy higher"
"Restaurant_2208","Ahmedabad","Qsr (Quick Service)","4.2","3.6","0.6","Swiggy higher"
"Restaurant_802","Bangalore","Casual Dining","3.3","3.9","0.6","Zomato higher"
"Restaurant_804","Bangalore","Fine Dine","3.8","4.4","0.6","Zomato higher"
"Restaurant_1616","Hyderabad","Fine Dine","3.8","4.4","0.6","Zomato higher"
"Restaurant_1613","Hyderabad","Fine Dine","4.2","3.6","0.6","Swiggy higher"
"Restaurant_91","Mumbai","Fine Dine","3.8","4.4","0.6","Zomato higher"
"Restaurant_2216","Ahmedabad","Cloud Kitchen","4.0","4.6","0.6","Zomato higher"
"Restaurant_2393","Jaipur","Cafe","3.5","4.1","0.6","Zomato higher"
"Restaurant_1039","Delhi","Cafe","3.9","3.3","0.6","Swiggy higher"
"Restaurant_255","Mumbai","Cafe","4.4","3.8","0.6","Swiggy higher"
"Restaurant_1601","Hyderabad","Fine Dine","3.7","4.3","0.6","Zomato higher"
"Restaurant_1109","Delhi","Fine Dine","3.6","3.0","0.6","Swiggy higher"
"Restaurant_1599","Hyderabad","Cloud Kitchen","4.5","3.9","0.6","Swiggy higher"
"Restaurant_95","Mumbai","Cloud Kitchen","3.9","4.5","0.6","Zomato higher"
"Restaurant_2225","Ahmedabad","Fine Dine","4.8","4.2","0.6","Swiggy higher"
"Restaurant_831","Bangalore","Qsr (Quick Service)","3.7","3.1","0.6","Swiggy higher"
"Restaurant_239","Mumbai","Cafe","3.9","4.5","0.6","Zomato higher"
"Restaurant_236","Mumbai","Casual Dining","4.7","4.1","0.6","Swiggy higher"
"Restaurant_31","Mumbai","Cloud Kitchen","3.6","4.2","0.6","Zomato higher"
"Restaurant_1333","Pune","Fine Dine","4.4","5.0","0.6","Zomato higher"
"Restaurant_1042","Delhi","Fine Dine","3.8","4.4","0.6","Zomato higher"
"Restaurant_2256","Ahmedabad","Qsr (Quick Service)","3.9","4.5","0.6","Zomato higher"
"Restaurant_1572","Hyderabad","Qsr (Quick Service)","4.6","4.0","0.6","Swiggy higher"
"Restaurant_1567","Hyderabad","Food Truck","4.3","3.7","0.6","Swiggy higher"
"Restaurant_2271","Ahmedabad","Food Truck","3.5","4.1","0.6","Zomato higher"
"Restaurant_860","Bangalore","Qsr (Quick Service)","4.7","4.1","0.6","Swiggy higher"
"Restaurant_28","Mumbai","Cafe","3.6","4.2","0.6","Zomato higher"
"Restaurant_864","Bangalore","Food Truck","4.2","3.6","0.6","Swiggy higher"
"Restaurant_1076","Delhi","Fine Dine","4.0","4.6","0.6","Zomato higher"
"Restaurant_1371","Pune","Food Truck","3.8","4.4","0.6","Zomato higher"
"Restaurant_869","Bangalore","Food Truck","3.9","4.5","0.6","Zomato higher"
"Restaurant_1313","Pune","Qsr (Quick Service)","4.5","3.9","0.6","Swiggy higher"
"Restaurant_2281","Jaipur","Casual Dining","4.7","4.1","0.6","Swiggy higher"
"Restaurant_198","Mumbai","Casual Dining","3.8","4.4","0.6","Zomato higher"
"Restaurant_196","Mumbai","Qsr (Quick Service)","4.4","3.8","0.6","Swiggy higher"
"Restaurant_2292","Jaipur","Fine Dine","3.3","3.9","0.6","Zomato higher"
"Restaurant_1547","Hyderabad","Cloud Kitchen","4.0","4.6","0.6","Zomato higher"
"Restaurant_1546","Hyderabad","Cafe","4.8","4.2","0.6","Swiggy higher"
"Restaurant_2295","Jaipur","Cafe","4.0","3.4","0.6","Swiggy higher"
"Restaurant_1536","Hyderabad","Cloud Kitchen","3.6","4.2","0.6","Zomato higher"
"Restaurant_1074","Delhi","Qsr (Quick Service)","4.6","4.0","0.6","Swiggy higher"
"Restaurant_103","Mumbai","Casual Dining","3.6","4.2","0.6","Zomato higher"
"Restaurant_1369","Pune","Fine Dine","4.1","4.7","0.6","Zomato higher"
"Restaurant_1533","Hyderabad","Food Truck","3.9","4.5","0.6","Zomato higher"
"Restaurant_2310","Jaipur","Casual Dining","3.7","4.3","0.6","Zomato higher"
"Restaurant_1316","Pune","Fine Dine","3.5","4.1","0.6","Zomato higher"
"Restaurant_892","Delhi","Food Truck","4.1","3.5","0.6","Swiggy higher"
"Restaurant_1530","Hyderabad","Fine Dine","4.5","3.9","0.6","Swiggy higher"
"Restaurant_2317","Jaipur","Cloud Kitchen","4.4","3.8","0.6","Swiggy higher"
"Restaurant_1052","Delhi","Cafe","3.8","4.4","0.6","Zomato higher"
"Restaurant_2321","Jaipur","Food Truck","4.1","4.7","0.6","Zomato higher"
"Restaurant_1365","Pune","Cafe","3.5","4.1","0.6","Zomato higher"
"Restaurant_901","Delhi","Qsr (Quick Service)","4.7","4.1","0.6","Swiggy higher"
"Restaurant_1511","Hyderabad","Fine Dine","4.2","3.6","0.6","Swiggy higher"
"Restaurant_179","Mumbai","Qsr (Quick Service)","4.4","3.8","0.6","Swiggy higher"
"Restaurant_1510","Hyderabad","Fine Dine","4.0","4.6","0.6","Zomato higher"
"Restaurant_909","Delhi","Food Truck","3.7","3.1","0.6","Swiggy higher"
"Restaurant_2332","Jaipur","Food Truck","3.4","4.0","0.6","Zomato higher"
"Restaurant_1055","Delhi","Food Truck","4.1","3.5","0.6","Swiggy higher"
"Restaurant_164","Mumbai","Qsr (Quick Service)","3.9","3.3","0.6","Swiggy higher"
"Restaurant_107","Mumbai","Fine Dine","3.5","4.1","0.6","Zomato higher"
"Restaurant_22","Mumbai","Fine Dine","4.1","3.5","0.6","Swiggy higher"
"Restaurant_1323","Pune","Food Truck","4.2","3.6","0.6","Swiggy higher"
"Restaurant_930","Delhi","Cafe","3.5","4.1","0.6","Zomato higher"
"Restaurant_933","Delhi","Cafe","4.6","4.0","0.6","Swiggy higher"
"Restaurant_2487","Lucknow","Food Truck","3.7","4.3","0.6","Zomato higher"
"Restaurant_149","Mumbai","Qsr (Quick Service)","3.8","4.4","0.6","Zomato higher"
"Restaurant_148","Mumbai","Food Truck","4.2","4.8","0.6","Zomato higher"
"Restaurant_147","Mumbai","Food Truck","3.5","4.1","0.6","Zomato higher"
"Restaurant_1487","Pune","Cloud Kitchen","4.2","4.8","0.6","Zomato higher"
"Restaurant_1345","Pune","Fine Dine","3.8","4.4","0.6","Zomato higher"
"Restaurant_2381","Jaipur","Casual Dining","3.4","4.0","0.6","Zomato higher"
"Restaurant_1215","Delhi","Fine Dine","4.1","3.5","0.6","Swiggy higher"
"Restaurant_947","Delhi","Cafe","4.1","3.5","0.6","Swiggy higher"
"Restaurant_1207","Delhi","Casual Dining","3.4","4.0","0.6","Zomato higher"
"Restaurant_1471","Pune","Food Truck","4.4","3.8","0.6","Swiggy higher"
"Restaurant_1239","Delhi","Casual Dining","3.8","4.4","0.6","Zomato higher"
"Restaurant_958","Delhi","Cafe","3.8","4.4","0.6","Zomato higher"
"Restaurant_1194","Delhi","Cloud Kitchen","4.1","4.7","0.6","Zomato higher"
"Restaurant_1242","Delhi","Cafe","4.5","3.9","0.6","Swiggy higher"
"Restaurant_1088","Delhi","Qsr (Quick Service)","4.6","4.0","0.6","Swiggy higher"
"Restaurant_142","Mumbai","Qsr (Quick Service)","4.1","4.7","0.6","Zomato higher"
"Restaurant_1184","Delhi","Casual Dining","2.6","3.2","0.6","Zomato higher"
"Restaurant_1436","Pune","Fine Dine","3.5","4.1","0.6","Zomato higher"
"Restaurant_1253","Pune","Qsr (Quick Service)","4.4","3.8","0.6","Swiggy higher"
"Restaurant_979","Delhi","Cafe","4.5","3.9","0.6","Swiggy higher"
"Restaurant_1175","Delhi","Food Truck","3.4","4.0","0.6","Zomato higher"
"Restaurant_1422","Pune","Fine Dine","4.4","3.8","0.6","Swiggy higher"
"Restaurant_1086","Delhi","Casual Dining","3.5","4.1","0.6","Zomato higher"
"Restaurant_989","Delhi","Fine Dine","4.7","4.1","0.6","Swiggy higher"
"Restaurant_1171","Delhi","Casual Dining","4.1","3.5","0.6","Swiggy higher"
"Restaurant_1419","Pune","Cafe","3.5","4.1","0.6","Zomato higher"
"Restaurant_1417","Pune","Cafe","3.7","4.3","0.6","Zomato higher"
"Restaurant_17","Mumbai","Cloud Kitchen","4.0","4.6","0.6","Zomato higher"
"Restaurant_1257","Pune","Casual Dining","3.8","3.2","0.6","Swiggy higher"
"Restaurant_1414","Pune","Cafe","4.2","3.6","0.6","Swiggy higher"
"Restaurant_1149","Delhi","Fine Dine","4.6","4.0","0.6","Swiggy higher"
"Restaurant_1413","Pune","Food Truck","3.4","4.0","0.6","Zomato higher"
"Restaurant_1267","Pune","Cloud Kitchen","3.8","4.4","0.6","Zomato higher"
"Restaurant_1063","Delhi","Cloud Kitchen","4.5","3.9","0.6","Swiggy higher"
"Restaurant_541","Bangalore","Cloud Kitchen","3.8","4.4","0.6","Zomato higher"
"Restaurant_1890","Chennai","Food Truck","4.3","3.7","0.6","Swiggy higher"
"Restaurant_1885","Chennai","Casual Dining","4.3","3.7","0.6","Swiggy higher"
"Restaurant_532","Bangalore","Cloud Kitchen","3.8","4.4","0.6","Zomato higher"
"Restaurant_1919","Chennai","Casual Dining","4.6","4.0","0.6","Swiggy higher"
"Restaurant_1920","Chennai","Qsr (Quick Service)","4.2","3.6","0.6","Swiggy higher"
"Restaurant_1877","Chennai","Cloud Kitchen","3.7","3.1","0.6","Swiggy higher"
"Restaurant_1869","Chennai","Food Truck","4.6","4.0","0.6","Swiggy higher"
"Restaurant_1868","Chennai","Cafe","3.8","4.4","0.6","Zomato higher"
"Restaurant_1867","Chennai","Cafe","3.4","4.0","0.6","Zomato higher"
"Restaurant_1927","Chennai","Casual Dining","4.5","3.9","0.6","Swiggy higher"
"Restaurant_2456","Lucknow","Fine Dine","4.7","4.1","0.6","Swiggy higher"
"Restaurant_1929","Chennai","Fine Dine","2.6","3.2","0.6","Zomato higher"
"Restaurant_564","Bangalore","Fine Dine","4.5","3.9","0.6","Swiggy higher"
"Restaurant_1934","Chennai","Fine Dine","4.3","3.7","0.6","Swiggy higher"
"Restaurant_1936","Chennai","Cloud Kitchen","4.0","4.6","0.6","Zomato higher"
"Restaurant_1851","Chennai","Fine Dine","3.5","4.1","0.6","Zomato higher"
"Restaurant_570","Bangalore","Qsr (Quick Service)","3.8","4.4","0.6","Zomato higher"
"Restaurant_1848","Chennai","Cloud Kitchen","4.3","3.7","0.6","Swiggy higher"
"Restaurant_1847","Chennai","Cloud Kitchen","4.1","3.5","0.6","Swiggy higher"
"Restaurant_1140","Delhi","Casual Dining","3.8","3.2","0.6","Swiggy higher"
"Restaurant_1944","Kolkata","Food Truck","4.3","3.7","0.6","Swiggy higher"
"Restaurant_502","Bangalore","Qsr (Quick Service)","4.5","3.9","0.6","Swiggy higher"
"Restaurant_1139","Delhi","Cafe","3.1","3.7","0.6","Zomato higher"
"Restaurant_1948","Kolkata","Fine Dine","3.7","4.3","0.6","Zomato higher"
"Restaurant_589","Bangalore","Fine Dine","4.7","4.1","0.6","Swiggy higher"
"Restaurant_495","Bangalore","Cloud Kitchen","3.6","4.2","0.6","Zomato higher"
"Restaurant_1832","Chennai","Cafe","4.0","4.6","0.6","Zomato higher"
"Restaurant_595","Bangalore","Food Truck","3.3","3.9","0.6","Zomato higher"
"Restaurant_69","Mumbai","Casual Dining","3.9","4.5","0.6","Zomato higher"
"Restaurant_1822","Chennai","Fine Dine","4.1","4.7","0.6","Zomato higher"
"Restaurant_109","Mumbai","Casual Dining","3.6","4.1","0.5","Zomato higher"
"Restaurant_1234","Delhi","Casual Dining","4.6","4.1","0.5","Swiggy higher"
"Restaurant_821","Bangalore","Casual Dining","3.9","4.4","0.5","Zomato higher"
"Restaurant_1209","Delhi","Cloud Kitchen","4.1","3.6","0.5","Swiggy higher"
"Restaurant_1937","Chennai","Cafe","3.5","4.0","0.5","Zomato higher"
"Restaurant_1362","Pune","Fine Dine","4.4","3.9","0.5","Swiggy higher"
"Restaurant_250","Mumbai","Qsr (Quick Service)","4.2","3.7","0.5","Swiggy higher"
"Restaurant_247","Mumbai","Cloud Kitchen","4.0","4.5","0.5","Zomato higher"
"Restaurant_2224","Ahmedabad","Fine Dine","4.4","3.9","0.5","Swiggy higher"
"Restaurant_953","Delhi","Cloud Kitchen","3.5","4.0","0.5","Zomato higher"
"Restaurant_2388","Jaipur","Food Truck","3.6","4.1","0.5","Zomato higher"
"Restaurant_1592","Hyderabad","Qsr (Quick Service)","4.4","3.9","0.5","Swiggy higher"
"Restaurant_1883","Chennai","Fine Dine","4.0","3.5","0.5","Swiggy higher"
"Restaurant_1591","Hyderabad","Cafe","3.9","4.4","0.5","Zomato higher"
"Restaurant_1589","Hyderabad","Fine Dine","4.1","3.6","0.5","Swiggy higher"
"Restaurant_834","Bangalore","Food Truck","4.1","4.6","0.5","Zomato higher"
"Restaurant_2226","Ahmedabad","Cloud Kitchen","3.8","4.3","0.5","Zomato higher"
"Restaurant_836","Bangalore","Food Truck","4.1","4.6","0.5","Zomato higher"
"Restaurant_1235","Delhi","Fine Dine","3.9","4.4","0.5","Zomato higher"
"Restaurant_145","Mumbai","Cloud Kitchen","3.5","4.0","0.5","Zomato higher"
"Restaurant_839","Bangalore","Cloud Kitchen","4.4","3.9","0.5","Swiggy higher"
"Restaurant_2230","Ahmedabad","Fine Dine","3.8","4.3","0.5","Zomato higher"
"Restaurant_59","Mumbai","Casual Dining","3.6","3.1","0.5","Swiggy higher"
"Restaurant_1574","Hyderabad","Cafe","3.6","4.1","0.5","Zomato higher"
"Restaurant_1904","Chennai","Cafe","4.2","3.7","0.5","Swiggy higher"
"Restaurant_1917","Chennai","Casual Dining","3.5","4.0","0.5","Zomato higher"
"Restaurant_845","Bangalore","Casual Dining","3.7","4.2","0.5","Zomato higher"
"Restaurant_2235","Ahmedabad","Cafe","3.9","4.4","0.5","Zomato higher"
"Restaurant_2248","Ahmedabad","Food Truck","4.2","3.7","0.5","Swiggy higher"
"Restaurant_848","Bangalore","Cafe","4.1","4.6","0.5","Zomato higher"
"Restaurant_2251","Ahmedabad","Fine Dine","3.9","4.4","0.5","Zomato higher"
"Restaurant_850","Bangalore","Qsr (Quick Service)","3.8","4.3","0.5","Zomato higher"
"Restaurant_57","Mumbai","Fine Dine","4.3","3.8","0.5","Swiggy higher"
"Restaurant_851","Bangalore","Fine Dine","4.2","3.7","0.5","Swiggy higher"
"Restaurant_960","Delhi","Qsr (Quick Service)","3.4","3.9","0.5","Zomato higher"
"Restaurant_604","Bangalore","Qsr (Quick Service)","4.1","3.6","0.5","Swiggy higher"
"Restaurant_1814","Chennai","Fine Dine","3.7","4.2","0.5","Zomato higher"
"Restaurant_1014","Delhi","Fine Dine","3.7","4.2","0.5","Zomato higher"
"Restaurant_1958","Kolkata","Casual Dining","3.3","3.8","0.5","Zomato higher"
"Restaurant_573","Bangalore","Casual Dining","3.4","3.9","0.5","Zomato higher"
"Restaurant_1305","Pune","Cloud Kitchen","4.1","4.6","0.5","Zomato higher"
"Restaurant_855","Bangalore","Qsr (Quick Service)","3.5","4.0","0.5","Zomato higher"
"Restaurant_1457","Pune","Cloud Kitchen","4.1","4.6","0.5","Zomato higher"
"Restaurant_1808","Chennai","Casual Dining","3.5","4.0","0.5","Zomato higher"
"Restaurant_1563","Hyderabad","Cloud Kitchen","3.8","4.3","0.5","Zomato higher"
"Restaurant_1192","Delhi","Food Truck","3.9","4.4","0.5","Zomato higher"
"Restaurant_1133","Delhi","Food Truck","4.1","3.6","0.5","Swiggy higher"
"Restaurant_1795","Chennai","Casual Dining","4.5","4.0","0.5","Swiggy higher"
"Restaurant_1310","Pune","Cafe","4.1","3.6","0.5","Swiggy higher"
"Restaurant_1190","Delhi","Fine Dine","4.2","4.7","0.5","Zomato higher"
"Restaurant_619","Bangalore","Cloud Kitchen","3.8","4.3","0.5","Zomato higher"
"Restaurant_1969","Kolkata","Fine Dine","4.0","3.5","0.5","Swiggy higher"
"Restaurant_1974","Kolkata","Fine Dine","4.6","4.1","0.5","Swiggy higher"
"Restaurant_1975","Kolkata","Casual Dining","3.7","4.2","0.5","Zomato higher"
"Restaurant_1784","Chennai","Fine Dine","4.1","3.6","0.5","Swiggy higher"
"Restaurant_1783","Chennai","Cafe","3.1","3.6","0.5","Zomato higher"
"Restaurant_861","Bangalore","Qsr (Quick Service)","4.0","4.5","0.5","Zomato higher"
"Restaurant_459","Bangalore","Qsr (Quick Service)","3.8","4.3","0.5","Zomato higher"
"Restaurant_2273","Ahmedabad","Cloud Kitchen","4.1","3.6","0.5","Swiggy higher"
"Restaurant_628","Bangalore","Qsr (Quick Service)","4.2","3.7","0.5","Swiggy higher"
"Restaurant_1779","Chennai","Fine Dine","4.4","3.9","0.5","Swiggy higher"
"Restaurant_1982","Kolkata","Food Truck","3.9","4.4","0.5","Zomato higher"
"Restaurant_454","Bangalore","Fine Dine","4.2","4.7","0.5","Zomato higher"
"Restaurant_1996","Kolkata","Food Truck","3.9","4.4","0.5","Zomato higher"
"Restaurant_448","Mumbai","Cafe","3.9","4.4","0.5","Zomato higher"
"Restaurant_588","Bangalore","Cloud Kitchen","4.2","3.7","0.5","Swiggy higher"
"Restaurant_1359","Pune","Cloud Kitchen","3.7","4.2","0.5","Zomato higher"
"Restaurant_1045","Delhi","Food Truck","4.7","4.2","0.5","Swiggy higher"
"Restaurant_637","Bangalore","Cloud Kitchen","3.7","4.2","0.5","Zomato higher"
"Restaurant_638","Bangalore","Casual Dining","3.7","4.2","0.5","Zomato higher"
"Restaurant_550","Bangalore","Cloud Kitchen","4.1","3.6","0.5","Swiggy higher"
"Restaurant_2482","Lucknow","Cafe","3.7","4.2","0.5","Zomato higher"
"Restaurant_641","Bangalore","Qsr (Quick Service)","3.6","4.1","0.5","Zomato higher"
"Restaurant_1444","Pune","Casual Dining","3.6","4.1","0.5","Zomato higher"
"Restaurant_1355","Pune","Fine Dine","4.2","4.7","0.5","Zomato higher"
"Restaurant_644","Bangalore","Qsr (Quick Service)","3.4","3.9","0.5","Zomato higher"
"Restaurant_645","Bangalore","Food Truck","4.6","4.1","0.5","Swiggy higher"
"Restaurant_1763","Chennai","Qsr (Quick Service)","4.1","3.6","0.5","Swiggy higher"
"Restaurant_71","Mumbai","Fine Dine","4.3","3.8","0.5","Swiggy higher"
"Restaurant_1252","Pune","Casual Dining","4.0","4.5","0.5","Zomato higher"
"Restaurant_970","Delhi","Food Truck","4.1","3.6","0.5","Swiggy higher"
"Restaurant_490","Bangalore","Food Truck","3.7","3.2","0.5","Swiggy higher"
"Restaurant_1285","Pune","Cloud Kitchen","4.1","4.6","0.5","Zomato higher"
"Restaurant_2016","Kolkata","Casual Dining","4.3","3.8","0.5","Swiggy higher"
"Restaurant_1437","Pune","Casual Dining","3.8","4.3","0.5","Zomato higher"
"Restaurant_2438","Lucknow","Casual Dining","3.5","4.0","0.5","Zomato higher"
"Restaurant_2018","Kolkata","Casual Dining","4.1","4.6","0.5","Zomato higher"
"Restaurant_2374","Jaipur","Fine Dine","3.7","3.2","0.5","Swiggy higher"
"Restaurant_872","Delhi","Fine Dine","4.0","3.5","0.5","Swiggy higher"
"Restaurant_1873","Chennai","Food Truck","4.7","4.2","0.5","Swiggy higher"
"Restaurant_422","Mumbai","Cloud Kitchen","3.9","4.4","0.5","Zomato higher"
"Restaurant_1122","Delhi","Qsr (Quick Service)","3.6","4.1","0.5","Zomato higher"
"Restaurant_524","Bangalore","Qsr (Quick Service)","3.8","4.3","0.5","Zomato higher"
"Restaurant_662","Bangalore","Qsr (Quick Service)","4.3","3.8","0.5","Swiggy higher"
"Restaurant_421","Mumbai","Food Truck","3.9","4.4","0.5","Zomato higher"
"Restaurant_1182","Delhi","Qsr (Quick Service)","3.7","4.2","0.5","Zomato higher"
"Restaurant_1435","Pune","Food Truck","3.7","4.2","0.5","Zomato higher"
"Restaurant_879","Delhi","Food Truck","4.1","3.6","0.5","Swiggy higher"
"Restaurant_667","Bangalore","Fine Dine","3.9","4.4","0.5","Zomato higher"
"Restaurant_1542","Hyderabad","Cafe","4.5","4.0","0.5","Swiggy higher"
"Restaurant_1539","Hyderabad","Cloud Kitchen","4.2","3.7","0.5","Swiggy higher"
"Restaurant_1428","Pune","Cafe","4.1","4.6","0.5","Zomato higher"
"Restaurant_2309","Jaipur","Fine Dine","3.9","4.4","0.5","Zomato higher"
"Restaurant_1118","Delhi","Casual Dining","4.4","3.9","0.5","Swiggy higher"
"Restaurant_407","Mumbai","Qsr (Quick Service)","3.8","4.3","0.5","Zomato higher"
"Restaurant_1741","Chennai","Casual Dining","4.4","3.9","0.5","Swiggy higher"
"Restaurant_2031","Kolkata","Fine Dine","3.9","4.4","0.5","Zomato higher"
"Restaurant_978","Delhi","Food Truck","3.7","4.2","0.5","Zomato higher"
"Restaurant_1026","Delhi","Qsr (Quick Service)","4.4","3.9","0.5","Swiggy higher"
"Restaurant_404","Mumbai","Food Truck","3.6","4.1","0.5","Zomato higher"
"Restaurant_506","Bangalore","Qsr (Quick Service)","4.6","4.1","0.5","Swiggy higher"
"Restaurant_2428","Lucknow","Cloud Kitchen","4.4","4.9","0.5","Zomato higher"
"Restaurant_2036","Kolkata","Food Truck","3.5","4.0","0.5","Zomato higher"
"Restaurant_682","Bangalore","Casual Dining","3.5","4.0","0.5","Zomato higher"
"Restaurant_47","Mumbai","Cafe","3.7","4.2","0.5","Zomato higher"
"Restaurant_391","Mumbai","Cloud Kitchen","3.8","3.3","0.5","Swiggy higher"
"Restaurant_1735","Hyderabad","Casual Dining","4.8","4.3","0.5","Swiggy higher"
"Restaurant_140","Mumbai","Food Truck","3.7","4.2","0.5","Zomato higher"
"Restaurant_1177","Delhi","Food Truck","3.6","4.1","0.5","Zomato higher"
"Restaurant_385","Mumbai","Fine Dine","4.3","3.8","0.5","Swiggy higher"
"Restaurant_124","Mumbai","Qsr (Quick Service)","4.0","4.5","0.5","Zomato higher"
"Restaurant_690","Bangalore","Food Truck","3.7","4.2","0.5","Zomato higher"
"Restaurant_2049","Kolkata","Food Truck","3.9","3.4","0.5","Swiggy higher"
"Restaurant_590","Bangalore","Casual Dining","4.3","3.8","0.5","Swiggy higher"
"Restaurant_1718","Hyderabad","Fine Dine","3.8","4.3","0.5","Zomato higher"
"Restaurant_1029","Delhi","Cloud Kitchen","4.8","4.3","0.5","Swiggy higher"
"Restaurant_1425","Pune","Casual Dining","4.4","3.9","0.5","Swiggy higher"
"Restaurant_1713","Hyderabad","Fine Dine","4.6","4.1","0.5","Swiggy higher"
"Restaurant_1945","Kolkata","Qsr (Quick Service)","3.8","4.3","0.5","Zomato higher"
"Restaurant_2485","Lucknow","Food Truck","3.6","4.1","0.5","Zomato higher"
"Restaurant_1008","Delhi","Qsr (Quick Service)","4.3","3.8","0.5","Swiggy higher"
"Restaurant_2314","Jaipur","Qsr (Quick Service)","3.6","4.1","0.5","Zomato higher"
"Restaurant_1711","Hyderabad","Food Truck","4.2","3.7","0.5","Swiggy higher"
"Restaurant_2062","Kolkata","Cafe","4.4","3.9","0.5","Swiggy higher"
"Restaurant_139","Mumbai","Cafe","4.1","3.6","0.5","Swiggy higher"
"Restaurant_704","Bangalore","Casual Dining","4.1","3.6","0.5","Swiggy higher"
"Restaurant_2078","Kolkata","Qsr (Quick Service)","4.4","3.9","0.5","Swiggy higher"
"Restaurant_1708","Hyderabad","Food Truck","3.9","3.4","0.5","Swiggy higher"
"Restaurant_707","Bangalore","Cafe","3.1","3.6","0.5","Zomato higher"
"Restaurant_1255","Pune","Cloud Kitchen","3.4","3.9","0.5","Zomato higher"
"Restaurant_1527","Hyderabad","Casual Dining","3.5","3.0","0.5","Swiggy higher"
"Restaurant_2320","Jaipur","Qsr (Quick Service)","3.9","3.4","0.5","Swiggy higher"
"Restaurant_1703","Hyderabad","Food Truck","4.2","3.7","0.5","Swiggy higher"
"Restaurant_2087","Kolkata","Fine Dine","4.7","4.2","0.5","Swiggy higher"
"Restaurant_713","Bangalore","Cafe","4.1","3.6","0.5","Swiggy higher"
"Restaurant_1387","Pune","Food Truck","4.6","4.1","0.5","Swiggy higher"
"Restaurant_988","Delhi","Casual Dining","4.3","3.8","0.5","Swiggy higher"
"Restaurant_600","Bangalore","Qsr (Quick Service)","4.4","4.9","0.5","Zomato higher"
"Restaurant_2095","Kolkata","Casual Dining","4.2","3.7","0.5","Swiggy higher"
"Restaurant_1702","Hyderabad","Casual Dining","3.6","4.1","0.5","Zomato higher"
"Restaurant_2451","Lucknow","Cafe","4.1","4.6","0.5","Zomato higher"
"Restaurant_1701","Hyderabad","Cloud Kitchen","3.6","4.1","0.5","Zomato higher"
"Restaurant_1697","Hyderabad","Casual Dining","4.1","3.6","0.5","Swiggy higher"
"Restaurant_1696","Hyderabad","Food Truck","3.5","4.0","0.5","Zomato higher"
"Restaurant_559","Bangalore","Casual Dining","4.1","3.6","0.5","Swiggy higher"
"Restaurant_339","Mumbai","Cafe","3.9","3.4","0.5","Swiggy higher"
"Restaurant_496","Bangalore","Food Truck","3.4","3.9","0.5","Zomato higher"
"Restaurant_2114","Kolkata","Fine Dine","4.4","3.9","0.5","Swiggy higher"
"Restaurant_1322","Pune","Food Truck","3.9","4.4","0.5","Zomato higher"
"Restaurant_180","Mumbai","Cloud Kitchen","4.7","4.2","0.5","Swiggy higher"
"Restaurant_1331","Pune","Qsr (Quick Service)","3.7","4.2","0.5","Zomato higher"
"Restaurant_1928","Chennai","Cloud Kitchen","3.8","4.3","0.5","Zomato higher"
"Restaurant_1689","Hyderabad","Cafe","3.9","3.4","0.5","Swiggy higher"
"Restaurant_2128","Ahmedabad","Casual Dining","3.8","4.3","0.5","Zomato higher"
"Restaurant_906","Delhi","Cloud Kitchen","3.5","4.0","0.5","Zomato higher"
"Restaurant_18","Mumbai","Food Truck","4.0","3.5","0.5","Swiggy higher"
"Restaurant_908","Delhi","Casual Dining","3.9","4.4","0.5","Zomato higher"
"Restaurant_1415","Pune","Casual Dining","3.6","4.1","0.5","Zomato higher"
"Restaurant_178","Mumbai","Food Truck","4.2","3.7","0.5","Swiggy higher"
"Restaurant_176","Mumbai","Fine Dine","4.6","4.1","0.5","Swiggy higher"
"Restaurant_1509","Hyderabad","Cloud Kitchen","3.9","4.4","0.5","Zomato higher"
"Restaurant_1947","Kolkata","Cloud Kitchen","3.5","4.0","0.5","Zomato higher"
"Restaurant_8","Mumbai","Qsr (Quick Service)","3.7","4.2","0.5","Zomato higher"
"Restaurant_1506","Hyderabad","Qsr (Quick Service)","3.2","3.7","0.5","Zomato higher"
"Restaurant_171","Mumbai","Qsr (Quick Service)","3.8","4.3","0.5","Zomato higher"
"Restaurant_168","Mumbai","Cloud Kitchen","4.2","3.7","0.5","Swiggy higher"
"Restaurant_2336","Jaipur","Cafe","3.7","4.2","0.5","Zomato higher"
"Restaurant_2158","Ahmedabad","Qsr (Quick Service)","4.2","4.7","0.5","Zomato higher"
"Restaurant_1668","Hyderabad","Qsr (Quick Service)","4.1","3.6","0.5","Swiggy higher"
"Restaurant_1160","Delhi","Food Truck","3.7","4.2","0.5","Zomato higher"
"Restaurant_2337","Jaipur","Cloud Kitchen","3.7","4.2","0.5","Zomato higher"
"Restaurant_1501","Hyderabad","Cafe","4.2","4.7","0.5","Zomato higher"
"Restaurant_751","Bangalore","Food Truck","4.1","3.6","0.5","Swiggy higher"
"Restaurant_162","Mumbai","Fine Dine","4.2","3.7","0.5","Swiggy higher"
"Restaurant_2169","Ahmedabad","Cafe","4.6","4.1","0.5","Swiggy higher"
"Restaurant_1300","Pune","Qsr (Quick Service)","3.8","4.3","0.5","Zomato higher"
"Restaurant_2402","Lucknow","Cafe","3.9","4.4","0.5","Zomato higher"
"Restaurant_2170","Ahmedabad","Cafe","4.6","4.1","0.5","Swiggy higher"
"Restaurant_923","Delhi","Food Truck","4.5","4.0","0.5","Swiggy higher"
"Restaurant_298","Mumbai","Casual Dining","4.2","3.7","0.5","Swiggy higher"
"Restaurant_297","Mumbai","Food Truck","4.6","4.1","0.5","Swiggy higher"
"Restaurant_760","Bangalore","Food Truck","3.6","3.1","0.5","Swiggy higher"
"Restaurant_761","Bangalore","Food Truck","4.3","4.8","0.5","Zomato higher"
"Restaurant_1156","Delhi","Food Truck","3.9","3.4","0.5","Swiggy higher"
"Restaurant_286","Mumbai","Fine Dine","3.9","4.4","0.5","Zomato higher"
"Restaurant_159","Mumbai","Cafe","3.8","4.3","0.5","Zomato higher"
"Restaurant_285","Mumbai","Cafe","4.2","3.7","0.5","Swiggy higher"
"Restaurant_766","Bangalore","Food Truck","4.1","4.6","0.5","Zomato higher"
"Restaurant_1116","Delhi","Cloud Kitchen","3.8","4.3","0.5","Zomato higher"
"Restaurant_1033","Delhi","Qsr (Quick Service)","3.7","4.2","0.5","Zomato higher"
"Restaurant_1000","Delhi","Cloud Kitchen","3.6","4.1","0.5","Zomato higher"
"Restaurant_1498","Pune","Qsr (Quick Service)","3.9","4.4","0.5","Zomato higher"
"Restaurant_771","Bangalore","Food Truck","4.6","4.1","0.5","Swiggy higher"
"Restaurant_1496","Pune","Cafe","4.1","3.6","0.5","Swiggy higher"
"Restaurant_281","Mumbai","Cafe","4.0","3.5","0.5","Swiggy higher"
"Restaurant_2373","Jaipur","Qsr (Quick Service)","4.3","3.8","0.5","Swiggy higher"
"Restaurant_775","Bangalore","Casual Dining","4.3","3.8","0.5","Swiggy higher"
"Restaurant_1304","Pune","Fine Dine","4.5","4.0","0.5","Swiggy higher"
"Restaurant_2473","Lucknow","Cafe","4.0","3.5","0.5","Swiggy higher"
"Restaurant_277","Mumbai","Cloud Kitchen","4.2","3.7","0.5","Swiggy higher"
"Restaurant_2398","Jaipur","Qsr (Quick Service)","4.1","3.6","0.5","Swiggy higher"
"Restaurant_1639","Hyderabad","Cloud Kitchen","3.6","4.1","0.5","Zomato higher"
"Restaurant_1637","Hyderabad","Qsr (Quick Service)","4.1","3.6","0.5","Swiggy higher"
"Restaurant_275","Mumbai","Food Truck","4.0","3.5","0.5","Swiggy higher"
"Restaurant_273","Mumbai","Food Truck","3.5","4.0","0.5","Zomato higher"
"Restaurant_1001","Delhi","Cloud Kitchen","3.8","4.3","0.5","Zomato higher"
"Restaurant_487","Bangalore","Qsr (Quick Service)","3.1","3.6","0.5","Zomato higher"
"Restaurant_1493","Pune","Cloud Kitchen","3.7","4.2","0.5","Zomato higher"
"Restaurant_1491","Pune","Cloud Kitchen","3.9","3.4","0.5","Swiggy higher"
"Restaurant_1627","Hyderabad","Qsr (Quick Service)","4.0","3.5","0.5","Swiggy higher"
"Restaurant_2189","Ahmedabad","Casual Dining","3.9","4.4","0.5","Zomato higher"
"Restaurant_1855","Chennai","Qsr (Quick Service)","3.7","4.2","0.5","Zomato higher"
"Restaurant_1409","Pune","Food Truck","4.2","3.7","0.5","Swiggy higher"
"Restaurant_1111","Delhi","Cloud Kitchen","3.9","4.4","0.5","Zomato higher"
"Restaurant_1277","Pune","Fine Dine","4.1","4.6","0.5","Zomato higher"
"Restaurant_1624","Hyderabad","Food Truck","4.2","3.7","0.5","Swiggy higher"
"Restaurant_1380","Pune","Cloud Kitchen","3.8","4.3","0.5","Zomato higher"
"Restaurant_1490","Pune","Casual Dining","3.3","3.8","0.5","Zomato higher"
"Restaurant_1358","Pune","Fine Dine","3.8","3.3","0.5","Swiggy higher"
"Restaurant_798","Bangalore","Fine Dine","3.6","4.1","0.5","Zomato higher"
"Restaurant_90","Mumbai","Cafe","4.4","3.9","0.5","Swiggy higher"
"Restaurant_568","Bangalore","Fine Dine","3.4","3.9","0.5","Zomato higher"
"Restaurant_2345","Jaipur","Cafe","3.9","4.4","0.5","Zomato higher"
"Restaurant_1902","Chennai","Fine Dine","4.2","4.7","0.5","Zomato higher"
"Restaurant_2212","Ahmedabad","Cloud Kitchen","3.5","3.0","0.5","Swiggy higher"
"Restaurant_1895","Chennai","Qsr (Quick Service)","4.0","4.5","0.5","Zomato higher"
"Restaurant_1617","Hyderabad","Cloud Kitchen","4.0","4.5","0.5","Zomato higher"
"Restaurant_806","Bangalore","Food Truck","3.6","4.1","0.5","Zomato higher"
"Restaurant_807","Bangalore","Fine Dine","4.5","4.0","0.5","Swiggy higher"
"Restaurant_1893","Chennai","Casual Dining","3.2","3.7","0.5","Zomato higher"
"Restaurant_809","Bangalore","Fine Dine","4.6","4.1","0.5","Swiggy higher"
"Restaurant_1952","Kolkata","Food Truck","3.9","4.4","0.5","Zomato higher"
"Restaurant_1229","Delhi","Cloud Kitchen","3.4","3.9","0.5","Zomato higher"
"Restaurant_2213","Ahmedabad","Food Truck","4.5","5.0","0.5","Zomato higher"
"Restaurant_1612","Hyderabad","Qsr (Quick Service)","3.6","4.1","0.5","Zomato higher"
"Restaurant_945","Delhi","Casual Dining","4.1","3.6","0.5","Swiggy higher"
"Restaurant_1484","Pune","Cafe","3.6","4.1","0.5","Zomato higher"
"Restaurant_1137","Delhi","Food Truck","4.6","4.1","0.5","Swiggy higher"
"Restaurant_2392","Jaipur","Fine Dine","4.7","4.2","0.5","Swiggy higher"
"Restaurant_1609","Hyderabad","Food Truck","4.3","3.8","0.5","Swiggy higher"
"Restaurant_1876","Chennai","Casual Dining","4.0","4.4","0.4","Zomato higher"
"Restaurant_3","Mumbai","Fine Dine","3.8","3.4","0.4","Swiggy higher"
"Restaurant_13","Mumbai","Qsr (Quick Service)","4.3","3.9","0.4","Swiggy higher"
"Restaurant_16","Mumbai","Qsr (Quick Service)","3.7","4.1","0.4","Zomato higher"
"Restaurant_23","Mumbai","Cloud Kitchen","4.2","3.8","0.4","Swiggy higher"
"Restaurant_39","Mumbai","Qsr (Quick Service)","3.8","4.2","0.4","Zomato higher"
"Restaurant_44","Mumbai","Food Truck","3.8","4.2","0.4","Zomato higher"
"Restaurant_68","Mumbai","Cafe","3.9","3.5","0.4","Swiggy higher"
"Restaurant_79","Mumbai","Cloud Kitchen","4.2","3.8","0.4","Swiggy higher"
"Restaurant_84","Mumbai","Qsr (Quick Service)","4.3","4.7","0.4","Zomato higher"
"Restaurant_85","Mumbai","Fine Dine","4.3","3.9","0.4","Swiggy higher"
"Restaurant_100","Mumbai","Food Truck","4.4","4.0","0.4","Swiggy higher"
"Restaurant_102","Mumbai","Casual Dining","3.8","4.2","0.4","Zomato higher"
"Restaurant_105","Mumbai","Qsr (Quick Service)","4.7","4.3","0.4","Swiggy higher"
"Restaurant_111","Mumbai","Fine Dine","3.6","4.0","0.4","Zomato higher"
"Restaurant_114","Mumbai","Casual Dining","4.1","3.7","0.4","Swiggy higher"
"Restaurant_115","Mumbai","Casual Dining","4.1","4.5","0.4","Zomato higher"
"Restaurant_116","Mumbai","Qsr (Quick Service)","3.7","4.1","0.4","Zomato higher"
"Restaurant_141","Mumbai","Cafe","3.6","3.2","0.4","Swiggy higher"
"Restaurant_152","Mumbai","Casual Dining","4.4","4.0","0.4","Swiggy higher"
"Restaurant_156","Mumbai","Cafe","3.7","4.1","0.4","Zomato higher"
"Restaurant_158","Mumbai","Cafe","4.0","4.4","0.4","Zomato higher"
"Restaurant_172","Mumbai","Fine Dine","4.2","4.6","0.4","Zomato higher"
"Restaurant_177","Mumbai","Food Truck","3.9","3.5","0.4","Swiggy higher"
"Restaurant_182","Mumbai","Qsr (Quick Service)","3.8","4.2","0.4","Zomato higher"
"Restaurant_188","Mumbai","Cloud Kitchen","4.3","3.9","0.4","Swiggy higher"
"Restaurant_203","Mumbai","Casual Dining","3.3","3.7","0.4","Zomato higher"
"Restaurant_205","Mumbai","Casual Dining","3.4","3.8","0.4","Zomato higher"
"Restaurant_213","Mumbai","Qsr (Quick Service)","4.3","3.9","0.4","Swiggy higher"
"Restaurant_223","Mumbai","Cloud Kitchen","3.7","4.1","0.4","Zomato higher"
"Restaurant_233","Mumbai","Casual Dining","4.4","4.8","0.4","Zomato higher"
"Restaurant_240","Mumbai","Fine Dine","3.8","4.2","0.4","Zomato higher"
"Restaurant_245","Mumbai","Casual Dining","4.4","4.0","0.4","Swiggy higher"
"Restaurant_269","Mumbai","Cloud Kitchen","3.9","3.5","0.4","Swiggy higher"
"Restaurant_270","Mumbai","Cafe","3.7","4.1","0.4","Zomato higher"
"Restaurant_278","Mumbai","Fine Dine","4.2","4.6","0.4","Zomato higher"
"Restaurant_282","Mumbai","Cloud Kitchen","4.3","4.7","0.4","Zomato higher"
"Restaurant_292","Mumbai","Cloud Kitchen","3.9","3.5","0.4","Swiggy higher"
"Restaurant_293","Mumbai","Casual Dining","3.6","4.0","0.4","Zomato higher"
"Restaurant_299","Mumbai","Cloud Kitchen","3.8","3.4","0.4","Swiggy higher"
"Restaurant_338","Mumbai","Food Truck","4.3","3.9","0.4","Swiggy higher"
"Restaurant_347","Mumbai","Cafe","3.3","3.7","0.4","Zomato higher"
"Restaurant_362","Mumbai","Cloud Kitchen","3.8","4.2","0.4","Zomato higher"
"Restaurant_386","Mumbai","Cafe","3.3","3.7","0.4","Zomato higher"
"Restaurant_387","Mumbai","Fine Dine","4.1","3.7","0.4","Swiggy higher"
"Restaurant_396","Mumbai","Casual Dining","4.6","4.2","0.4","Swiggy higher"
"Restaurant_397","Mumbai","Food Truck","4.5","4.1","0.4","Swiggy higher"
"Restaurant_403","Mumbai","Fine Dine","4.2","3.8","0.4","Swiggy higher"
"Restaurant_408","Mumbai","Fine Dine","3.7","4.1","0.4","Zomato higher"
"Restaurant_423","Mumbai","Cafe","4.4","4.0","0.4","Swiggy higher"
"Restaurant_437","Mumbai","Cafe","4.3","3.9","0.4","Swiggy higher"
"Restaurant_456","Bangalore","Casual Dining","4.7","4.3","0.4","Swiggy higher"
"Restaurant_464","Bangalore","Cafe","4.0","4.4","0.4","Zomato higher"
"Restaurant_466","Bangalore","Casual Dining","3.3","3.7","0.4","Zomato higher"
"Restaurant_470","Bangalore","Cafe","3.4","3.8","0.4","Zomato higher"
"Restaurant_480","Bangalore","Fine Dine","4.2","4.6","0.4","Zomato higher"
"Restaurant_486","Bangalore","Cafe","3.7","4.1","0.4","Zomato higher"
"Restaurant_489","Bangalore","Fine Dine","4.3","3.9","0.4","Swiggy higher"
"Restaurant_497","Bangalore","Cloud Kitchen","3.4","3.8","0.4","Zomato higher"
"Restaurant_507","Bangalore","Food Truck","3.9","4.3","0.4","Zomato higher"
"Restaurant_511","Bangalore","Food Truck","3.5","3.1","0.4","Swiggy higher"
"Restaurant_534","Bangalore","Casual Dining","4.4","4.0","0.4","Swiggy higher"
"Restaurant_535","Bangalore","Food Truck","3.8","4.2","0.4","Zomato higher"
"Restaurant_560","Bangalore","Cloud Kitchen","3.9","3.5","0.4","Swiggy higher"
"Restaurant_565","Bangalore","Qsr (Quick Service)","3.8","4.2","0.4","Zomato higher"
"Restaurant_567","Bangalore","Food Truck","3.5","3.9","0.4","Zomato higher"
"Restaurant_579","Bangalore","Food Truck","4.1","4.5","0.4","Zomato higher"
"Restaurant_582","Bangalore","Fine Dine","3.8","4.2","0.4","Zomato higher"
"Restaurant_597","Bangalore","Food Truck","4.5","4.1","0.4","Swiggy higher"
"Restaurant_608","Bangalore","Cloud Kitchen","4.0","3.6","0.4","Swiggy higher"
"Restaurant_647","Bangalore","Fine Dine","3.9","3.5","0.4","Swiggy higher"
"Restaurant_648","Bangalore","Food Truck","4.3","3.9","0.4","Swiggy higher"
"Restaurant_654","Bangalore","Casual Dining","4.6","4.2","0.4","Swiggy higher"
"Restaurant_670","Bangalore","Casual Dining","4.8","4.4","0.4","Swiggy higher"
"Restaurant_672","Bangalore","Casual Dining","3.5","3.9","0.4","Zomato higher"
"Restaurant_676","Bangalore","Fine Dine","3.8","4.2","0.4","Zomato higher"
"Restaurant_680","Bangalore","Qsr (Quick Service)","3.2","3.6","0.4","Zomato higher"
"Restaurant_692","Bangalore","Cafe","4.0","3.6","0.4","Swiggy higher"
"Restaurant_694","Bangalore","Casual Dining","3.6","4.0","0.4","Zomato higher"
"Restaurant_710","Bangalore","Fine Dine","4.2","4.6","0.4","Zomato higher"
"Restaurant_712","Bangalore","Casual Dining","3.5","3.1","0.4","Swiggy higher"
"Restaurant_729","Bangalore","Cafe","3.7","4.1","0.4","Zomato higher"
"Restaurant_736","Bangalore","Qsr (Quick Service)","4.1","3.7","0.4","Swiggy higher"
"Restaurant_739","Bangalore","Fine Dine","4.2","4.6","0.4","Zomato higher"
"Restaurant_741","Bangalore","Cafe","3.8","4.2","0.4","Zomato higher"
"Restaurant_750","Bangalore","Cloud Kitchen","3.7","4.1","0.4","Zomato higher"
"Restaurant_755","Bangalore","Qsr (Quick Service)","4.5","4.1","0.4","Swiggy higher"
"Restaurant_778","Bangalore","Cafe","4.3","3.9","0.4","Swiggy higher"
"Restaurant_779","Bangalore","Food Truck","4.0","4.4","0.4","Zomato higher"
"Restaurant_799","Bangalore","Food Truck","3.9","4.3","0.4","Zomato higher"
"Restaurant_811","Bangalore","Cloud Kitchen","4.0","4.4","0.4","Zomato higher"
"Restaurant_812","Bangalore","Cafe","3.7","4.1","0.4","Zomato higher"
"Restaurant_815","Bangalore","Food Truck","4.4","4.8","0.4","Zomato higher"
"Restaurant_817","Bangalore","Cafe","4.3","3.9","0.4","Swiggy higher"
"Restaurant_824","Bangalore","Cafe","4.0","4.4","0.4","Zomato higher"
"Restaurant_829","Bangalore","Cloud Kitchen","4.6","4.2","0.4","Swiggy higher"
"Restaurant_843","Bangalore","Casual Dining","4.3","3.9","0.4","Swiggy higher"
"Restaurant_852","Bangalore","Cloud Kitchen","3.8","4.2","0.4","Zomato higher"
"Restaurant_859","Bangalore","Fine Dine","4.2","3.8","0.4","Swiggy higher"
"Restaurant_870","Bangalore","Casual Dining","3.6","4.0","0.4","Zomato higher"
"Restaurant_871","Delhi","Casual Dining","3.8","4.2","0.4","Zomato higher"
"Restaurant_876","Delhi","Cloud Kitchen","3.7","4.1","0.4","Zomato higher"
"Restaurant_886","Delhi","Fine Dine","4.3","3.9","0.4","Swiggy higher"
"Restaurant_913","Delhi","Qsr (Quick Service)","3.9","4.3","0.4","Zomato higher"
"Restaurant_920","Delhi","Fine Dine","4.4","4.0","0.4","Swiggy higher"
"Restaurant_922","Delhi","Qsr (Quick Service)","3.3","3.7","0.4","Zomato higher"
"Restaurant_924","Delhi","Casual Dining","4.4","4.0","0.4","Swiggy higher"
"Restaurant_942","Delhi","Casual Dining","3.9","4.3","0.4","Zomato higher"
"Restaurant_948","Delhi","Fine Dine","4.5","4.1","0.4","Swiggy higher"
"Restaurant_951","Delhi","Cafe","3.6","4.0","0.4","Zomato higher"
"Restaurant_967","Delhi","Food Truck","3.9","4.3","0.4","Zomato higher"
"Restaurant_974","Delhi","Cloud Kitchen","4.2","3.8","0.4","Swiggy higher"
"Restaurant_980","Delhi","Fine Dine","3.8","4.2","0.4","Zomato higher"
"Restaurant_990","Delhi","Casual Dining","4.1","3.7","0.4","Swiggy higher"
"Restaurant_993","Delhi","Cloud Kitchen","4.2","3.8","0.4","Swiggy higher"
"Restaurant_994","Delhi","Food Truck","3.3","3.7","0.4","Zomato higher"
"Restaurant_999","Delhi","Food Truck","3.3","3.7","0.4","Zomato higher"
"Restaurant_1006","Delhi","Fine Dine","4.0","3.6","0.4","Swiggy higher"
"Restaurant_1013","Delhi","Fine Dine","4.3","3.9","0.4","Swiggy higher"
"Restaurant_1015","Delhi","Qsr (Quick Service)","4.0","3.6","0.4","Swiggy higher"
"Restaurant_1016","Delhi","Qsr (Quick Service)","3.5","3.9","0.4","Zomato higher"
"Restaurant_1022","Delhi","Food Truck","4.4","4.0","0.4","Swiggy higher"
"Restaurant_1024","Delhi","Casual Dining","4.0","4.4","0.4","Zomato higher"
"Restaurant_1028","Delhi","Cloud Kitchen","4.4","4.0","0.4","Swiggy higher"
"Restaurant_1035","Delhi","Cafe","3.9","3.5","0.4","Swiggy higher"
"Restaurant_1037","Delhi","Food Truck","3.7","4.1","0.4","Zomato higher"
"Restaurant_1040","Delhi","Food Truck","4.2","3.8","0.4","Swiggy higher"
"Restaurant_1044","Delhi","Fine Dine","3.6","4.0","0.4","Zomato higher"
"Restaurant_1046","Delhi","Qsr (Quick Service)","3.8","4.2","0.4","Zomato higher"
"Restaurant_1051","Delhi","Cloud Kitchen","4.5","4.1","0.4","Swiggy higher"
"Restaurant_1054","Delhi","Food Truck","4.1","3.7","0.4","Swiggy higher"
"Restaurant_1067","Delhi","Fine Dine","3.3","3.7","0.4","Zomato higher"
"Restaurant_1068","Delhi","Cloud Kitchen","3.5","3.9","0.4","Zomato higher"
"Restaurant_1084","Delhi","Qsr (Quick Service)","3.9","3.5","0.4","Swiggy higher"
"Restaurant_1093","Delhi","Cloud Kitchen","4.5","4.1","0.4","Swiggy higher"
"Restaurant_1107","Delhi","Cafe","4.3","3.9","0.4","Swiggy higher"
"Restaurant_1110","Delhi","Cloud Kitchen","3.8","3.4","0.4","Swiggy higher"
"Restaurant_1154","Delhi","Qsr (Quick Service)","4.1","4.5","0.4","Zomato higher"
"Restaurant_1174","Delhi","Casual Dining","4.1","3.7","0.4","Swiggy higher"
"Restaurant_1181","Delhi","Casual Dining","4.3","3.9","0.4","Swiggy higher"
"Restaurant_1186","Delhi","Casual Dining","3.5","3.9","0.4","Zomato higher"
"Restaurant_1189","Delhi","Casual Dining","3.6","4.0","0.4","Zomato higher"
"Restaurant_1191","Delhi","Food Truck","4.4","4.0","0.4","Swiggy higher"
"Restaurant_1195","Delhi","Cloud Kitchen","4.0","4.4","0.4","Zomato higher"
"Restaurant_1202","Delhi","Casual Dining","4.1","4.5","0.4","Zomato higher"
"Restaurant_1217","Delhi","Fine Dine","4.3","3.9","0.4","Swiggy higher"
"Restaurant_1236","Delhi","Qsr (Quick Service)","3.7","4.1","0.4","Zomato higher"
"Restaurant_1237","Delhi","Cafe","4.2","3.8","0.4","Swiggy higher"
"Restaurant_1276","Pune","Cafe","4.4","4.0","0.4","Swiggy higher"
"Restaurant_1280","Pune","Casual Dining","3.6","4.0","0.4","Zomato higher"
"Restaurant_1283","Pune","Fine Dine","4.0","3.6","0.4","Swiggy higher"
"Restaurant_1286","Pune","Cafe","3.9","3.5","0.4","Swiggy higher"
"Restaurant_1292","Pune","Cafe","4.1","3.7","0.4","Swiggy higher"
"Restaurant_1312","Pune","Qsr (Quick Service)","4.9","4.5","0.4","Swiggy higher"
"Restaurant_1320","Pune","Fine Dine","3.7","4.1","0.4","Zomato higher"
"Restaurant_1324","Pune","Cloud Kitchen","4.0","4.4","0.4","Zomato higher"
"Restaurant_1340","Pune","Cafe","4.0","3.6","0.4","Swiggy higher"
"Restaurant_1341","Pune","Casual Dining","3.8","4.2","0.4","Zomato higher"
"Restaurant_1342","Pune","Cloud Kitchen","4.7","4.3","0.4","Swiggy higher"
"Restaurant_1343","Pune","Cloud Kitchen","4.0","4.4","0.4","Zomato higher"
"Restaurant_1347","Pune","Food Truck","4.4","4.0","0.4","Swiggy higher"
"Restaurant_1378","Pune","Food Truck","4.1","4.5","0.4","Zomato higher"
"Restaurant_1385","Pune","Casual Dining","3.6","4.0","0.4","Zomato higher"
"Restaurant_1390","Pune","Cloud Kitchen","4.1","4.5","0.4","Zomato higher"
"Restaurant_1396","Pune","Cloud Kitchen","3.9","3.5","0.4","Swiggy higher"
"Restaurant_1411","Pune","Casual Dining","3.6","4.0","0.4","Zomato higher"
"Restaurant_1438","Pune","Food Truck","4.0","4.4","0.4","Zomato higher"
"Restaurant_1441","Pune","Cafe","4.1","4.5","0.4","Zomato higher"
"Restaurant_1443","Pune","Casual Dining","3.9","4.3","0.4","Zomato higher"
"Restaurant_1448","Pune","Casual Dining","4.6","4.2","0.4","Swiggy higher"
"Restaurant_1451","Pune","Casual Dining","3.6","4.0","0.4","Zomato higher"
"Restaurant_1453","Pune","Cloud Kitchen","4.0","4.4","0.4","Zomato higher"
"Restaurant_1469","Pune","Qsr (Quick Service)","3.8","3.4","0.4","Swiggy higher"
"Restaurant_1474","Pune","Food Truck","3.9","4.3","0.4","Zomato higher"
"Restaurant_1481","Pune","Cafe","3.8","3.4","0.4","Swiggy higher"
"Restaurant_1492","Pune","Fine Dine","3.9","4.3","0.4","Zomato higher"
"Restaurant_1516","Hyderabad","Cafe","4.0","3.6","0.4","Swiggy higher"
"Restaurant_1534","Hyderabad","Fine Dine","4.2","3.8","0.4","Swiggy higher"
"Restaurant_1540","Hyderabad","Fine Dine","3.6","4.0","0.4","Zomato higher"
"Restaurant_1579","Hyderabad","Food Truck","3.6","4.0","0.4","Zomato higher"
"Restaurant_1580","Hyderabad","Casual Dining","4.1","3.7","0.4","Swiggy higher"
"Restaurant_1600","Hyderabad","Casual Dining","3.9","4.3","0.4","Zomato higher"
"Restaurant_1603","Hyderabad","Cafe","4.2","4.6","0.4","Zomato higher"
"Restaurant_1607","Hyderabad","Cloud Kitchen","4.0","4.4","0.4","Zomato higher"
"Restaurant_1611","Hyderabad","Qsr (Quick Service)","3.6","4.0","0.4","Zomato higher"
"Restaurant_1622","Hyderabad","Cloud Kitchen","4.8","4.4","0.4","Swiggy higher"
"Restaurant_1631","Hyderabad","Fine Dine","4.2","3.8","0.4","Swiggy higher"
"Restaurant_1638","Hyderabad","Fine Dine","3.6","4.0","0.4","Zomato higher"
"Restaurant_1640","Hyderabad","Food Truck","3.9","4.3","0.4","Zomato higher"
"Restaurant_1655","Hyderabad","Qsr (Quick Service)","4.3","3.9","0.4","Swiggy higher"
"Restaurant_1670","Hyderabad","Cafe","3.7","4.1","0.4","Zomato higher"
"Restaurant_1676","Hyderabad","Fine Dine","3.7","4.1","0.4","Zomato higher"
"Restaurant_1678","Hyderabad","Casual Dining","4.3","3.9","0.4","Swiggy higher"
"Restaurant_1691","Hyderabad","Fine Dine","4.1","3.7","0.4","Swiggy higher"
"Restaurant_1693","Hyderabad","Cafe","4.3","3.9","0.4","Swiggy higher"
"Restaurant_1695","Hyderabad","Qsr (Quick Service)","3.9","4.3","0.4","Zomato higher"
"Restaurant_1706","Hyderabad","Cafe","3.6","4.0","0.4","Zomato higher"
"Restaurant_1707","Hyderabad","Qsr (Quick Service)","4.0","3.6","0.4","Swiggy higher"
"Restaurant_1733","Hyderabad","Casual Dining","3.4","3.8","0.4","Zomato higher"
"Restaurant_1767","Chennai","Casual Dining","3.7","4.1","0.4","Zomato higher"
"Restaurant_1768","Chennai","Casual Dining","3.4","3.8","0.4","Zomato higher"
"Restaurant_1771","Chennai","Qsr (Quick Service)","3.7","4.1","0.4","Zomato higher"
"Restaurant_1776","Chennai","Fine Dine","3.8","4.2","0.4","Zomato higher"
"Restaurant_1782","Chennai","Cafe","4.2","3.8","0.4","Swiggy higher"
"Restaurant_1786","Chennai","Casual Dining","4.3","3.9","0.4","Swiggy higher"
"Restaurant_1793","Chennai","Fine Dine","4.5","4.1","0.4","Swiggy higher"
"Restaurant_1801","Chennai","Casual Dining","4.4","4.0","0.4","Swiggy higher"
"Restaurant_1806","Chennai","Cafe","3.9","4.3","0.4","Zomato higher"
"Restaurant_1807","Chennai","Cloud Kitchen","3.9","3.5","0.4","Swiggy higher"
"Restaurant_1818","Chennai","Casual Dining","4.4","4.8","0.4","Zomato higher"
"Restaurant_1844","Chennai","Food Truck","4.1","3.7","0.4","Swiggy higher"
"Restaurant_1860","Chennai","Fine Dine","4.7","4.3","0.4","Swiggy higher"
"Restaurant_1862","Chennai","Casual Dining","4.6","4.2","0.4","Swiggy higher"
"Restaurant_1870","Chennai","Qsr (Quick Service)","4.5","4.1","0.4","Swiggy higher"
"Restaurant_1","Mumbai","Cafe","3.6","3.2","0.4","Swiggy higher"
"Restaurant_1884","Chennai","Cloud Kitchen","4.0","4.4","0.4","Zomato higher"
"Restaurant_1906","Chennai","Fine Dine","3.1","3.5","0.4","Zomato higher"
"Restaurant_1908","Chennai","Food Truck","3.8","4.2","0.4","Zomato higher"
"Restaurant_1921","Chennai","Fine Dine","4.2","4.6","0.4","Zomato higher"
"Restaurant_1930","Chennai","Fine Dine","3.2","3.6","0.4","Zomato higher"
"Restaurant_1933","Chennai","Food Truck","4.0","3.6","0.4","Swiggy higher"
"Restaurant_1950","Kolkata","Food Truck","3.8","3.4","0.4","Swiggy higher"
"Restaurant_1984","Kolkata","Fine Dine","4.1","3.7","0.4","Swiggy higher"
"Restaurant_1987","Kolkata","Food Truck","4.3","3.9","0.4","Swiggy higher"
"Restaurant_1989","Kolkata","Casual Dining","4.2","3.8","0.4","Swiggy higher"
"Restaurant_1990","Kolkata","Cloud Kitchen","3.9","3.5","0.4","Swiggy higher"
"Restaurant_2008","Kolkata","Cafe","4.2","3.8","0.4","Swiggy higher"
"Restaurant_2012","Kolkata","Qsr (Quick Service)","3.5","3.9","0.4","Zomato higher"
"Restaurant_2014","Kolkata","Cloud Kitchen","4.1","3.7","0.4","Swiggy higher"
"Restaurant_2024","Kolkata","Fine Dine","3.9","4.3","0.4","Zomato higher"
"Restaurant_2032","Kolkata","Casual Dining","4.5","4.1","0.4","Swiggy higher"
"Restaurant_2038","Kolkata","Food Truck","4.2","3.8","0.4","Swiggy higher"
"Restaurant_2046","Kolkata","Food Truck","4.0","4.4","0.4","Zomato higher"
"Restaurant_2048","Kolkata","Casual Dining","3.5","3.9","0.4","Zomato higher"
"Restaurant_2051","Kolkata","Cloud Kitchen","3.7","4.1","0.4","Zomato higher"
"Restaurant_2073","Kolkata","Food Truck","3.9","4.3","0.4","Zomato higher"
"Restaurant_2077","Kolkata","Casual Dining","4.1","3.7","0.4","Swiggy higher"
"Restaurant_2079","Kolkata","Fine Dine","3.6","4.0","0.4","Zomato higher"
"Restaurant_2090","Kolkata","Cafe","4.2","4.6","0.4","Zomato higher"
"Restaurant_2105","Kolkata","Casual Dining","4.1","3.7","0.4","Swiggy higher"
"Restaurant_2107","Kolkata","Cafe","3.8","3.4","0.4","Swiggy higher"
"Restaurant_2109","Kolkata","Fine Dine","3.9","4.3","0.4","Zomato higher"
"Restaurant_2117","Kolkata","Food Truck","3.4","3.8","0.4","Zomato higher"
"Restaurant_2120","Kolkata","Fine Dine","3.5","3.9","0.4","Zomato higher"
"Restaurant_2122","Ahmedabad","Food Truck","3.9","4.3","0.4","Zomato higher"
"Restaurant_2176","Ahmedabad","Cloud Kitchen","3.7","4.1","0.4","Zomato higher"
"Restaurant_2180","Ahmedabad","Cafe","4.3","3.9","0.4","Swiggy higher"
"Restaurant_2183","Ahmedabad","Qsr (Quick Service)","3.9","4.3","0.4","Zomato higher"
"Restaurant_2210","Ahmedabad","Casual Dining","3.8","4.2","0.4","Zomato higher"
"Restaurant_2237","Ahmedabad","Cafe","3.7","4.1","0.4","Zomato higher"
"Restaurant_2259","Ahmedabad","Qsr (Quick Service)","3.6","4.0","0.4","Zomato higher"
"Restaurant_2264","Ahmedabad","Qsr (Quick Service)","4.0","4.4","0.4","Zomato higher"
"Restaurant_2269","Ahmedabad","Food Truck","4.2","4.6","0.4","Zomato higher"
"Restaurant_2296","Jaipur","Casual Dining","3.9","4.3","0.4","Zomato higher"
"Restaurant_2298","Jaipur","Fine Dine","4.1","4.5","0.4","Zomato higher"
"Restaurant_2300","Jaipur","Cafe","4.1","3.7","0.4","Swiggy higher"
"Restaurant_2322","Jaipur","Fine Dine","4.0","4.4","0.4","Zomato higher"
"Restaurant_2324","Jaipur","Qsr (Quick Service)","4.4","4.0","0.4","Swiggy higher"
"Restaurant_2339","Jaipur","Fine Dine","3.8","4.2","0.4","Zomato higher"
"Restaurant_2342","Jaipur","Cloud Kitchen","4.1","3.7","0.4","Swiggy higher"
"Restaurant_2346","Jaipur","Cafe","3.5","3.9","0.4","Zomato higher"
"Restaurant_2362","Jaipur","Casual Dining","3.5","3.9","0.4","Zomato higher"
"Restaurant_2389","Jaipur","Casual Dining","4.0","4.4","0.4","Zomato higher"
"Restaurant_2412","Lucknow","Cloud Kitchen","3.9","3.5","0.4","Swiggy higher"
"Restaurant_2414","Lucknow","Cloud Kitchen","4.2","4.6","0.4","Zomato higher"
"Restaurant_2419","Lucknow","Food Truck","4.4","4.0","0.4","Swiggy higher"
"Restaurant_2436","Lucknow","Fine Dine","3.8","4.2","0.4","Zomato higher"
"Restaurant_2439","Lucknow","Cloud Kitchen","4.7","4.3","0.4","Swiggy higher"
"Restaurant_2441","Lucknow","Fine Dine","5.0","4.6","0.4","Swiggy higher"
"Restaurant_2458","Lucknow","Fine Dine","3.7","4.1","0.4","Zomato higher"
"Restaurant_2474","Lucknow","Food Truck","4.0","3.6","0.4","Swiggy higher"
"Restaurant_2476","Lucknow","Qsr (Quick Service)","4.2","3.8","0.4","Swiggy higher"
"Restaurant_2480","Lucknow","Cafe","4.1","3.7","0.4","Swiggy higher"
"Restaurant_2493","Lucknow","Cloud Kitchen","4.1","4.5","0.4","Zomato higher"
"Restaurant_747","Bangalore","Qsr (Quick Service)","4.1","3.8","0.3","Swiggy higher"
"Restaurant_2072","Kolkata","Cloud Kitchen","4.2","4.5","0.3","Zomato higher"
"Restaurant_2071","Kolkata","Qsr (Quick Service)","4.2","4.5","0.3","Zomato higher"
"Restaurant_366","Mumbai","Food Truck","4.4","4.1","0.3","Swiggy higher"
"Restaurant_1672","Hyderabad","Cloud Kitchen","4.7","5.0","0.3","Zomato higher"
"Restaurant_369","Mumbai","Food Truck","3.4","3.1","0.3","Swiggy higher"
"Restaurant_370","Mumbai","Cloud Kitchen","4.0","3.7","0.3","Swiggy higher"
"Restaurant_1321","Pune","Fine Dine","4.2","3.9","0.3","Swiggy higher"
"Restaurant_371","Mumbai","Fine Dine","3.9","4.2","0.3","Zomato higher"
"Restaurant_1677","Hyderabad","Casual Dining","3.3","3.6","0.3","Zomato higher"
"Restaurant_2061","Kolkata","Food Truck","4.2","4.5","0.3","Zomato higher"
"Restaurant_122","Mumbai","Cloud Kitchen","4.4","4.1","0.3","Swiggy higher"
"Restaurant_372","Mumbai","Cloud Kitchen","3.8","3.5","0.3","Swiggy higher"
"Restaurant_971","Delhi","Fine Dine","3.8","4.1","0.3","Zomato higher"
"Restaurant_744","Bangalore","Qsr (Quick Service)","3.7","4.0","0.3","Zomato higher"
"Restaurant_2461","Lucknow","Food Truck","4.1","4.4","0.3","Zomato higher"
"Restaurant_384","Mumbai","Food Truck","4.1","3.8","0.3","Swiggy higher"
"Restaurant_1233","Delhi","Cafe","4.0","3.7","0.3","Swiggy higher"
"Restaurant_2460","Lucknow","Cloud Kitchen","3.9","3.6","0.3","Swiggy higher"
"Restaurant_2045","Kolkata","Qsr (Quick Service)","3.5","3.8","0.3","Zomato higher"
"Restaurant_1228","Delhi","Food Truck","3.7","4.0","0.3","Zomato higher"
"Restaurant_1442","Pune","Cafe","4.4","4.1","0.3","Swiggy higher"
"Restaurant_727","Bangalore","Qsr (Quick Service)","4.2","3.9","0.3","Swiggy higher"
"Restaurant_393","Mumbai","Casual Dining","3.6","3.9","0.3","Zomato higher"
"Restaurant_2496","Lucknow","Food Truck","4.3","4.0","0.3","Swiggy higher"
"Restaurant_2395","Jaipur","Cloud Kitchen","4.3","4.0","0.3","Swiggy higher"
"Restaurant_402","Mumbai","Food Truck","4.2","3.9","0.3","Swiggy higher"
"Restaurant_1049","Delhi","Fine Dine","4.0","3.7","0.3","Swiggy higher"
"Restaurant_1212","Delhi","Food Truck","3.5","3.8","0.3","Zomato higher"
"Restaurant_1352","Pune","Food Truck","3.5","3.8","0.3","Zomato higher"
"Restaurant_1216","Delhi","Cloud Kitchen","4.1","4.4","0.3","Zomato higher"
"Restaurant_2033","Kolkata","Cloud Kitchen","3.0","3.3","0.3","Zomato higher"
"Restaurant_426","Mumbai","Cloud Kitchen","3.9","4.2","0.3","Zomato higher"
"Restaurant_127","Mumbai","Cloud Kitchen","4.0","3.7","0.3","Swiggy higher"
"Restaurant_718","Bangalore","Cloud Kitchen","3.8","4.1","0.3","Zomato higher"
"Restaurant_2455","Lucknow","Fine Dine","3.8","3.5","0.3","Swiggy higher"
"Restaurant_2013","Kolkata","Fine Dine","4.2","3.9","0.3","Swiggy higher"
"Restaurant_2454","Lucknow","Food Truck","4.1","3.8","0.3","Swiggy higher"
"Restaurant_2003","Kolkata","Fine Dine","4.1","3.8","0.3","Swiggy higher"
"Restaurant_1334","Pune","Fine Dine","4.5","4.8","0.3","Zomato higher"
"Restaurant_443","Mumbai","Qsr (Quick Service)","3.5","3.8","0.3","Zomato higher"
"Restaurant_2001","Kolkata","Food Truck","4.0","3.7","0.3","Swiggy higher"
"Restaurant_1450","Pune","Casual Dining","3.6","3.9","0.3","Zomato higher"
"Restaurant_701","Bangalore","Casual Dining","4.1","3.8","0.3","Swiggy higher"
"Restaurant_445","Mumbai","Food Truck","4.3","4.0","0.3","Swiggy higher"
"Restaurant_1043","Delhi","Fine Dine","4.1","3.8","0.3","Swiggy higher"
"Restaurant_1995","Kolkata","Food Truck","3.9","4.2","0.3","Zomato higher"
"Restaurant_1993","Kolkata","Cafe","3.4","3.7","0.3","Zomato higher"
"Restaurant_1041","Delhi","Casual Dining","3.8","4.1","0.3","Zomato higher"
"Restaurant_1717","Hyderabad","Cafe","4.5","4.2","0.3","Swiggy higher"
"Restaurant_2450","Lucknow","Cafe","4.4","4.7","0.3","Zomato higher"
"Restaurant_1986","Kolkata","Cloud Kitchen","4.2","4.5","0.3","Zomato higher"
"Restaurant_457","Bangalore","Cafe","4.4","4.1","0.3","Swiggy higher"
"Restaurant_477","Bangalore","Qsr (Quick Service)","2.9","3.2","0.3","Zomato higher"
"Restaurant_1963","Kolkata","Food Truck","4.4","4.1","0.3","Swiggy higher"
"Restaurant_2369","Jaipur","Food Truck","4.1","3.8","0.3","Swiggy higher"
"Restaurant_1962","Kolkata","Food Truck","3.7","4.0","0.3","Zomato higher"
"Restaurant_1946","Kolkata","Food Truck","4.3","4.0","0.3","Swiggy higher"
"Restaurant_130","Mumbai","Food Truck","3.9","4.2","0.3","Zomato higher"
"Restaurant_1375","Pune","Cafe","3.8","4.1","0.3","Zomato higher"
"Restaurant_1728","Hyderabad","Food Truck","3.1","3.4","0.3","Zomato higher"
"Restaurant_1942","Kolkata","Casual Dining","4.4","4.1","0.3","Swiggy higher"
"Restaurant_1456","Pune","Cafe","3.3","3.6","0.3","Zomato higher"
"Restaurant_1938","Chennai","Cafe","3.2","3.5","0.3","Zomato higher"
"Restaurant_1935","Chennai","Casual Dining","4.1","3.8","0.3","Swiggy higher"
"Restaurant_514","Bangalore","Cloud Kitchen","4.1","4.4","0.3","Zomato higher"
"Restaurant_70","Mumbai","Food Truck","4.4","4.1","0.3","Swiggy higher"
"Restaurant_1083","Delhi","Food Truck","4.3","4.0","0.3","Swiggy higher"
"Restaurant_517","Bangalore","Fine Dine","3.8","3.5","0.3","Swiggy higher"
"Restaurant_1377","Pune","Cloud Kitchen","3.4","3.7","0.3","Zomato higher"
"Restaurant_678","Bangalore","Casual Dining","4.3","4.0","0.3","Swiggy higher"
"Restaurant_1924","Chennai","Food Truck","3.8","4.1","0.3","Zomato higher"
"Restaurant_521","Bangalore","Casual Dining","3.6","3.3","0.3","Swiggy higher"
"Restaurant_525","Bangalore","Food Truck","4.2","4.5","0.3","Zomato higher"
"Restaurant_669","Bangalore","Food Truck","3.6","3.3","0.3","Swiggy higher"
"Restaurant_96","Mumbai","Qsr (Quick Service)","4.0","3.7","0.3","Swiggy higher"
"Restaurant_1379","Pune","Fine Dine","4.0","4.3","0.3","Zomato higher"
"Restaurant_1918","Chennai","Casual Dining","3.4","3.7","0.3","Zomato higher"
"Restaurant_1461","Pune","Cafe","4.3","4.0","0.3","Swiggy higher"
"Restaurant_956","Delhi","Fine Dine","3.8","4.1","0.3","Zomato higher"
"Restaurant_1915","Chennai","Qsr (Quick Service)","4.3","4.0","0.3","Swiggy higher"
"Restaurant_1749","Chennai","Fine Dine","3.5","3.8","0.3","Zomato higher"
"Restaurant_531","Bangalore","Qsr (Quick Service)","4.4","4.7","0.3","Zomato higher"
"Restaurant_1903","Chennai","Food Truck","4.3","4.0","0.3","Swiggy higher"
"Restaurant_659","Bangalore","Fine Dine","4.0","4.3","0.3","Zomato higher"
"Restaurant_1900","Chennai","Fine Dine","4.1","3.8","0.3","Swiggy higher"
"Restaurant_1463","Pune","Cloud Kitchen","4.2","4.5","0.3","Zomato higher"
"Restaurant_1464","Pune","Cloud Kitchen","4.0","3.7","0.3","Swiggy higher"
"Restaurant_1889","Chennai","Qsr (Quick Service)","3.8","4.1","0.3","Zomato higher"
"Restaurant_543","Bangalore","Food Truck","3.7","4.0","0.3","Zomato higher"
"Restaurant_546","Bangalore","Cloud Kitchen","3.9","4.2","0.3","Zomato higher"
"Restaurant_1879","Chennai","Cloud Kitchen","4.2","3.9","0.3","Swiggy higher"
"Restaurant_1465","Pune","Fine Dine","3.8","4.1","0.3","Zomato higher"
"Restaurant_108","Mumbai","Cloud Kitchen","3.9","3.6","0.3","Swiggy higher"
"Restaurant_1096","Delhi","Cloud Kitchen","3.8","4.1","0.3","Zomato higher"
"Restaurant_1311","Pune","Cafe","4.0","4.3","0.3","Zomato higher"
"Restaurant_2399","Jaipur","Fine Dine","4.0","3.7","0.3","Swiggy higher"
"Restaurant_1765","Chennai","Qsr (Quick Service)","3.7","4.0","0.3","Zomato higher"
"Restaurant_554","Bangalore","Qsr (Quick Service)","4.0","4.3","0.3","Zomato higher"
"Restaurant_556","Bangalore","Food Truck","4.2","4.5","0.3","Zomato higher"
"Restaurant_78","Mumbai","Cafe","3.9","4.2","0.3","Zomato higher"
"Restaurant_1769","Chennai","Cafe","4.0","3.7","0.3","Swiggy higher"
"Restaurant_138","Mumbai","Fine Dine","3.6","3.9","0.3","Zomato higher"
"Restaurant_77","Mumbai","Cloud Kitchen","3.7","4.0","0.3","Zomato higher"
"Restaurant_1866","Chennai","Fine Dine","4.0","4.3","0.3","Zomato higher"
"Restaurant_558","Bangalore","Qsr (Quick Service)","4.1","3.8","0.3","Swiggy higher"
"Restaurant_2494","Lucknow","Cloud Kitchen","4.1","3.8","0.3","Swiggy higher"
"Restaurant_954","Delhi","Cloud Kitchen","3.7","4.0","0.3","Zomato higher"
"Restaurant_1472","Pune","Cloud Kitchen","3.6","3.3","0.3","Swiggy higher"
"Restaurant_566","Bangalore","Cloud Kitchen","4.4","4.7","0.3","Zomato higher"
"Restaurant_1473","Pune","Qsr (Quick Service)","3.5","3.2","0.3","Swiggy higher"
"Restaurant_2400","Jaipur","Casual Dining","3.6","3.9","0.3","Zomato higher"
"Restaurant_569","Bangalore","Fine Dine","4.2","3.9","0.3","Swiggy higher"
"Restaurant_626","Bangalore","Fine Dine","4.4","4.1","0.3","Swiggy higher"
"Restaurant_1850","Chennai","Casual Dining","4.5","4.2","0.3","Swiggy higher"
"Restaurant_572","Bangalore","Casual Dining","4.1","3.8","0.3","Swiggy higher"
"Restaurant_2343","Jaipur","Food Truck","4.3","4.0","0.3","Swiggy higher"
"Restaurant_576","Bangalore","Casual Dining","4.2","3.9","0.3","Swiggy higher"
"Restaurant_76","Mumbai","Qsr (Quick Service)","3.8","4.1","0.3","Zomato higher"
"Restaurant_1034","Delhi","Qsr (Quick Service)","4.6","4.9","0.3","Zomato higher"
"Restaurant_2338","Jaipur","Food Truck","4.0","4.3","0.3","Zomato higher"
"Restaurant_1841","Chennai","Cloud Kitchen","3.9","3.6","0.3","Swiggy higher"
"Restaurant_584","Bangalore","Cafe","3.4","3.7","0.3","Zomato higher"
"Restaurant_1791","Chennai","Qsr (Quick Service)","3.3","3.6","0.3","Zomato higher"
"Restaurant_585","Bangalore","Cloud Kitchen","3.7","4.0","0.3","Zomato higher"
"Restaurant_587","Bangalore","Casual Dining","3.7","4.0","0.3","Zomato higher"
"Restaurant_596","Bangalore","Fine Dine","3.7","4.0","0.3","Zomato higher"
"Restaurant_163","Mumbai","Cloud Kitchen","4.3","4.0","0.3","Swiggy higher"
"Restaurant_1821","Chennai","Cloud Kitchen","3.4","3.7","0.3","Zomato higher"
"Restaurant_1820","Chennai","Casual Dining","4.0","4.3","0.3","Zomato higher"
"Restaurant_2334","Jaipur","Casual Dining","4.3","4.0","0.3","Swiggy higher"
"Restaurant_1480","Pune","Casual Dining","4.2","3.9","0.3","Swiggy higher"
"Restaurant_6","Mumbai","Food Truck","4.0","4.3","0.3","Zomato higher"
"Restaurant_75","Mumbai","Cafe","3.9","4.2","0.3","Zomato higher"
"Restaurant_1812","Chennai","Qsr (Quick Service)","4.1","4.4","0.3","Zomato higher"
"Restaurant_607","Bangalore","Food Truck","4.1","3.8","0.3","Swiggy higher"
"Restaurant_1805","Chennai","Cloud Kitchen","4.1","3.8","0.3","Swiggy higher"
"Restaurant_167","Mumbai","Fine Dine","4.1","4.4","0.3","Zomato higher"
"Restaurant_2331","Jaipur","Qsr (Quick Service)","4.1","3.8","0.3","Swiggy higher"
"Restaurant_1106","Delhi","Qsr (Quick Service)","4.0","3.7","0.3","Swiggy higher"
"Restaurant_946","Delhi","Fine Dine","3.5","3.8","0.3","Zomato higher"
"Restaurant_1485","Pune","Fine Dine","4.4","4.7","0.3","Zomato higher"
"Restaurant_174","Mumbai","Casual Dining","4.4","4.1","0.3","Swiggy higher"
"Restaurant_940","Delhi","Casual Dining","3.6","3.3","0.3","Swiggy higher"
"Restaurant_2489","Lucknow","Fine Dine","3.7","4.0","0.3","Zomato higher"
"Restaurant_1113","Delhi","Cafe","3.6","3.3","0.3","Swiggy higher"
"Restaurant_936","Delhi","Cafe","3.6","3.9","0.3","Zomato higher"
"Restaurant_2325","Jaipur","Casual Dining","4.0","4.3","0.3","Zomato higher"
"Restaurant_2484","Lucknow","Cloud Kitchen","3.9","3.6","0.3","Swiggy higher"
"Restaurant_931","Delhi","Fine Dine","3.6","3.9","0.3","Zomato higher"
"Restaurant_2315","Jaipur","Fine Dine","3.8","4.1","0.3","Zomato higher"
"Restaurant_189","Mumbai","Cloud Kitchen","3.5","3.8","0.3","Zomato higher"
"Restaurant_1299","Pune","Cafe","4.3","4.0","0.3","Swiggy higher"
"Restaurant_1497","Pune","Cloud Kitchen","3.5","3.8","0.3","Zomato higher"
"Restaurant_190","Mumbai","Casual Dining","4.2","4.5","0.3","Zomato higher"
"Restaurant_191","Mumbai","Cafe","3.5","3.8","0.3","Zomato higher"
"Restaurant_925","Delhi","Qsr (Quick Service)","4.5","4.2","0.3","Swiggy higher"
"Restaurant_921","Delhi","Qsr (Quick Service)","4.4","4.1","0.3","Swiggy higher"
"Restaurant_1120","Delhi","Fine Dine","3.8","3.5","0.3","Swiggy higher"
"Restaurant_1065","Delhi","Qsr (Quick Service)","3.8","3.5","0.3","Swiggy higher"
"Restaurant_1504","Hyderabad","Qsr (Quick Service)","3.6","3.9","0.3","Zomato higher"
"Restaurant_2302","Jaipur","Fine Dine","4.1","4.4","0.3","Zomato higher"
"Restaurant_2390","Jaipur","Fine Dine","4.0","3.7","0.3","Swiggy higher"
"Restaurant_1391","Pune","Fine Dine","4.3","4.0","0.3","Swiggy higher"
"Restaurant_1508","Hyderabad","Casual Dining","3.7","3.4","0.3","Swiggy higher"
"Restaurant_2291","Jaipur","Fine Dine","3.7","4.0","0.3","Zomato higher"
"Restaurant_2290","Jaipur","Fine Dine","4.1","4.4","0.3","Zomato higher"
"Restaurant_1027","Delhi","Fine Dine","3.6","3.9","0.3","Zomato higher"
"Restaurant_1512","Hyderabad","Casual Dining","3.5","3.2","0.3","Swiggy higher"
"Restaurant_195","Mumbai","Food Truck","4.0","3.7","0.3","Swiggy higher"
"Restaurant_199","Mumbai","Fine Dine","3.9","4.2","0.3","Zomato higher"
"Restaurant_902","Delhi","Fine Dine","3.6","3.9","0.3","Zomato higher"
"Restaurant_1071","Delhi","Casual Dining","4.0","3.7","0.3","Swiggy higher"
"Restaurant_2284","Jaipur","Food Truck","4.5","4.2","0.3","Swiggy higher"
"Restaurant_1394","Pune","Food Truck","4.2","3.9","0.3","Swiggy higher"
"Restaurant_1296","Pune","Fine Dine","4.7","4.4","0.3","Swiggy higher"
"Restaurant_1520","Hyderabad","Qsr (Quick Service)","3.8","4.1","0.3","Zomato higher"
"Restaurant_1521","Hyderabad","Cafe","4.3","4.6","0.3","Zomato higher"
"Restaurant_2283","Jaipur","Qsr (Quick Service)","4.0","4.3","0.3","Zomato higher"
"Restaurant_1523","Hyderabad","Casual Dining","4.4","4.7","0.3","Zomato higher"
"Restaurant_1289","Pune","Fine Dine","4.1","3.8","0.3","Swiggy higher"
"Restaurant_2280","Ahmedabad","Casual Dining","4.4","4.1","0.3","Swiggy higher"
"Restaurant_1128","Delhi","Casual Dining","4.3","4.0","0.3","Swiggy higher"
"Restaurant_896","Delhi","Food Truck","3.9","3.6","0.3","Swiggy higher"
"Restaurant_201","Mumbai","Fine Dine","4.0","4.3","0.3","Zomato higher"
"Restaurant_1529","Hyderabad","Food Truck","3.8","4.1","0.3","Zomato higher"
"Restaurant_2265","Ahmedabad","Qsr (Quick Service)","3.6","3.9","0.3","Zomato higher"
"Restaurant_2261","Ahmedabad","Food Truck","4.1","3.8","0.3","Swiggy higher"
"Restaurant_2250","Ahmedabad","Qsr (Quick Service)","3.8","3.5","0.3","Swiggy higher"
"Restaurant_1282","Pune","Food Truck","3.4","3.7","0.3","Zomato higher"
"Restaurant_1329","Pune","Cloud Kitchen","4.2","4.5","0.3","Zomato higher"
"Restaurant_885","Delhi","Cafe","3.7","4.0","0.3","Zomato higher"
"Restaurant_217","Mumbai","Fine Dine","4.1","3.8","0.3","Swiggy higher"
"Restaurant_218","Mumbai","Fine Dine","3.8","3.5","0.3","Swiggy higher"
"Restaurant_220","Mumbai","Qsr (Quick Service)","4.5","4.8","0.3","Zomato higher"
"Restaurant_1062","Delhi","Qsr (Quick Service)","4.0","4.3","0.3","Zomato higher"
"Restaurant_221","Mumbai","Food Truck","3.9","4.2","0.3","Zomato higher"
"Restaurant_1017","Delhi","Cloud Kitchen","3.4","3.7","0.3","Zomato higher"
"Restaurant_880","Delhi","Cloud Kitchen","3.9","3.6","0.3","Swiggy higher"
"Restaurant_1543","Hyderabad","Cafe","4.3","4.6","0.3","Zomato higher"
"Restaurant_1012","Delhi","Fine Dine","4.5","4.8","0.3","Zomato higher"
"Restaurant_1279","Pune","Casual Dining","4.2","3.9","0.3","Swiggy higher"
"Restaurant_222","Mumbai","Qsr (Quick Service)","3.8","4.1","0.3","Zomato higher"
"Restaurant_877","Delhi","Casual Dining","3.9","4.2","0.3","Zomato higher"
"Restaurant_224","Mumbai","Cafe","3.7","4.0","0.3","Zomato higher"
"Restaurant_1549","Hyderabad","Casual Dining","4.3","4.0","0.3","Swiggy higher"
"Restaurant_1550","Hyderabad","Food Truck","4.1","3.8","0.3","Swiggy higher"
"Restaurant_2233","Ahmedabad","Fine Dine","3.9","4.2","0.3","Zomato higher"
"Restaurant_874","Delhi","Cafe","4.0","3.7","0.3","Swiggy higher"
"Restaurant_1553","Hyderabad","Fine Dine","3.4","3.7","0.3","Zomato higher"
"Restaurant_873","Delhi","Fine Dine","4.1","3.8","0.3","Swiggy higher"
"Restaurant_1278","Pune","Fine Dine","3.6","3.9","0.3","Zomato higher"
"Restaurant_235","Mumbai","Casual Dining","4.2","3.9","0.3","Swiggy higher"
"Restaurant_2223","Ahmedabad","Qsr (Quick Service)","3.8","3.5","0.3","Swiggy higher"
"Restaurant_121","Mumbai","Food Truck","3.8","4.1","0.3","Zomato higher"
"Restaurant_1274","Pune","Cloud Kitchen","4.0","3.7","0.3","Swiggy higher"
"Restaurant_862","Bangalore","Fine Dine","4.4","4.1","0.3","Swiggy higher"
"Restaurant_1010","Delhi","Fine Dine","3.9","4.2","0.3","Zomato higher"
"Restaurant_1562","Hyderabad","Cafe","3.5","3.8","0.3","Zomato higher"
"Restaurant_857","Bangalore","Casual Dining","4.0","4.3","0.3","Zomato higher"
"Restaurant_1564","Hyderabad","Qsr (Quick Service)","3.8","4.1","0.3","Zomato higher"
"Restaurant_251","Mumbai","Cloud Kitchen","3.8","3.5","0.3","Swiggy higher"
"Restaurant_1338","Pune","Qsr (Quick Service)","4.4","4.1","0.3","Swiggy higher"
"Restaurant_1004","Delhi","Cafe","4.2","3.9","0.3","Swiggy higher"
"Restaurant_254","Mumbai","Qsr (Quick Service)","4.0","3.7","0.3","Swiggy higher"
"Restaurant_1569","Hyderabad","Food Truck","4.5","4.2","0.3","Swiggy higher"
"Restaurant_854","Bangalore","Cloud Kitchen","3.7","4.0","0.3","Zomato higher"
"Restaurant_2215","Ahmedabad","Food Truck","4.0","3.7","0.3","Swiggy higher"
"Restaurant_2209","Ahmedabad","Cafe","3.8","4.1","0.3","Zomato higher"
"Restaurant_2204","Ahmedabad","Qsr (Quick Service)","4.1","3.8","0.3","Swiggy higher"
"Restaurant_1145","Delhi","Food Truck","4.2","3.9","0.3","Swiggy higher"
"Restaurant_2198","Ahmedabad","Qsr (Quick Service)","3.9","3.6","0.3","Swiggy higher"
"Restaurant_1576","Hyderabad","Fine Dine","3.7","3.4","0.3","Swiggy higher"
"Restaurant_264","Mumbai","Fine Dine","4.2","4.5","0.3","Zomato higher"
"Restaurant_276","Mumbai","Food Truck","4.2","4.5","0.3","Zomato higher"
"Restaurant_2406","Lucknow","Casual Dining","3.6","3.9","0.3","Zomato higher"
"Restaurant_2407","Lucknow","Cafe","3.7","4.0","0.3","Zomato higher"
"Restaurant_2181","Ahmedabad","Fine Dine","3.5","3.8","0.3","Zomato higher"
"Restaurant_1582","Hyderabad","Food Truck","3.8","4.1","0.3","Zomato higher"
"Restaurant_1583","Hyderabad","Cloud Kitchen","3.5","3.2","0.3","Swiggy higher"
"Restaurant_291","Mumbai","Casual Dining","4.3","4.0","0.3","Swiggy higher"
"Restaurant_1269","Pune","Qsr (Quick Service)","3.3","3.6","0.3","Zomato higher"
"Restaurant_2174","Ahmedabad","Casual Dining","3.8","3.5","0.3","Swiggy higher"
"Restaurant_295","Mumbai","Cloud Kitchen","3.9","3.6","0.3","Swiggy higher"
"Restaurant_310","Mumbai","Cafe","3.8","3.5","0.3","Swiggy higher"
"Restaurant_833","Bangalore","Fine Dine","3.8","3.5","0.3","Swiggy higher"
"Restaurant_1590","Hyderabad","Food Truck","3.9","4.2","0.3","Zomato higher"
"Restaurant_832","Bangalore","Food Truck","3.9","3.6","0.3","Swiggy higher"
"Restaurant_830","Bangalore","Fine Dine","3.4","3.7","0.3","Zomato higher"
"Restaurant_828","Bangalore","Cloud Kitchen","3.8","3.5","0.3","Swiggy higher"
"Restaurant_311","Mumbai","Food Truck","3.4","3.7","0.3","Zomato higher"
"Restaurant_1360","Pune","Casual Dining","4.7","4.4","0.3","Swiggy higher"
"Restaurant_2146","Ahmedabad","Fine Dine","4.0","4.3","0.3","Zomato higher"
"Restaurant_313","Mumbai","Qsr (Quick Service)","4.3","4.0","0.3","Swiggy higher"
"Restaurant_2144","Ahmedabad","Casual Dining","4.4","4.7","0.3","Zomato higher"
"Restaurant_1150","Delhi","Qsr (Quick Service)","4.0","4.3","0.3","Zomato higher"
"Restaurant_320","Mumbai","Food Truck","4.1","3.8","0.3","Swiggy higher"
"Restaurant_820","Bangalore","Fine Dine","4.4","4.1","0.3","Swiggy higher"
"Restaurant_1602","Hyderabad","Casual Dining","4.5","4.2","0.3","Swiggy higher"
"Restaurant_2409","Lucknow","Qsr (Quick Service)","3.9","4.2","0.3","Zomato higher"
"Restaurant_1604","Hyderabad","Cafe","4.1","4.4","0.3","Zomato higher"
"Restaurant_1326","Pune","Casual Dining","4.2","4.5","0.3","Zomato higher"
"Restaurant_322","Mumbai","Fine Dine","4.1","3.8","0.3","Swiggy higher"
"Restaurant_2410","Lucknow","Qsr (Quick Service)","4.4","4.7","0.3","Zomato higher"
"Restaurant_2135","Ahmedabad","Fine Dine","4.3","4.0","0.3","Swiggy higher"
"Restaurant_2134","Ahmedabad","Fine Dine","4.2","4.5","0.3","Zomato higher"
"Restaurant_2130","Ahmedabad","Cloud Kitchen","3.9","3.6","0.3","Swiggy higher"
"Restaurant_83","Mumbai","Qsr (Quick Service)","4.3","4.0","0.3","Swiggy higher"
"Restaurant_995","Delhi","Cafe","3.9","4.2","0.3","Zomato higher"
"Restaurant_1163","Delhi","Qsr (Quick Service)","4.1","4.4","0.3","Zomato higher"
"Restaurant_325","Mumbai","Cloud Kitchen","4.6","4.3","0.3","Swiggy higher"
"Restaurant_1615","Hyderabad","Qsr (Quick Service)","3.8","4.1","0.3","Zomato higher"
"Restaurant_992","Delhi","Qsr (Quick Service)","3.3","3.6","0.3","Zomato higher"
"Restaurant_1173","Delhi","Qsr (Quick Service)","4.0","3.7","0.3","Swiggy higher"
"Restaurant_800","Bangalore","Cloud Kitchen","4.0","3.7","0.3","Swiggy higher"
"Restaurant_1619","Hyderabad","Food Truck","4.3","4.0","0.3","Swiggy higher"
"Restaurant_2126","Ahmedabad","Food Truck","4.2","3.9","0.3","Swiggy higher"
"Restaurant_2125","Ahmedabad","Qsr (Quick Service)","3.8","4.1","0.3","Zomato higher"
"Restaurant_106","Mumbai","Cloud Kitchen","4.0","4.3","0.3","Zomato higher"
"Restaurant_1075","Delhi","Cafe","3.7","4.0","0.3","Zomato higher"
"Restaurant_794","Bangalore","Casual Dining","4.4","4.7","0.3","Zomato higher"
"Restaurant_2124","Ahmedabad","Cafe","3.8","3.5","0.3","Swiggy higher"
"Restaurant_45","Mumbai","Food Truck","3.8","4.1","0.3","Zomato higher"
"Restaurant_788","Bangalore","Qsr (Quick Service)","4.7","4.4","0.3","Swiggy higher"
"Restaurant_787","Bangalore","Qsr (Quick Service)","4.1","4.4","0.3","Zomato higher"
"Restaurant_987","Delhi","Cloud Kitchen","4.3","4.6","0.3","Zomato higher"
"Restaurant_2116","Kolkata","Fine Dine","4.1","4.4","0.3","Zomato higher"
"Restaurant_334","Mumbai","Cloud Kitchen","4.1","4.4","0.3","Zomato higher"
"Restaurant_335","Mumbai","Cloud Kitchen","3.9","4.2","0.3","Zomato higher"
"Restaurant_783","Bangalore","Fine Dine","4.0","4.3","0.3","Zomato higher"
"Restaurant_99","Mumbai","Cloud Kitchen","4.5","4.8","0.3","Zomato higher"
"Restaurant_1070","Delhi","Fine Dine","3.4","3.1","0.3","Swiggy higher"
"Restaurant_2111","Kolkata","Cloud Kitchen","3.1","3.4","0.3","Zomato higher"
"Restaurant_1424","Pune","Qsr (Quick Service)","4.1","4.4","0.3","Zomato higher"
"Restaurant_1251","Pune","Food Truck","3.9","4.2","0.3","Zomato higher"
"Restaurant_780","Bangalore","Food Truck","3.3","3.6","0.3","Zomato higher"
"Restaurant_2415","Lucknow","Qsr (Quick Service)","3.9","4.2","0.3","Zomato higher"
"Restaurant_1641","Hyderabad","Casual Dining","3.6","3.9","0.3","Zomato higher"
"Restaurant_1366","Pune","Food Truck","3.9","4.2","0.3","Zomato higher"
"Restaurant_337","Mumbai","Food Truck","4.3","4.6","0.3","Zomato higher"
"Restaurant_2466","Lucknow","Cafe","3.9","4.2","0.3","Zomato higher"
"Restaurant_2102","Kolkata","Qsr (Quick Service)","3.6","3.9","0.3","Zomato higher"
"Restaurant_1646","Hyderabad","Cafe","3.8","3.5","0.3","Swiggy higher"
"Restaurant_1250","Delhi","Cafe","3.5","3.8","0.3","Zomato higher"
"Restaurant_769","Bangalore","Food Truck","3.9","4.2","0.3","Zomato higher"
"Restaurant_767","Bangalore","Casual Dining","4.1","3.8","0.3","Swiggy higher"
"Restaurant_1650","Hyderabad","Cloud Kitchen","4.2","3.9","0.3","Swiggy higher"
"Restaurant_1367","Pune","Fine Dine","4.0","3.7","0.3","Swiggy higher"
"Restaurant_759","Bangalore","Food Truck","4.4","4.1","0.3","Swiggy higher"
"Restaurant_2097","Kolkata","Casual Dining","4.0","3.7","0.3","Swiggy higher"
"Restaurant_1429","Pune","Cafe","4.5","4.2","0.3","Swiggy higher"
"Restaurant_1244","Delhi","Fine Dine","3.9","3.6","0.3","Swiggy higher"
"Restaurant_756","Bangalore","Cloud Kitchen","4.1","4.4","0.3","Zomato higher"
"Restaurant_344","Mumbai","Cloud Kitchen","5.0","4.7","0.3","Swiggy higher"
"Restaurant_1243","Delhi","Cafe","3.7","4.0","0.3","Zomato higher"
"Restaurant_346","Mumbai","Cafe","4.4","4.1","0.3","Swiggy higher"
"Restaurant_2080","Kolkata","Cafe","3.8","3.5","0.3","Swiggy higher"
"Restaurant_1069","Delhi","Casual Dining","4.5","4.2","0.3","Swiggy higher"
"Restaurant_1433","Pune","Casual Dining","4.3","4.0","0.3","Swiggy higher"
"Restaurant_753","Bangalore","Cloud Kitchen","3.7","4.0","0.3","Zomato higher"
"Restaurant_55","Mumbai","Qsr (Quick Service)","3.6","3.9","0.3","Zomato higher"
"Restaurant_1193","Delhi","Qsr (Quick Service)","3.6","3.9","0.3","Zomato higher"
"Restaurant_1197","Delhi","Fine Dine","4.7","4.4","0.3","Swiggy higher"
"Restaurant_1238","Delhi","Qsr (Quick Service)","4.0","4.3","0.3","Zomato higher"
"Restaurant_258","Mumbai","Food Truck","4.1","3.9","0.2","Swiggy higher"
"Restaurant_1349","Pune","Cafe","4.5","4.3","0.2","Swiggy higher"
"Restaurant_1356","Pune","Food Truck","3.8","4.0","0.2","Zomato higher"
"Restaurant_1060","Delhi","Cloud Kitchen","3.3","3.5","0.2","Zomato higher"
"Restaurant_1057","Delhi","Cloud Kitchen","4.5","4.3","0.2","Swiggy higher"
"Restaurant_1056","Delhi","Qsr (Quick Service)","3.8","4.0","0.2","Zomato higher"
"Restaurant_1053","Delhi","Qsr (Quick Service)","4.4","4.2","0.2","Swiggy higher"
"Restaurant_1368","Pune","Fine Dine","3.7","3.9","0.2","Zomato higher"
"Restaurant_1047","Delhi","Cloud Kitchen","3.2","3.4","0.2","Zomato higher"
"Restaurant_1372","Pune","Fine Dine","4.4","4.2","0.2","Swiggy higher"
"Restaurant_1376","Pune","Cafe","3.9","4.1","0.2","Zomato higher"
"Restaurant_1389","Pune","Fine Dine","3.8","3.6","0.2","Swiggy higher"
"Restaurant_1393","Pune","Cafe","4.2","4.4","0.2","Zomato higher"
"Restaurant_1399","Pune","Fine Dine","3.9","3.7","0.2","Swiggy higher"
"Restaurant_1400","Pune","Food Truck","3.9","4.1","0.2","Zomato higher"
"Restaurant_1408","Pune","Fine Dine","4.2","4.0","0.2","Swiggy higher"
"Restaurant_1412","Pune","Food Truck","4.3","4.5","0.2","Zomato higher"
"Restaurant_997","Delhi","Cloud Kitchen","4.1","4.3","0.2","Zomato higher"
"Restaurant_991","Delhi","Fine Dine","3.8","3.6","0.2","Swiggy higher"
"Restaurant_1420","Pune","Food Truck","3.7","3.5","0.2","Swiggy higher"
"Restaurant_984","Delhi","Food Truck","4.3","4.1","0.2","Swiggy higher"
"Restaurant_1423","Pune","Qsr (Quick Service)","4.1","3.9","0.2","Swiggy higher"
"Restaurant_1426","Pune","Fine Dine","4.4","4.2","0.2","Swiggy higher"
"Restaurant_977","Delhi","Casual Dining","4.1","3.9","0.2","Swiggy higher"
"Restaurant_1432","Pune","Fine Dine","3.4","3.6","0.2","Zomato higher"
"Restaurant_972","Delhi","Fine Dine","4.6","4.4","0.2","Swiggy higher"
"Restaurant_968","Delhi","Cafe","3.5","3.7","0.2","Zomato higher"
"Restaurant_964","Delhi","Fine Dine","3.6","3.4","0.2","Swiggy higher"
"Restaurant_1449","Pune","Food Truck","3.8","4.0","0.2","Zomato higher"
"Restaurant_2397","Jaipur","Cafe","4.1","3.9","0.2","Swiggy higher"
"Restaurant_1452","Pune","Qsr (Quick Service)","4.4","4.2","0.2","Swiggy higher"
"Restaurant_1455","Pune","Food Truck","4.4","4.2","0.2","Swiggy higher"
"Restaurant_962","Delhi","Fine Dine","4.1","3.9","0.2","Swiggy higher"
"Restaurant_1458","Pune","Casual Dining","3.8","4.0","0.2","Zomato higher"
"Restaurant_1459","Pune","Cafe","4.0","4.2","0.2","Zomato higher"
"Restaurant_961","Delhi","Cloud Kitchen","4.2","4.4","0.2","Zomato higher"
"Restaurant_1466","Pune","Casual Dining","3.9","3.7","0.2","Swiggy higher"
"Restaurant_1467","Pune","Qsr (Quick Service)","4.2","4.0","0.2","Swiggy higher"
"Restaurant_1468","Pune","Fine Dine","3.8","4.0","0.2","Zomato higher"
"Restaurant_952","Delhi","Fine Dine","4.3","4.5","0.2","Zomato higher"
"Restaurant_1483","Pune","Cafe","3.7","3.9","0.2","Zomato higher"
"Restaurant_1488","Pune","Cloud Kitchen","4.2","4.0","0.2","Swiggy higher"
"Restaurant_937","Delhi","Fine Dine","3.7","3.5","0.2","Swiggy higher"
"Restaurant_928","Delhi","Cloud Kitchen","4.5","4.3","0.2","Swiggy higher"
"Restaurant_919","Delhi","Cloud Kitchen","4.2","4.0","0.2","Swiggy higher"
"Restaurant_916","Delhi","Fine Dine","3.7","3.9","0.2","Zomato higher"
"Restaurant_915","Delhi","Cloud Kitchen","4.1","4.3","0.2","Zomato higher"
"Restaurant_914","Delhi","Cafe","3.8","4.0","0.2","Zomato higher"
"Restaurant_904","Delhi","Casual Dining","4.1","4.3","0.2","Zomato higher"
"Restaurant_2403","Lucknow","Casual Dining","4.4","4.6","0.2","Zomato higher"
"Restaurant_1518","Hyderabad","Food Truck","3.5","3.7","0.2","Zomato higher"
"Restaurant_1519","Hyderabad","Qsr (Quick Service)","4.1","4.3","0.2","Zomato higher"
"Restaurant_897","Delhi","Qsr (Quick Service)","3.9","3.7","0.2","Swiggy higher"
"Restaurant_1526","Hyderabad","Cloud Kitchen","4.2","4.0","0.2","Swiggy higher"
"Restaurant_888","Delhi","Cloud Kitchen","3.9","4.1","0.2","Zomato higher"
"Restaurant_86","Mumbai","Cafe","4.0","3.8","0.2","Swiggy higher"
"Restaurant_881","Delhi","Casual Dining","3.7","3.9","0.2","Zomato higher"
"Restaurant_1541","Hyderabad","Cloud Kitchen","3.7","3.9","0.2","Zomato higher"
"Restaurant_1544","Hyderabad","Fine Dine","4.5","4.3","0.2","Swiggy higher"
"Restaurant_1545","Hyderabad","Cafe","3.9","3.7","0.2","Swiggy higher"
"Restaurant_868","Bangalore","Qsr (Quick Service)","3.7","3.9","0.2","Zomato higher"
"Restaurant_1558","Hyderabad","Qsr (Quick Service)","4.2","4.0","0.2","Swiggy higher"
"Restaurant_863","Bangalore","Qsr (Quick Service)","3.4","3.2","0.2","Swiggy higher"
"Restaurant_1561","Hyderabad","Fine Dine","4.1","3.9","0.2","Swiggy higher"
"Restaurant_1566","Hyderabad","Cloud Kitchen","4.3","4.1","0.2","Swiggy higher"
"Restaurant_856","Bangalore","Casual Dining","3.8","4.0","0.2","Zomato higher"
"Restaurant_842","Bangalore","Qsr (Quick Service)","4.0","4.2","0.2","Zomato higher"
"Restaurant_1585","Hyderabad","Fine Dine","3.6","3.8","0.2","Zomato higher"
"Restaurant_826","Bangalore","Fine Dine","4.1","3.9","0.2","Swiggy higher"
"Restaurant_823","Bangalore","Qsr (Quick Service)","4.1","3.9","0.2","Swiggy higher"
"Restaurant_1605","Hyderabad","Cloud Kitchen","4.0","4.2","0.2","Zomato higher"
"Restaurant_813","Bangalore","Cafe","3.8","4.0","0.2","Zomato higher"
"Restaurant_810","Bangalore","Food Truck","4.4","4.2","0.2","Swiggy higher"
"Restaurant_808","Bangalore","Cloud Kitchen","3.7","3.5","0.2","Swiggy higher"
"Restaurant_805","Bangalore","Cafe","3.8","3.6","0.2","Swiggy higher"
"Restaurant_2490","Lucknow","Fine Dine","3.5","3.3","0.2","Swiggy higher"
"Restaurant_1623","Hyderabad","Cloud Kitchen","4.1","4.3","0.2","Zomato higher"
"Restaurant_1629","Hyderabad","Cafe","4.0","3.8","0.2","Swiggy higher"
"Restaurant_782","Bangalore","Casual Dining","4.2","4.4","0.2","Zomato higher"
"Restaurant_1635","Hyderabad","Food Truck","3.9","3.7","0.2","Swiggy higher"
"Restaurant_781","Bangalore","Fine Dine","3.9","4.1","0.2","Zomato higher"
"Restaurant_15","Mumbai","Qsr (Quick Service)","3.9","4.1","0.2","Zomato higher"
"Restaurant_1642","Hyderabad","Food Truck","4.1","3.9","0.2","Swiggy higher"
"Restaurant_1647","Hyderabad","Cloud Kitchen","3.9","4.1","0.2","Zomato higher"
"Restaurant_764","Bangalore","Food Truck","3.5","3.7","0.2","Zomato higher"
"Restaurant_757","Bangalore","Food Truck","4.2","4.0","0.2","Swiggy higher"
"Restaurant_2416","Lucknow","Casual Dining","4.0","3.8","0.2","Swiggy higher"
"Restaurant_1658","Hyderabad","Casual Dining","3.9","4.1","0.2","Zomato higher"
"Restaurant_1661","Hyderabad","Fine Dine","3.6","3.8","0.2","Zomato higher"
"Restaurant_1662","Hyderabad","Qsr (Quick Service)","3.9","3.7","0.2","Swiggy higher"
"Restaurant_749","Bangalore","Casual Dining","4.6","4.4","0.2","Swiggy higher"
"Restaurant_1666","Hyderabad","Fine Dine","4.1","4.3","0.2","Zomato higher"
"Restaurant_748","Bangalore","Casual Dining","3.4","3.6","0.2","Zomato higher"
"Restaurant_1675","Hyderabad","Casual Dining","3.8","4.0","0.2","Zomato higher"
"Restaurant_1679","Hyderabad","Qsr (Quick Service)","3.9","3.7","0.2","Swiggy higher"
"Restaurant_1681","Hyderabad","Cafe","4.2","4.4","0.2","Zomato higher"
"Restaurant_735","Bangalore","Cloud Kitchen","4.0","3.8","0.2","Swiggy higher"
"Restaurant_732","Bangalore","Cloud Kitchen","3.9","4.1","0.2","Zomato higher"
"Restaurant_731","Bangalore","Fine Dine","4.3","4.1","0.2","Swiggy higher"
"Restaurant_2421","Lucknow","Food Truck","4.0","3.8","0.2","Swiggy higher"
"Restaurant_2422","Lucknow","Fine Dine","3.9","3.7","0.2","Swiggy higher"
"Restaurant_722","Bangalore","Food Truck","3.9","4.1","0.2","Zomato higher"
"Restaurant_721","Bangalore","Qsr (Quick Service)","4.1","4.3","0.2","Zomato higher"
"Restaurant_1698","Hyderabad","Fine Dine","3.7","3.5","0.2","Swiggy higher"
"Restaurant_720","Bangalore","Cloud Kitchen","3.7","3.9","0.2","Zomato higher"
"Restaurant_80","Mumbai","Food Truck","4.9","4.7","0.2","Swiggy higher"
"Restaurant_1710","Hyderabad","Fine Dine","4.0","4.2","0.2","Zomato higher"
"Restaurant_696","Bangalore","Casual Dining","3.9","4.1","0.2","Zomato higher"
"Restaurant_1716","Hyderabad","Fine Dine","4.1","3.9","0.2","Swiggy higher"
"Restaurant_1723","Hyderabad","Qsr (Quick Service)","4.2","4.0","0.2","Swiggy higher"
"Restaurant_1726","Hyderabad","Fine Dine","3.4","3.6","0.2","Zomato higher"
"Restaurant_689","Bangalore","Cafe","3.7","3.9","0.2","Zomato higher"
"Restaurant_687","Bangalore","Cloud Kitchen","4.0","3.8","0.2","Swiggy higher"
"Restaurant_685","Bangalore","Casual Dining","3.8","4.0","0.2","Zomato higher"
"Restaurant_1737","Hyderabad","Cloud Kitchen","4.2","4.4","0.2","Zomato higher"
"Restaurant_1743","Chennai","Cafe","4.0","3.8","0.2","Swiggy higher"
"Restaurant_668","Bangalore","Qsr (Quick Service)","4.0","4.2","0.2","Zomato higher"
"Restaurant_665","Bangalore","Food Truck","3.9","3.7","0.2","Swiggy higher"
"Restaurant_1747","Chennai","Cafe","3.6","3.8","0.2","Zomato higher"
"Restaurant_1754","Chennai","Cloud Kitchen","3.8","3.6","0.2","Swiggy higher"
"Restaurant_1755","Chennai","Cloud Kitchen","3.7","3.5","0.2","Swiggy higher"
"Restaurant_652","Bangalore","Fine Dine","4.2","4.0","0.2","Swiggy higher"
"Restaurant_1761","Chennai","Food Truck","3.7","3.9","0.2","Zomato higher"
"Restaurant_651","Bangalore","Qsr (Quick Service)","4.3","4.5","0.2","Zomato higher"
"Restaurant_646","Bangalore","Food Truck","3.9","4.1","0.2","Zomato higher"
"Restaurant_1764","Chennai","Fine Dine","4.0","4.2","0.2","Zomato higher"
"Restaurant_1770","Chennai","Food Truck","4.2","4.4","0.2","Zomato higher"
"Restaurant_636","Bangalore","Casual Dining","3.9","4.1","0.2","Zomato higher"
"Restaurant_2429","Lucknow","Casual Dining","4.0","4.2","0.2","Zomato higher"
"Restaurant_630","Bangalore","Food Truck","3.9","3.7","0.2","Swiggy higher"
"Restaurant_629","Bangalore","Food Truck","3.9","3.7","0.2","Swiggy higher"
"Restaurant_623","Bangalore","Casual Dining","3.6","3.8","0.2","Zomato higher"
"Restaurant_1787","Chennai","Cafe","3.8","4.0","0.2","Zomato higher"
"Restaurant_1788","Chennai","Cafe","4.3","4.5","0.2","Zomato higher"
"Restaurant_616","Bangalore","Fine Dine","3.8","3.6","0.2","Swiggy higher"
"Restaurant_1798","Chennai","Fine Dine","4.2","4.4","0.2","Zomato higher"
"Restaurant_1799","Chennai","Qsr (Quick Service)","3.8","4.0","0.2","Zomato higher"
"Restaurant_1810","Chennai","Qsr (Quick Service)","3.7","3.9","0.2","Zomato higher"
"Restaurant_1813","Chennai","Casual Dining","4.3","4.1","0.2","Swiggy higher"
"Restaurant_603","Bangalore","Food Truck","4.0","3.8","0.2","Swiggy higher"
"Restaurant_602","Bangalore","Food Truck","3.9","4.1","0.2","Zomato higher"
"Restaurant_1819","Chennai","Qsr (Quick Service)","4.0","4.2","0.2","Zomato higher"
"Restaurant_1823","Chennai","Cloud Kitchen","4.2","4.4","0.2","Zomato higher"
"Restaurant_1824","Chennai","Casual Dining","4.3","4.1","0.2","Swiggy higher"
"Restaurant_1827","Chennai","Fine Dine","4.2","4.4","0.2","Zomato higher"
"Restaurant_1828","Chennai","Fine Dine","4.0","4.2","0.2","Zomato higher"
"Restaurant_1831","Chennai","Cloud Kitchen","3.6","3.8","0.2","Zomato higher"
"Restaurant_1833","Chennai","Qsr (Quick Service)","4.0","3.8","0.2","Swiggy higher"
"Restaurant_591","Bangalore","Casual Dining","4.0","4.2","0.2","Zomato higher"
"Restaurant_1836","Chennai","Fine Dine","4.3","4.1","0.2","Swiggy higher"
"Restaurant_578","Bangalore","Qsr (Quick Service)","3.9","3.7","0.2","Swiggy higher"
"Restaurant_1846","Chennai","Fine Dine","4.0","3.8","0.2","Swiggy higher"
"Restaurant_574","Bangalore","Cloud Kitchen","4.1","3.9","0.2","Swiggy higher"
"Restaurant_571","Bangalore","Food Truck","3.9","4.1","0.2","Zomato higher"
"Restaurant_1852","Chennai","Cloud Kitchen","3.9","3.7","0.2","Swiggy higher"
"Restaurant_562","Bangalore","Food Truck","4.7","4.5","0.2","Swiggy higher"
"Restaurant_1859","Chennai","Cafe","4.8","4.6","0.2","Swiggy higher"
"Restaurant_557","Bangalore","Cafe","3.9","3.7","0.2","Swiggy higher"
"Restaurant_555","Bangalore","Fine Dine","3.7","3.9","0.2","Zomato higher"
"Restaurant_72","Mumbai","Qsr (Quick Service)","3.8","4.0","0.2","Zomato higher"
"Restaurant_552","Bangalore","Fine Dine","4.1","3.9","0.2","Swiggy higher"
"Restaurant_1875","Chennai","Casual Dining","4.2","4.0","0.2","Swiggy higher"
"Restaurant_551","Bangalore","Fine Dine","4.3","4.5","0.2","Zomato higher"
"Restaurant_1881","Chennai","Food Truck","3.5","3.7","0.2","Zomato higher"
"Restaurant_1882","Chennai","Cafe","3.5","3.7","0.2","Zomato higher"
"Restaurant_1886","Chennai","Cloud Kitchen","3.9","3.7","0.2","Swiggy higher"
"Restaurant_1887","Chennai","Casual Dining","4.0","3.8","0.2","Swiggy higher"
"Restaurant_1888","Chennai","Casual Dining","4.0","4.2","0.2","Zomato higher"
"Restaurant_542","Bangalore","Cloud Kitchen","4.3","4.1","0.2","Swiggy higher"
"Restaurant_1891","Chennai","Cloud Kitchen","4.1","4.3","0.2","Zomato higher"
"Restaurant_537","Bangalore","Casual Dining","4.4","4.2","0.2","Swiggy higher"
"Restaurant_2443","Lucknow","Fine Dine","4.0","3.8","0.2","Swiggy higher"
"Restaurant_529","Bangalore","Cloud Kitchen","3.7","3.9","0.2","Zomato higher"
"Restaurant_1911","Chennai","Qsr (Quick Service)","4.1","3.9","0.2","Swiggy higher"
"Restaurant_1912","Chennai","Qsr (Quick Service)","3.9","3.7","0.2","Swiggy higher"
"Restaurant_1914","Chennai","Cafe","3.7","3.5","0.2","Swiggy higher"
"Restaurant_2445","Lucknow","Cloud Kitchen","4.0","4.2","0.2","Zomato higher"
"Restaurant_520","Bangalore","Food Truck","4.0","4.2","0.2","Zomato higher"
"Restaurant_519","Bangalore","Cafe","3.9","4.1","0.2","Zomato higher"
"Restaurant_515","Bangalore","Casual Dining","4.4","4.2","0.2","Swiggy higher"
"Restaurant_505","Bangalore","Food Truck","4.4","4.6","0.2","Zomato higher"
"Restaurant_1941","Kolkata","Food Truck","4.4","4.2","0.2","Swiggy higher"
"Restaurant_504","Bangalore","Cloud Kitchen","4.1","3.9","0.2","Swiggy higher"
"Restaurant_498","Bangalore","Cloud Kitchen","4.6","4.8","0.2","Zomato higher"
"Restaurant_493","Bangalore","Cloud Kitchen","4.0","4.2","0.2","Zomato higher"
"Restaurant_1954","Kolkata","Fine Dine","4.0","3.8","0.2","Swiggy higher"
"Restaurant_1955","Kolkata","Qsr (Quick Service)","4.0","3.8","0.2","Swiggy higher"
"Restaurant_484","Bangalore","Fine Dine","4.6","4.8","0.2","Zomato higher"
"Restaurant_1957","Kolkata","Casual Dining","4.5","4.3","0.2","Swiggy higher"
"Restaurant_1960","Kolkata","Casual Dining","4.1","4.3","0.2","Zomato higher"
"Restaurant_1964","Kolkata","Food Truck","3.7","3.9","0.2","Zomato higher"
"Restaurant_1967","Kolkata","Cafe","3.6","3.8","0.2","Zomato higher"
"Restaurant_476","Bangalore","Fine Dine","4.5","4.3","0.2","Swiggy higher"
"Restaurant_1971","Kolkata","Cafe","3.8","4.0","0.2","Zomato higher"
"Restaurant_469","Bangalore","Qsr (Quick Service)","4.1","4.3","0.2","Zomato higher"
"Restaurant_1977","Kolkata","Cafe","4.2","4.0","0.2","Swiggy higher"
"Restaurant_1978","Kolkata","Food Truck","3.7","3.5","0.2","Swiggy higher"
"Restaurant_1981","Kolkata","Fine Dine","3.6","3.8","0.2","Zomato higher"
"Restaurant_2449","Lucknow","Food Truck","4.4","4.2","0.2","Swiggy higher"
"Restaurant_455","Bangalore","Cloud Kitchen","4.2","4.0","0.2","Swiggy higher"
"Restaurant_1994","Kolkata","Casual Dining","4.0","3.8","0.2","Swiggy higher"
"Restaurant_447","Mumbai","Casual Dining","3.6","3.4","0.2","Swiggy higher"
"Restaurant_430","Mumbai","Qsr (Quick Service)","4.3","4.1","0.2","Swiggy higher"
"Restaurant_429","Mumbai","Food Truck","3.9","4.1","0.2","Zomato higher"
"Restaurant_2020","Kolkata","Fine Dine","4.2","4.4","0.2","Zomato higher"
"Restaurant_2026","Kolkata","Qsr (Quick Service)","3.8","3.6","0.2","Swiggy higher"
"Restaurant_413","Mumbai","Fine Dine","4.2","4.4","0.2","Zomato higher"
"Restaurant_412","Mumbai","Casual Dining","4.4","4.2","0.2","Swiggy higher"
"Restaurant_2034","Kolkata","Casual Dining","3.6","3.8","0.2","Zomato higher"
"Restaurant_400","Mumbai","Food Truck","3.5","3.7","0.2","Zomato higher"
"Restaurant_2053","Kolkata","Qsr (Quick Service)","4.0","4.2","0.2","Zomato higher"
"Restaurant_375","Mumbai","Cafe","3.9","4.1","0.2","Zomato higher"
"Restaurant_2063","Kolkata","Cafe","3.8","4.0","0.2","Zomato higher"
"Restaurant_2066","Kolkata","Qsr (Quick Service)","3.7","3.9","0.2","Zomato higher"
"Restaurant_367","Mumbai","Cloud Kitchen","4.6","4.4","0.2","Swiggy higher"
"Restaurant_365","Mumbai","Cloud Kitchen","4.5","4.3","0.2","Swiggy higher"
"Restaurant_359","Mumbai","Qsr (Quick Service)","4.2","4.0","0.2","Swiggy higher"
"Restaurant_52","Mumbai","Qsr (Quick Service)","3.7","3.9","0.2","Zomato higher"
"Restaurant_2083","Kolkata","Food Truck","3.7","3.9","0.2","Zomato higher"
"Restaurant_355","Mumbai","Qsr (Quick Service)","4.7","4.5","0.2","Swiggy higher"
"Restaurant_350","Mumbai","Cloud Kitchen","4.1","3.9","0.2","Swiggy higher"
"Restaurant_2094","Kolkata","Cafe","3.8","4.0","0.2","Zomato higher"
"Restaurant_2098","Kolkata","Cloud Kitchen","4.1","3.9","0.2","Swiggy higher"
"Restaurant_340","Mumbai","Cloud Kitchen","4.2","4.0","0.2","Swiggy higher"
"Restaurant_51","Mumbai","Fine Dine","4.0","4.2","0.2","Zomato higher"
"Restaurant_336","Mumbai","Fine Dine","4.3","4.1","0.2","Swiggy higher"
"Restaurant_49","Mumbai","Cloud Kitchen","4.7","4.5","0.2","Swiggy higher"
"Restaurant_2112","Kolkata","Fine Dine","3.5","3.7","0.2","Zomato higher"
"Restaurant_329","Mumbai","Cafe","3.2","3.4","0.2","Zomato higher"
"Restaurant_328","Mumbai","Qsr (Quick Service)","4.3","4.1","0.2","Swiggy higher"
"Restaurant_326","Mumbai","Cafe","4.4","4.6","0.2","Zomato higher"
"Restaurant_2127","Ahmedabad","Casual Dining","4.4","4.2","0.2","Swiggy higher"
"Restaurant_2129","Ahmedabad","Qsr (Quick Service)","3.8","4.0","0.2","Zomato higher"
"Restaurant_2131","Ahmedabad","Casual Dining","4.0","4.2","0.2","Zomato higher"
"Restaurant_2133","Ahmedabad","Cafe","4.3","4.1","0.2","Swiggy higher"
"Restaurant_2136","Ahmedabad","Casual Dining","4.0","4.2","0.2","Zomato higher"
"Restaurant_316","Mumbai","Cloud Kitchen","5.0","4.8","0.2","Swiggy higher"
"Restaurant_2148","Ahmedabad","Cafe","4.1","4.3","0.2","Zomato higher"
"Restaurant_2149","Ahmedabad","Food Truck","3.5","3.3","0.2","Swiggy higher"
"Restaurant_2151","Ahmedabad","Cloud Kitchen","4.5","4.7","0.2","Zomato higher"
"Restaurant_2152","Ahmedabad","Casual Dining","4.2","4.4","0.2","Zomato higher"
"Restaurant_2155","Ahmedabad","Casual Dining","4.7","4.5","0.2","Swiggy higher"
"Restaurant_2156","Ahmedabad","Qsr (Quick Service)","4.0","3.8","0.2","Swiggy higher"
"Restaurant_2166","Ahmedabad","Food Truck","3.6","3.8","0.2","Zomato higher"
"Restaurant_2172","Ahmedabad","Casual Dining","4.3","4.1","0.2","Swiggy higher"
"Restaurant_2177","Ahmedabad","Casual Dining","4.2","4.4","0.2","Zomato higher"
"Restaurant_2497","Lucknow","Fine Dine","3.8","4.0","0.2","Zomato higher"
"Restaurant_2188","Ahmedabad","Fine Dine","4.4","4.2","0.2","Swiggy higher"
"Restaurant_2190","Ahmedabad","Fine Dine","3.9","3.7","0.2","Swiggy higher"
"Restaurant_2192","Ahmedabad","Casual Dining","4.4","4.2","0.2","Swiggy higher"
"Restaurant_2195","Ahmedabad","Cafe","4.1","4.3","0.2","Zomato higher"
"Restaurant_2200","Ahmedabad","Casual Dining","3.6","3.8","0.2","Zomato higher"
"Restaurant_2201","Ahmedabad","Casual Dining","3.9","4.1","0.2","Zomato higher"
"Restaurant_263","Mumbai","Cafe","4.2","4.0","0.2","Swiggy higher"
"Restaurant_260","Mumbai","Qsr (Quick Service)","4.4","4.2","0.2","Swiggy higher"
"Restaurant_2211","Ahmedabad","Food Truck","4.5","4.3","0.2","Swiggy higher"
"Restaurant_2218","Ahmedabad","Cloud Kitchen","3.9","4.1","0.2","Zomato higher"
"Restaurant_2221","Ahmedabad","Cafe","4.0","4.2","0.2","Zomato higher"
"Restaurant_2228","Ahmedabad","Fine Dine","3.8","3.6","0.2","Swiggy higher"
"Restaurant_2239","Ahmedabad","Qsr (Quick Service)","4.4","4.6","0.2","Zomato higher"
"Restaurant_2240","Ahmedabad","Qsr (Quick Service)","4.1","3.9","0.2","Swiggy higher"
"Restaurant_2241","Ahmedabad","Casual Dining","3.8","4.0","0.2","Zomato higher"
"Restaurant_2255","Ahmedabad","Fine Dine","3.4","3.6","0.2","Zomato higher"
"Restaurant_34","Mumbai","Cloud Kitchen","3.9","4.1","0.2","Zomato higher"
"Restaurant_2260","Ahmedabad","Casual Dining","4.2","4.0","0.2","Swiggy higher"
"Restaurant_2262","Ahmedabad","Cafe","4.8","4.6","0.2","Swiggy higher"
"Restaurant_208","Mumbai","Qsr (Quick Service)","4.4","4.2","0.2","Swiggy higher"
"Restaurant_2267","Ahmedabad","Fine Dine","3.4","3.6","0.2","Zomato higher"
"Restaurant_2268","Ahmedabad","Food Truck","3.7","3.9","0.2","Zomato higher"
"Restaurant_2270","Ahmedabad","Cafe","3.6","3.8","0.2","Zomato higher"
"Restaurant_207","Mumbai","Fine Dine","3.8","4.0","0.2","Zomato higher"
"Restaurant_2277","Ahmedabad","Casual Dining","4.1","4.3","0.2","Zomato higher"
"Restaurant_2278","Ahmedabad","Casual Dining","4.2","4.4","0.2","Zomato higher"
"Restaurant_2282","Jaipur","Fine Dine","3.7","3.5","0.2","Swiggy higher"
"Restaurant_2285","Jaipur","Qsr (Quick Service)","4.0","3.8","0.2","Swiggy higher"
"Restaurant_197","Mumbai","Fine Dine","3.6","3.8","0.2","Zomato higher"
"Restaurant_27","Mumbai","Qsr (Quick Service)","4.0","4.2","0.2","Zomato higher"
"Restaurant_2301","Jaipur","Cafe","4.3","4.1","0.2","Swiggy higher"
"Restaurant_2303","Jaipur","Casual Dining","4.5","4.7","0.2","Zomato higher"
"Restaurant_192","Mumbai","Food Truck","3.9","4.1","0.2","Zomato higher"
"Restaurant_2306","Jaipur","Qsr (Quick Service)","3.6","3.4","0.2","Swiggy higher"
"Restaurant_2308","Jaipur","Cloud Kitchen","3.7","3.9","0.2","Zomato higher"
"Restaurant_2311","Jaipur","Food Truck","3.8","4.0","0.2","Zomato higher"
"Restaurant_2312","Jaipur","Cloud Kitchen","4.3","4.1","0.2","Swiggy higher"
"Restaurant_184","Mumbai","Fine Dine","4.1","3.9","0.2","Swiggy higher"
"Restaurant_181","Mumbai","Qsr (Quick Service)","4.1","4.3","0.2","Zomato higher"
"Restaurant_2326","Jaipur","Food Truck","4.0","4.2","0.2","Zomato higher"
"Restaurant_2330","Jaipur","Qsr (Quick Service)","3.9","4.1","0.2","Zomato higher"
"Restaurant_26","Mumbai","Fine Dine","3.5","3.7","0.2","Zomato higher"
"Restaurant_161","Mumbai","Cloud Kitchen","4.5","4.3","0.2","Swiggy higher"
"Restaurant_2344","Jaipur","Cafe","4.0","3.8","0.2","Swiggy higher"
"Restaurant_146","Mumbai","Fine Dine","3.7","3.9","0.2","Zomato higher"
"Restaurant_2348","Jaipur","Cloud Kitchen","3.7","3.9","0.2","Zomato higher"
"Restaurant_2349","Jaipur","Cloud Kitchen","4.2","4.0","0.2","Swiggy higher"
"Restaurant_143","Mumbai","Cafe","4.0","3.8","0.2","Swiggy higher"
"Restaurant_2354","Jaipur","Casual Dining","4.3","4.1","0.2","Swiggy higher"
"Restaurant_2355","Jaipur","Cafe","4.2","4.0","0.2","Swiggy higher"
"Restaurant_2359","Jaipur","Qsr (Quick Service)","4.0","4.2","0.2","Zomato higher"
"Restaurant_20","Mumbai","Cafe","4.4","4.2","0.2","Swiggy higher"
"Restaurant_2364","Jaipur","Fine Dine","3.6","3.4","0.2","Swiggy higher"
"Restaurant_2365","Jaipur","Cafe","3.6","3.8","0.2","Zomato higher"
"Restaurant_128","Mumbai","Casual Dining","3.6","3.8","0.2","Zomato higher"
"Restaurant_126","Mumbai","Fine Dine","3.8","3.6","0.2","Swiggy higher"
"Restaurant_1218","Delhi","Cloud Kitchen","3.6","3.8","0.2","Zomato higher"
"Restaurant_1219","Delhi","Cloud Kitchen","4.0","3.8","0.2","Swiggy higher"
"Restaurant_1227","Delhi","Casual Dining","3.9","4.1","0.2","Zomato higher"
"Restaurant_1230","Delhi","Cloud Kitchen","4.1","3.9","0.2","Swiggy higher"
"Restaurant_1210","Delhi","Fine Dine","4.0","4.2","0.2","Zomato higher"
"Restaurant_1204","Delhi","Cafe","4.1","3.9","0.2","Swiggy higher"
"Restaurant_125","Mumbai","Cafe","3.8","4.0","0.2","Zomato higher"
"Restaurant_1241","Delhi","Fine Dine","4.5","4.3","0.2","Swiggy higher"
"Restaurant_1245","Delhi","Qsr (Quick Service)","4.3","4.1","0.2","Swiggy higher"
"Restaurant_1247","Delhi","Cloud Kitchen","4.1","3.9","0.2","Swiggy higher"
"Restaurant_1249","Delhi","Qsr (Quick Service)","4.5","4.3","0.2","Swiggy higher"
"Restaurant_1185","Delhi","Cloud Kitchen","4.4","4.2","0.2","Swiggy higher"
"Restaurant_1180","Delhi","Food Truck","4.1","4.3","0.2","Zomato higher"
"Restaurant_1165","Delhi","Food Truck","4.1","3.9","0.2","Swiggy higher"
"Restaurant_1148","Delhi","Fine Dine","4.2","4.4","0.2","Zomato higher"
"Restaurant_1268","Pune","Food Truck","3.7","3.9","0.2","Zomato higher"
"Restaurant_1143","Delhi","Food Truck","3.8","3.6","0.2","Swiggy higher"
"Restaurant_1141","Delhi","Fine Dine","4.0","3.8","0.2","Swiggy higher"
"Restaurant_1138","Delhi","Cafe","4.2","4.0","0.2","Swiggy higher"
"Restaurant_1126","Delhi","Food Truck","4.8","4.6","0.2","Swiggy higher"
"Restaurant_1288","Pune","Food Truck","4.2","4.4","0.2","Zomato higher"
"Restaurant_1123","Delhi","Food Truck","4.6","4.4","0.2","Swiggy higher"
"Restaurant_1293","Pune","Food Truck","3.8","3.6","0.2","Swiggy higher"
"Restaurant_1298","Pune","Cloud Kitchen","4.4","4.2","0.2","Swiggy higher"
"Restaurant_1301","Pune","Casual Dining","3.6","3.8","0.2","Zomato higher"
"Restaurant_1105","Delhi","Cafe","4.1","4.3","0.2","Zomato higher"
"Restaurant_1100","Delhi","Fine Dine","4.1","3.9","0.2","Swiggy higher"
"Restaurant_1097","Delhi","Cafe","4.2","4.4","0.2","Zomato higher"
"Restaurant_1094","Delhi","Cloud Kitchen","4.1","3.9","0.2","Swiggy higher"
"Restaurant_1319","Pune","Cloud Kitchen","4.5","4.3","0.2","Swiggy higher"
"Restaurant_1092","Delhi","Food Truck","3.7","3.9","0.2","Zomato higher"
"Restaurant_1090","Delhi","Casual Dining","3.8","4.0","0.2","Zomato higher"
"Restaurant_1328","Pune","Casual Dining","4.3","4.1","0.2","Swiggy higher"
"Restaurant_1339","Pune","Fine Dine","3.5","3.7","0.2","Zomato higher"
"Restaurant_101","Mumbai","Cloud Kitchen","4.1","3.9","0.2","Swiggy higher"
"Restaurant_2384","Jaipur","Fine Dine","4.1","3.9","0.2","Swiggy higher"
"Restaurant_1018","Delhi","Casual Dining","3.9","3.8","0.1","Swiggy higher"
"Restaurant_2305","Jaipur","Casual Dining","4.0","3.9","0.1","Swiggy higher"
"Restaurant_93","Mumbai","Casual Dining","3.6","3.7","0.1","Zomato higher"
"Restaurant_1826","Chennai","Cloud Kitchen","3.9","4.0","0.1","Zomato higher"
"Restaurant_1087","Delhi","Cafe","4.0","3.9","0.1","Swiggy higher"
"Restaurant_1499","Pune","Food Truck","3.9","4.0","0.1","Zomato higher"
"Restaurant_1610","Hyderabad","Qsr (Quick Service)","3.9","3.8","0.1","Swiggy higher"
"Restaurant_378","Mumbai","Qsr (Quick Service)","3.9","3.8","0.1","Swiggy higher"
"Restaurant_118","Mumbai","Cafe","4.2","4.3","0.1","Zomato higher"
"Restaurant_594","Bangalore","Cafe","4.0","3.9","0.1","Swiggy higher"
"Restaurant_419","Mumbai","Food Truck","4.0","4.1","0.1","Zomato higher"
"Restaurant_1495","Pune","Fine Dine","4.4","4.3","0.1","Swiggy higher"
"Restaurant_2054","Kolkata","Casual Dining","4.1","4.0","0.1","Swiggy higher"
"Restaurant_1287","Pune","Cafe","3.8","3.9","0.1","Zomato higher"
"Restaurant_1837","Chennai","Fine Dine","3.5","3.4","0.1","Swiggy higher"
"Restaurant_586","Bangalore","Cloud Kitchen","3.7","3.8","0.1","Zomato higher"
"Restaurant_818","Bangalore","Cafe","4.0","4.1","0.1","Zomato higher"
"Restaurant_1790","Chennai","Food Truck","3.8","3.9","0.1","Zomato higher"
"Restaurant_1789","Chennai","Cafe","4.0","4.1","0.1","Zomato higher"
"Restaurant_1608","Hyderabad","Casual Dining","3.6","3.5","0.1","Swiggy higher"
"Restaurant_377","Mumbai","Food Truck","4.2","4.1","0.1","Swiggy higher"
"Restaurant_2437","Lucknow","Food Truck","4.0","3.9","0.1","Swiggy higher"
"Restaurant_1079","Delhi","Fine Dine","4.5","4.4","0.1","Swiggy higher"
"Restaurant_2027","Kolkata","Qsr (Quick Service)","4.4","4.5","0.1","Zomato higher"
"Restaurant_187","Mumbai","Casual Dining","4.1","4.2","0.1","Zomato higher"
"Restaurant_624","Bangalore","Fine Dine","3.7","3.8","0.1","Zomato higher"
"Restaurant_1494","Pune","Fine Dine","4.7","4.6","0.1","Swiggy higher"
"Restaurant_2430","Lucknow","Casual Dining","3.9","4.0","0.1","Zomato higher"
"Restaurant_2408","Lucknow","Fine Dine","3.9","4.0","0.1","Zomato higher"
"Restaurant_318","Mumbai","Food Truck","4.2","4.3","0.1","Zomato higher"
"Restaurant_1853","Chennai","Fine Dine","4.7","4.8","0.1","Zomato higher"
"Restaurant_1854","Chennai","Cafe","4.3","4.2","0.1","Swiggy higher"
"Restaurant_635","Bangalore","Qsr (Quick Service)","3.5","3.6","0.1","Zomato higher"
"Restaurant_563","Bangalore","Fine Dine","4.3","4.2","0.1","Swiggy higher"
"Restaurant_2141","Ahmedabad","Qsr (Quick Service)","4.6","4.5","0.1","Swiggy higher"
"Restaurant_561","Bangalore","Casual Dining","4.1","4.2","0.1","Zomato higher"
"Restaurant_2318","Jaipur","Fine Dine","3.6","3.7","0.1","Zomato higher"
"Restaurant_73","Mumbai","Cloud Kitchen","3.4","3.3","0.1","Swiggy higher"
"Restaurant_1861","Chennai","Cafe","4.0","4.1","0.1","Zomato higher"
"Restaurant_639","Bangalore","Qsr (Quick Service)","4.3","4.2","0.1","Swiggy higher"
"Restaurant_317","Mumbai","Cafe","4.3","4.2","0.1","Swiggy higher"
"Restaurant_1773","Chennai","Cafe","3.8","3.7","0.1","Swiggy higher"
"Restaurant_963","Delhi","Cafe","4.1","4.0","0.1","Swiggy higher"
"Restaurant_642","Bangalore","Cafe","4.7","4.6","0.1","Swiggy higher"
"Restaurant_2426","Lucknow","Casual Dining","3.9","4.0","0.1","Zomato higher"
"Restaurant_183","Mumbai","Casual Dining","3.9","4.0","0.1","Zomato higher"
"Restaurant_1598","Hyderabad","Qsr (Quick Service)","4.3","4.4","0.1","Zomato higher"
"Restaurant_1357","Pune","Qsr (Quick Service)","4.1","4.0","0.1","Swiggy higher"
"Restaurant_1871","Chennai","Casual Dining","4.4","4.5","0.1","Zomato higher"
"Restaurant_1872","Chennai","Cafe","3.5","3.6","0.1","Zomato higher"
"Restaurant_1597","Hyderabad","Cloud Kitchen","3.8","3.9","0.1","Zomato higher"
"Restaurant_1874","Chennai","Fine Dine","4.1","4.2","0.1","Zomato higher"
"Restaurant_1680","Hyderabad","Casual Dining","4.1","4.0","0.1","Swiggy higher"
"Restaurant_312","Mumbai","Food Truck","4.1","4.2","0.1","Zomato higher"
"Restaurant_87","Mumbai","Cafe","4.2","4.3","0.1","Zomato higher"
"Restaurant_1878","Chennai","Fine Dine","4.1","4.2","0.1","Zomato higher"
"Restaurant_1759","Chennai","Qsr (Quick Service)","4.3","4.2","0.1","Swiggy higher"
"Restaurant_1758","Chennai","Fine Dine","4.1","4.2","0.1","Zomato higher"
"Restaurant_932","Delhi","Cafe","4.1","4.2","0.1","Zomato higher"
"Restaurant_1121","Delhi","Qsr (Quick Service)","4.5","4.6","0.1","Zomato higher"
"Restaurant_2060","Kolkata","Cafe","3.6","3.7","0.1","Zomato higher"
"Restaurant_11","Mumbai","Fine Dine","3.1","3.2","0.1","Zomato higher"
"Restaurant_2150","Ahmedabad","Fine Dine","4.4","4.3","0.1","Swiggy higher"
"Restaurant_943","Delhi","Cloud Kitchen","4.0","4.1","0.1","Zomato higher"
"Restaurant_2328","Jaipur","Cafe","3.8","3.9","0.1","Zomato higher"
"Restaurant_2329","Jaipur","Fine Dine","3.9","3.8","0.1","Swiggy higher"
"Restaurant_2015","Kolkata","Qsr (Quick Service)","4.1","4.2","0.1","Zomato higher"
"Restaurant_117","Mumbai","Fine Dine","4.2","4.3","0.1","Zomato higher"
"Restaurant_1482","Pune","Cloud Kitchen","4.5","4.4","0.1","Swiggy higher"
"Restaurant_1892","Chennai","Cloud Kitchen","4.3","4.2","0.1","Swiggy higher"
"Restaurant_540","Bangalore","Qsr (Quick Service)","4.2","4.1","0.1","Swiggy higher"
"Restaurant_1894","Chennai","Qsr (Quick Service)","4.4","4.3","0.1","Swiggy higher"
"Restaurant_539","Bangalore","Casual Dining","3.2","3.3","0.1","Zomato higher"
"Restaurant_1095","Delhi","Food Truck","4.6","4.5","0.1","Swiggy higher"
"Restaurant_1897","Chennai","Cloud Kitchen","4.4","4.3","0.1","Swiggy higher"
"Restaurant_173","Mumbai","Cafe","4.0","3.9","0.1","Swiggy higher"
"Restaurant_1899","Chennai","Cafe","4.0","4.1","0.1","Zomato higher"
"Restaurant_653","Bangalore","Qsr (Quick Service)","3.9","3.8","0.1","Swiggy higher"
"Restaurant_1901","Chennai","Cloud Kitchen","4.2","4.3","0.1","Zomato higher"
"Restaurant_533","Bangalore","Food Truck","4.0","4.1","0.1","Zomato higher"
"Restaurant_661","Bangalore","Cloud Kitchen","4.1","4.2","0.1","Zomato higher"
"Restaurant_1750","Chennai","Qsr (Quick Service)","4.0","3.9","0.1","Swiggy higher"
"Restaurant_1905","Chennai","Casual Dining","4.1","4.0","0.1","Swiggy higher"
"Restaurant_2401","Lucknow","Casual Dining","3.8","3.9","0.1","Zomato higher"
"Restaurant_1907","Chennai","Cloud Kitchen","3.8","3.7","0.1","Swiggy higher"
"Restaurant_1103","Delhi","Cloud Kitchen","4.3","4.2","0.1","Swiggy higher"
"Restaurant_745","Bangalore","Food Truck","4.1","4.2","0.1","Zomato higher"
"Restaurant_1187","Delhi","Casual Dining","4.6","4.5","0.1","Swiggy higher"
"Restaurant_2335","Jaipur","Food Truck","4.2","4.1","0.1","Swiggy higher"
"Restaurant_166","Mumbai","Cafe","3.4","3.3","0.1","Swiggy higher"
"Restaurant_1913","Chennai","Food Truck","4.4","4.3","0.1","Swiggy higher"
"Restaurant_1348","Pune","Food Truck","3.9","4.0","0.1","Zomato higher"
"Restaurant_2368","Jaipur","Qsr (Quick Service)","3.6","3.7","0.1","Zomato higher"
"Restaurant_307","Mumbai","Fine Dine","4.4","4.3","0.1","Swiggy higher"
"Restaurant_527","Bangalore","Cafe","4.8","4.7","0.1","Swiggy higher"
"Restaurant_666","Bangalore","Fine Dine","3.7","3.6","0.1","Swiggy higher"
"Restaurant_526","Bangalore","Qsr (Quick Service)","4.0","4.1","0.1","Zomato higher"
"Restaurant_306","Mumbai","Casual Dining","4.2","4.3","0.1","Zomato higher"
"Restaurant_1477","Pune","Cafe","4.0","4.1","0.1","Zomato higher"
"Restaurant_303","Mumbai","Casual Dining","4.0","3.9","0.1","Swiggy higher"
"Restaurant_2161","Ahmedabad","Cafe","4.0","3.9","0.1","Swiggy higher"
"Restaurant_1739","Hyderabad","Qsr (Quick Service)","4.4","4.5","0.1","Zomato higher"
"Restaurant_1308","Pune","Casual Dining","3.9","3.8","0.1","Swiggy higher"
"Restaurant_1354","Pune","Casual Dining","3.8","3.7","0.1","Swiggy higher"
"Restaurant_1294","Pune","Cafe","3.7","3.6","0.1","Swiggy higher"
"Restaurant_2067","Kolkata","Fine Dine","3.4","3.3","0.1","Swiggy higher"
"Restaurant_2164","Ahmedabad","Food Truck","3.9","4.0","0.1","Zomato higher"
"Restaurant_1734","Hyderabad","Fine Dine","3.9","4.0","0.1","Zomato higher"
"Restaurant_153","Mumbai","Food Truck","4.1","4.2","0.1","Zomato higher"
"Restaurant_2425","Lucknow","Food Truck","3.8","3.9","0.1","Zomato higher"
"Restaurant_2447","Lucknow","Food Truck","3.9","3.8","0.1","Swiggy higher"
"Restaurant_513","Bangalore","Cloud Kitchen","3.6","3.7","0.1","Zomato higher"
"Restaurant_1732","Hyderabad","Food Truck","3.8","3.9","0.1","Zomato higher"
"Restaurant_510","Bangalore","Cloud Kitchen","4.5","4.4","0.1","Swiggy higher"
"Restaurant_1673","Hyderabad","Qsr (Quick Service)","3.6","3.5","0.1","Swiggy higher"
"Restaurant_686","Bangalore","Food Truck","3.6","3.5","0.1","Swiggy higher"
"Restaurant_24","Mumbai","Cafe","3.9","4.0","0.1","Zomato higher"
"Restaurant_1248","Delhi","Casual Dining","3.6","3.7","0.1","Zomato higher"
"Restaurant_1475","Pune","Cafe","3.7","3.6","0.1","Swiggy higher"
"Restaurant_688","Bangalore","Qsr (Quick Service)","4.1","4.2","0.1","Zomato higher"
"Restaurant_1943","Kolkata","Cloud Kitchen","4.6","4.7","0.1","Zomato higher"
"Restaurant_1295","Pune","Fine Dine","3.5","3.6","0.1","Zomato higher"
"Restaurant_2007","Kolkata","Qsr (Quick Service)","3.6","3.7","0.1","Zomato higher"
"Restaurant_89","Mumbai","Cafe","4.2","4.3","0.1","Zomato higher"
"Restaurant_499","Bangalore","Cloud Kitchen","3.8","3.9","0.1","Zomato higher"
"Restaurant_2168","Ahmedabad","Food Truck","3.8","3.9","0.1","Zomato higher"
"Restaurant_1949","Kolkata","Qsr (Quick Service)","4.0","4.1","0.1","Zomato higher"
"Restaurant_2448","Lucknow","Cloud Kitchen","4.1","4.0","0.1","Swiggy higher"
"Restaurant_302","Mumbai","Casual Dining","3.9","4.0","0.1","Zomato higher"
"Restaurant_494","Bangalore","Fine Dine","3.8","3.7","0.1","Swiggy higher"
"Restaurant_301","Mumbai","Casual Dining","3.9","4.0","0.1","Zomato higher"
"Restaurant_296","Mumbai","Qsr (Quick Service)","4.0","4.1","0.1","Zomato higher"
"Restaurant_1318","Pune","Fine Dine","4.2","4.3","0.1","Zomato higher"
"Restaurant_1082","Delhi","Qsr (Quick Service)","4.4","4.3","0.1","Swiggy higher"
"Restaurant_837","Bangalore","Food Truck","4.4","4.5","0.1","Zomato higher"
"Restaurant_483","Bangalore","Cloud Kitchen","4.0","3.9","0.1","Swiggy higher"
"Restaurant_479","Bangalore","Qsr (Quick Service)","3.6","3.5","0.1","Swiggy higher"
"Restaurant_2351","Jaipur","Fine Dine","4.0","4.1","0.1","Zomato higher"
"Restaurant_1961","Kolkata","Fine Dine","4.3","4.2","0.1","Swiggy higher"
"Restaurant_1724","Hyderabad","Food Truck","3.5","3.4","0.1","Swiggy higher"
"Restaurant_1586","Hyderabad","Cloud Kitchen","4.0","3.9","0.1","Swiggy higher"
"Restaurant_2352","Jaipur","Cloud Kitchen","4.1","4.0","0.1","Swiggy higher"
"Restaurant_2175","Ahmedabad","Casual Dining","3.9","4.0","0.1","Zomato higher"
"Restaurant_1031","Delhi","Fine Dine","4.0","3.9","0.1","Swiggy higher"
"Restaurant_981","Delhi","Qsr (Quick Service)","3.5","3.4","0.1","Swiggy higher"
"Restaurant_1117","Delhi","Cafe","3.7","3.8","0.1","Zomato higher"
"Restaurant_473","Bangalore","Cafe","3.8","3.7","0.1","Swiggy higher"
"Restaurant_63","Mumbai","Cafe","3.8","3.7","0.1","Swiggy higher"
"Restaurant_1080","Delhi","Fine Dine","3.9","3.8","0.1","Swiggy higher"
"Restaurant_290","Mumbai","Casual Dining","4.0","4.1","0.1","Zomato higher"
"Restaurant_1699","Hyderabad","Qsr (Quick Service)","3.9","4.0","0.1","Zomato higher"
"Restaurant_467","Bangalore","Cloud Kitchen","4.0","3.9","0.1","Swiggy higher"
"Restaurant_463","Bangalore","Qsr (Quick Service)","4.3","4.4","0.1","Zomato higher"
"Restaurant_462","Bangalore","Food Truck","3.5","3.4","0.1","Swiggy higher"
"Restaurant_752","Bangalore","Cafe","4.5","4.4","0.1","Swiggy higher"
"Restaurant_428","Mumbai","Casual Dining","3.8","3.7","0.1","Swiggy higher"
"Restaurant_1979","Kolkata","Cloud Kitchen","4.7","4.8","0.1","Zomato higher"
"Restaurant_460","Bangalore","Casual Dining","3.8","3.9","0.1","Zomato higher"
"Restaurant_1114","Delhi","Cafe","4.1","4.2","0.1","Zomato higher"
"Restaurant_458","Bangalore","Casual Dining","3.8","3.7","0.1","Swiggy higher"
"Restaurant_1720","Hyderabad","Fine Dine","3.7","3.8","0.1","Zomato higher"
"Restaurant_131","Mumbai","Fine Dine","4.5","4.4","0.1","Swiggy higher"
"Restaurant_983","Delhi","Cloud Kitchen","3.7","3.8","0.1","Zomato higher"
"Restaurant_1719","Hyderabad","Cloud Kitchen","3.6","3.7","0.1","Zomato higher"
"Restaurant_693","Bangalore","Cafe","3.8","3.7","0.1","Swiggy higher"
"Restaurant_1454","Pune","Casual Dining","3.8","3.9","0.1","Zomato higher"
"Restaurant_67","Mumbai","Qsr (Quick Service)","3.7","3.8","0.1","Zomato higher"
"Restaurant_66","Mumbai","Qsr (Quick Service)","3.9","4.0","0.1","Zomato higher"
"Restaurant_450","Mumbai","Food Truck","4.4","4.5","0.1","Zomato higher"
"Restaurant_283","Mumbai","Cafe","4.6","4.7","0.1","Zomato higher"
"Restaurant_1715","Hyderabad","Cloud Kitchen","3.7","3.8","0.1","Zomato higher"
"Restaurant_1303","Pune","Cloud Kitchen","3.7","3.8","0.1","Zomato higher"
"Restaurant_695","Bangalore","Food Truck","4.0","3.9","0.1","Swiggy higher"
"Restaurant_724","Bangalore","Cafe","3.5","3.6","0.1","Zomato higher"
"Restaurant_361","Mumbai","Cafe","3.8","3.7","0.1","Swiggy higher"
"Restaurant_272","Mumbai","Qsr (Quick Service)","4.4","4.3","0.1","Swiggy higher"
"Restaurant_1999","Kolkata","Cloud Kitchen","4.0","3.9","0.1","Swiggy higher"
"Restaurant_700","Bangalore","Qsr (Quick Service)","3.5","3.4","0.1","Swiggy higher"
"Restaurant_2463","Lucknow","Cloud Kitchen","4.3","4.4","0.1","Zomato higher"
"Restaurant_266","Mumbai","Cloud Kitchen","4.3","4.4","0.1","Zomato higher"
"Restaurant_1221","Delhi","Fine Dine","4.4","4.3","0.1","Swiggy higher"
"Restaurant_441","Mumbai","Food Truck","3.9","3.8","0.1","Swiggy higher"
"Restaurant_2005","Kolkata","Cafe","4.3","4.2","0.1","Swiggy higher"
"Restaurant_434","Mumbai","Qsr (Quick Service)","4.0","4.1","0.1","Zomato higher"
"Restaurant_2191","Ahmedabad","Qsr (Quick Service)","4.5","4.6","0.1","Zomato higher"
"Restaurant_1038","Delhi","Cafe","4.3","4.4","0.1","Zomato higher"
"Restaurant_1222","Delhi","Casual Dining","4.1","4.2","0.1","Zomato higher"
"Restaurant_1577","Hyderabad","Fine Dine","4.2","4.1","0.1","Swiggy higher"
"Restaurant_1418","Pune","Cloud Kitchen","3.7","3.6","0.1","Swiggy higher"
"Restaurant_2196","Ahmedabad","Food Truck","3.6","3.5","0.1","Swiggy higher"
"Restaurant_2197","Ahmedabad","Fine Dine","4.5","4.4","0.1","Swiggy higher"
"Restaurant_2371","Jaipur","Casual Dining","4.3","4.4","0.1","Zomato higher"
"Restaurant_2199","Ahmedabad","Cafe","4.2","4.3","0.1","Zomato higher"
"Restaurant_358","Mumbai","Fine Dine","3.7","3.6","0.1","Swiggy higher"
"Restaurant_1050","Delhi","Casual Dining","4.1","4.0","0.1","Swiggy higher"
"Restaurant_1416","Pune","Cloud Kitchen","3.7","3.6","0.1","Swiggy higher"
"Restaurant_394","Mumbai","Cloud Kitchen","4.0","4.1","0.1","Zomato higher"
"Restaurant_844","Bangalore","Fine Dine","3.7","3.8","0.1","Zomato higher"
"Restaurant_1223","Delhi","Fine Dine","3.9","4.0","0.1","Zomato higher"
"Restaurant_1692","Hyderabad","Cloud Kitchen","4.2","4.1","0.1","Swiggy higher"
"Restaurant_2207","Ahmedabad","Cafe","3.7","3.8","0.1","Zomato higher"
"Restaurant_259","Mumbai","Cafe","4.3","4.2","0.1","Swiggy higher"
"Restaurant_1213","Delhi","Cafe","4.1","4.2","0.1","Zomato higher"
"Restaurant_354","Mumbai","Fine Dine","4.0","4.1","0.1","Zomato higher"
"Restaurant_351","Mumbai","Casual Dining","4.1","4.0","0.1","Swiggy higher"
"Restaurant_1344","Pune","Qsr (Quick Service)","3.9","3.8","0.1","Swiggy higher"
"Restaurant_965","Delhi","Food Truck","3.9","4.0","0.1","Zomato higher"
"Restaurant_2214","Ahmedabad","Food Truck","4.2","4.1","0.1","Swiggy higher"
"Restaurant_1700","Hyderabad","Qsr (Quick Service)","3.5","3.6","0.1","Zomato higher"
"Restaurant_82","Mumbai","Fine Dine","4.0","3.9","0.1","Swiggy higher"
"Restaurant_2217","Ahmedabad","Food Truck","3.7","3.6","0.1","Swiggy higher"
"Restaurant_1157","Delhi","Food Truck","3.7","3.6","0.1","Swiggy higher"
"Restaurant_1568","Hyderabad","Cloud Kitchen","4.1","4.0","0.1","Swiggy higher"
"Restaurant_1565","Hyderabad","Cloud Kitchen","3.8","3.7","0.1","Swiggy higher"
"Restaurant_1155","Delhi","Cafe","3.9","3.8","0.1","Swiggy higher"
"Restaurant_348","Mumbai","Cafe","4.1","4.2","0.1","Zomato higher"
"Restaurant_2041","Kolkata","Fine Dine","3.7","3.8","0.1","Zomato higher"
"Restaurant_2042","Kolkata","Fine Dine","4.0","4.1","0.1","Zomato higher"
"Restaurant_242","Mumbai","Fine Dine","3.9","4.0","0.1","Zomato higher"
"Restaurant_241","Mumbai","Qsr (Quick Service)","3.9","4.0","0.1","Zomato higher"
"Restaurant_237","Mumbai","Fine Dine","4.0","4.1","0.1","Zomato higher"
"Restaurant_1152","Delhi","Food Truck","4.0","3.9","0.1","Swiggy higher"
"Restaurant_865","Bangalore","Casual Dining","4.4","4.5","0.1","Zomato higher"
"Restaurant_234","Mumbai","Casual Dining","4.2","4.3","0.1","Zomato higher"
"Restaurant_232","Mumbai","Casual Dining","4.3","4.2","0.1","Swiggy higher"
"Restaurant_225","Mumbai","Cafe","4.0","3.9","0.1","Swiggy higher"
"Restaurant_1551","Hyderabad","Casual Dining","4.2","4.3","0.1","Zomato higher"
"Restaurant_2043","Kolkata","Casual Dining","3.9","4.0","0.1","Zomato higher"
"Restaurant_1548","Hyderabad","Qsr (Quick Service)","4.1","4.2","0.1","Zomato higher"
"Restaurant_878","Delhi","Cafe","3.9","3.8","0.1","Swiggy higher"
"Restaurant_754","Bangalore","Casual Dining","4.1","4.0","0.1","Swiggy higher"
"Restaurant_343","Mumbai","Fine Dine","3.5","3.6","0.1","Zomato higher"
"Restaurant_1653","Hyderabad","Food Truck","3.9","3.8","0.1","Swiggy higher"
"Restaurant_1003","Delhi","Qsr (Quick Service)","3.6","3.5","0.1","Swiggy higher"
"Restaurant_1077","Delhi","Food Truck","4.0","3.9","0.1","Swiggy higher"
"Restaurant_2242","Ahmedabad","Fine Dine","3.8","3.7","0.1","Swiggy higher"
"Restaurant_2099","Kolkata","Food Truck","4.5","4.4","0.1","Swiggy higher"
"Restaurant_1538","Hyderabad","Fine Dine","3.7","3.6","0.1","Swiggy higher"
"Restaurant_2245","Ahmedabad","Cloud Kitchen","4.3","4.4","0.1","Zomato higher"
"Restaurant_342","Mumbai","Fine Dine","4.1","4.0","0.1","Swiggy higher"
"Restaurant_341","Mumbai","Cafe","4.0","3.9","0.1","Swiggy higher"
"Restaurant_884","Delhi","Cloud Kitchen","3.7","3.8","0.1","Zomato higher"
"Restaurant_2011","Kolkata","Food Truck","4.0","3.9","0.1","Swiggy higher"
"Restaurant_2103","Kolkata","Cafe","3.6","3.7","0.1","Zomato higher"
"Restaurant_216","Mumbai","Cloud Kitchen","4.1","4.0","0.1","Swiggy higher"
"Restaurant_2252","Ahmedabad","Cafe","4.1","4.2","0.1","Zomato higher"
"Restaurant_214","Mumbai","Cloud Kitchen","4.2","4.3","0.1","Zomato higher"
"Restaurant_2254","Ahmedabad","Fine Dine","3.9","4.0","0.1","Zomato higher"
"Restaurant_97","Mumbai","Food Truck","3.9","3.8","0.1","Swiggy higher"
"Restaurant_212","Mumbai","Fine Dine","3.9","3.8","0.1","Swiggy higher"
"Restaurant_708","Bangalore","Cafe","3.9","3.8","0.1","Swiggy higher"
"Restaurant_2258","Ahmedabad","Qsr (Quick Service)","4.1","4.2","0.1","Zomato higher"
"Restaurant_776","Bangalore","Cloud Kitchen","3.9","4.0","0.1","Zomato higher"
"Restaurant_94","Mumbai","Food Truck","3.6","3.5","0.1","Swiggy higher"
"Restaurant_893","Delhi","Qsr (Quick Service)","3.9","3.8","0.1","Swiggy higher"
"Restaurant_1410","Pune","Fine Dine","3.8","3.7","0.1","Swiggy higher"
"Restaurant_777","Bangalore","Casual Dining","3.8","3.7","0.1","Swiggy higher"
"Restaurant_1211","Delhi","Fine Dine","4.1","4.0","0.1","Swiggy higher"
"Restaurant_894","Delhi","Cloud Kitchen","4.1","4.0","0.1","Swiggy higher"
"Restaurant_2459","Lucknow","Cafe","4.1","4.0","0.1","Swiggy higher"
"Restaurant_1231","Delhi","Casual Dining","4.0","4.1","0.1","Zomato higher"
"Restaurant_2110","Kolkata","Casual Dining","4.0","4.1","0.1","Zomato higher"
"Restaurant_1636","Hyderabad","Casual Dining","4.1","4.0","0.1","Swiggy higher"
"Restaurant_1406","Pune","Fine Dine","3.6","3.7","0.1","Zomato higher"
"Restaurant_1232","Delhi","Qsr (Quick Service)","4.4","4.3","0.1","Swiggy higher"
"Restaurant_2272","Ahmedabad","Cafe","3.7","3.6","0.1","Swiggy higher"
"Restaurant_420","Mumbai","Fine Dine","3.6","3.5","0.1","Swiggy higher"
"Restaurant_2274","Ahmedabad","Casual Dining","3.6","3.5","0.1","Swiggy higher"
"Restaurant_431","Mumbai","Food Truck","4.2","4.1","0.1","Swiggy higher"
"Restaurant_1440","Pune","Cafe","3.8","3.9","0.1","Zomato higher"
"Restaurant_1405","Pune","Qsr (Quick Service)","4.7","4.6","0.1","Swiggy higher"
"Restaurant_1361","Pune","Food Truck","4.3","4.4","0.1","Zomato higher"
"Restaurant_2279","Ahmedabad","Qsr (Quick Service)","4.0","4.1","0.1","Zomato higher"
"Restaurant_1525","Hyderabad","Cloud Kitchen","4.0","4.1","0.1","Zomato higher"
"Restaurant_200","Mumbai","Food Truck","4.1","4.0","0.1","Swiggy higher"
"Restaurant_740","Bangalore","Cloud Kitchen","3.6","3.7","0.1","Zomato higher"
"Restaurant_789","Bangalore","Food Truck","3.7","3.6","0.1","Swiggy higher"
"Restaurant_899","Delhi","Food Truck","4.0","4.1","0.1","Zomato higher"
"Restaurant_110","Mumbai","Food Truck","4.2","4.1","0.1","Swiggy higher"
"Restaurant_2119","Kolkata","Food Truck","4.4","4.3","0.1","Swiggy higher"
"Restaurant_2470","Lucknow","Cloud Kitchen","3.8","3.7","0.1","Swiggy higher"
"Restaurant_2288","Jaipur","Fine Dine","3.8","3.7","0.1","Swiggy higher"
"Restaurant_1513","Hyderabad","Cloud Kitchen","3.9","4.0","0.1","Zomato higher"
"Restaurant_907","Delhi","Fine Dine","3.9","3.8","0.1","Swiggy higher"
"Restaurant_912","Delhi","Fine Dine","3.9","4.0","0.1","Zomato higher"
"Restaurant_194","Mumbai","Fine Dine","4.5","4.4","0.1","Swiggy higher"
"Restaurant_2293","Jaipur","Food Truck","4.0","4.1","0.1","Zomato higher"
"Restaurant_2294","Jaipur","Fine Dine","4.5","4.4","0.1","Swiggy higher"
"Restaurant_193","Mumbai","Qsr (Quick Service)","3.5","3.6","0.1","Zomato higher"
"Restaurant_2499","Lucknow","Cafe","4.2","4.1","0.1","Swiggy higher"
"Restaurant_2297","Jaipur","Fine Dine","4.2","4.1","0.1","Swiggy higher"
"Restaurant_327","Mumbai","Qsr (Quick Service)","3.7","3.8","0.1","Zomato higher"
"Restaurant_40","Mumbai","Food Truck","4.6","4.5","0.1","Swiggy higher"
"Restaurant_1381","Pune","Cloud Kitchen","3.9","4.0","0.1","Zomato higher"
"Restaurant_2435","Lucknow","Casual Dining","4.2","4.3","0.1","Zomato higher"
"Restaurant_791","Bangalore","Qsr (Quick Service)","3.8","3.9","0.1","Zomato higher"
"Restaurant_2023","Kolkata","Cafe","4.0","3.9","0.1","Swiggy higher"
"Restaurant_2299","Jaipur","Food Truck","4.1","4.0","0.1","Swiggy higher"
"Restaurant_614","Bangalore","Cafe","3.6","3.5","0.1","Swiggy higher"
"Restaurant_711","Bangalore","Casual Dining","4.3","4.4","0.1","Zomato higher"
"Restaurant_1135","Delhi","Food Truck","3.7","3.8","0.1","Zomato higher"
"Restaurant_605","Bangalore","Fine Dine","4.2","4.3","0.1","Zomato higher"
"Restaurant_1398","Pune","Cloud Kitchen","4.1","4.0","0.1","Swiggy higher"
"Restaurant_1505","Hyderabad","Cloud Kitchen","4.3","4.2","0.1","Swiggy higher"
"Restaurant_601","Bangalore","Cafe","3.5","3.6","0.1","Zomato higher"
"Restaurant_1314","Pune","Casual Dining","3.6","3.5","0.1","Swiggy higher"
"Restaurant_2377","Jaipur","Qsr (Quick Service)","4.7","4.6","0.1","Swiggy higher"
"Restaurant_1797","Chennai","Cafe","4.0","4.1","0.1","Zomato higher"
"Restaurant_1614","Hyderabad","Cafe","3.9","4.0","0.1","Zomato higher"
"Restaurant_599","Bangalore","Cafe","3.8","3.9","0.1","Zomato higher"
"Restaurant_503","Bangalore","Cloud Kitchen","4.2","4.2","0.0","Zomato higher"
"Restaurant_65","Mumbai","Casual Dining","4.0","4.0","0.0","Zomato higher"
"Restaurant_1704","Hyderabad","Qsr (Quick Service)","4.2","4.2","0.0","Zomato higher"
"Restaurant_1384","Pune","Casual Dining","3.8","3.8","0.0","Zomato higher"
"Restaurant_424","Mumbai","Food Truck","3.4","3.4","0.0","Zomato higher"
"Restaurant_129","Mumbai","Casual Dining","4.0","4.0","0.0","Zomato higher"
"Restaurant_2022","Kolkata","Qsr (Quick Service)","4.0","4.0","0.0","Zomato higher"
"Restaurant_64","Mumbai","Food Truck","4.1","4.1","0.0","Zomato higher"
"Restaurant_415","Mumbai","Qsr (Quick Service)","3.6","3.6","0.0","Zomato higher"
"Restaurant_406","Mumbai","Cloud Kitchen","3.8","3.8","0.0","Zomato higher"
"Restaurant_92","Mumbai","Food Truck","3.8","3.8","0.0","Zomato higher"
"Restaurant_2039","Kolkata","Food Truck","3.6","3.6","0.0","Zomato higher"
"Restaurant_390","Mumbai","Food Truck","4.0","4.0","0.0","Zomato higher"
"Restaurant_1687","Hyderabad","Qsr (Quick Service)","4.3","4.3","0.0","Zomato higher"
"Restaurant_2047","Kolkata","Food Truck","3.7","3.7","0.0","Zomato higher"
"Restaurant_733","Bangalore","Cloud Kitchen","3.9","3.9","0.0","Zomato higher"
"Restaurant_380","Mumbai","Qsr (Quick Service)","4.4","4.4","0.0","Zomato higher"
"Restaurant_742","Bangalore","Fine Dine","4.3","4.3","0.0","Zomato higher"
"Restaurant_1214","Delhi","Food Truck","3.8","3.8","0.0","Zomato higher"
"Restaurant_2056","Kolkata","Food Truck","3.7","3.7","0.0","Zomato higher"
"Restaurant_2057","Kolkata","Cafe","4.3","4.3","0.0","Zomato higher"
"Restaurant_2418","Lucknow","Food Truck","4.3","4.3","0.0","Zomato higher"
"Restaurant_2065","Kolkata","Casual Dining","3.9","3.9","0.0","Zomato higher"
"Restaurant_1353","Pune","Casual Dining","4.2","4.2","0.0","Zomato higher"
"Restaurant_746","Bangalore","Fine Dine","4.2","4.2","0.0","Zomato higher"
"Restaurant_2417","Lucknow","Cafe","3.2","3.2","0.0","Zomato higher"
"Restaurant_1669","Hyderabad","Cafe","3.9","3.9","0.0","Zomato higher"
"Restaurant_1220","Delhi","Qsr (Quick Service)","3.9","3.9","0.0","Zomato higher"
"Restaurant_363","Mumbai","Food Truck","4.2","4.2","0.0","Zomato higher"
"Restaurant_1660","Hyderabad","Qsr (Quick Service)","3.7","3.7","0.0","Zomato higher"
"Restaurant_2082","Kolkata","Cafe","4.4","4.4","0.0","Zomato higher"
"Restaurant_356","Mumbai","Cloud Kitchen","4.0","4.0","0.0","Zomato higher"
"Restaurant_2089","Kolkata","Fine Dine","3.7","3.7","0.0","Zomato higher"
"Restaurant_2465","Lucknow","Qsr (Quick Service)","4.0","4.0","0.0","Zomato higher"
"Restaurant_1659","Hyderabad","Qsr (Quick Service)","3.9","3.9","0.0","Zomato higher"
"Restaurant_2093","Kolkata","Cafe","3.8","3.8","0.0","Zomato higher"
"Restaurant_1226","Delhi","Cafe","4.5","4.5","0.0","Zomato higher"
"Restaurant_770","Bangalore","Fine Dine","4.2","4.2","0.0","Zomato higher"
"Restaurant_2394","Jaipur","Qsr (Quick Service)","4.5","4.5","0.0","Zomato higher"
"Restaurant_1382","Pune","Casual Dining","4.2","4.2","0.0","Zomato higher"
"Restaurant_784","Bangalore","Food Truck","4.4","4.4","0.0","Zomato higher"
"Restaurant_2413","Lucknow","Food Truck","3.7","3.7","0.0","Zomato higher"
"Restaurant_786","Bangalore","Food Truck","3.8","3.8","0.0","Zomato higher"
"Restaurant_1621","Hyderabad","Food Truck","4.0","4.0","0.0","Zomato higher"
"Restaurant_795","Bangalore","Food Truck","4.0","4.0","0.0","Zomato higher"
"Restaurant_973","Delhi","Casual Dining","3.8","3.8","0.0","Zomato higher"
"Restaurant_324","Mumbai","Cafe","3.9","3.9","0.0","Zomato higher"
"Restaurant_976","Delhi","Fine Dine","3.9","3.9","0.0","Zomato higher"
"Restaurant_1240","Delhi","Casual Dining","4.0","4.0","0.0","Zomato higher"
"Restaurant_323","Mumbai","Fine Dine","3.9","3.9","0.0","Zomato higher"
"Restaurant_819","Bangalore","Cloud Kitchen","4.0","4.0","0.0","Zomato higher"
"Restaurant_1315","Pune","Fine Dine","4.0","4.0","0.0","Zomato higher"
"Restaurant_825","Bangalore","Cafe","4.1","4.1","0.0","Zomato higher"
"Restaurant_1434","Pune","Qsr (Quick Service)","4.0","4.0","0.0","Zomato higher"
"Restaurant_1431","Pune","Qsr (Quick Service)","4.0","4.0","0.0","Zomato higher"
"Restaurant_1430","Pune","Casual Dining","3.8","3.8","0.0","Zomato higher"
"Restaurant_1594","Hyderabad","Food Truck","3.5","3.5","0.0","Zomato higher"
"Restaurant_2154","Ahmedabad","Cloud Kitchen","3.8","3.8","0.0","Zomato higher"
"Restaurant_835","Bangalore","Casual Dining","4.0","4.0","0.0","Zomato higher"
"Restaurant_2162","Ahmedabad","Cafe","4.3","4.3","0.0","Zomato higher"
"Restaurant_2163","Ahmedabad","Casual Dining","4.4","4.4","0.0","Zomato higher"
"Restaurant_2165","Ahmedabad","Food Truck","3.6","3.6","0.0","Zomato higher"
"Restaurant_2167","Ahmedabad","Food Truck","4.0","4.0","0.0","Zomato higher"
"Restaurant_38","Mumbai","Cafe","4.2","4.2","0.0","Zomato higher"
"Restaurant_838","Bangalore","Cafe","4.3","4.3","0.0","Zomato higher"
"Restaurant_36","Mumbai","Casual Dining","3.4","3.4","0.0","Zomato higher"
"Restaurant_1581","Hyderabad","Casual Dining","3.7","3.7","0.0","Zomato higher"
"Restaurant_289","Mumbai","Cloud Kitchen","3.8","3.8","0.0","Zomato higher"
"Restaurant_2185","Ahmedabad","Cafe","3.4","3.4","0.0","Zomato higher"
"Restaurant_1578","Hyderabad","Cafe","3.9","3.9","0.0","Zomato higher"
"Restaurant_1337","Pune","Cafe","4.1","4.1","0.0","Zomato higher"
"Restaurant_1183","Delhi","Food Truck","4.2","4.2","0.0","Zomato higher"
"Restaurant_265","Mumbai","Cloud Kitchen","4.4","4.4","0.0","Zomato higher"
"Restaurant_841","Bangalore","Qsr (Quick Service)","3.8","3.8","0.0","Zomato higher"
"Restaurant_1167","Delhi","Food Truck","4.2","4.2","0.0","Zomato higher"
"Restaurant_2203","Ahmedabad","Cafe","4.0","4.0","0.0","Zomato higher"
"Restaurant_262","Mumbai","Cloud Kitchen","3.8","3.8","0.0","Zomato higher"
"Restaurant_1259","Pune","Qsr (Quick Service)","3.4","3.4","0.0","Zomato higher"
"Restaurant_853","Bangalore","Cloud Kitchen","4.4","4.4","0.0","Zomato higher"
"Restaurant_35","Mumbai","Cloud Kitchen","3.7","3.7","0.0","Zomato higher"
"Restaurant_1260","Pune","Qsr (Quick Service)","4.1","4.1","0.0","Zomato higher"
"Restaurant_257","Mumbai","Fine Dine","4.6","4.6","0.0","Zomato higher"
"Restaurant_1571","Hyderabad","Qsr (Quick Service)","3.8","3.8","0.0","Zomato higher"
"Restaurant_256","Mumbai","Qsr (Quick Service)","4.1","4.1","0.0","Zomato higher"
"Restaurant_2222","Ahmedabad","Food Truck","4.2","4.2","0.0","Zomato higher"
"Restaurant_1557","Hyderabad","Cloud Kitchen","4.0","4.0","0.0","Zomato higher"
"Restaurant_243","Mumbai","Food Truck","4.3","4.3","0.0","Zomato higher"
"Restaurant_2234","Ahmedabad","Fine Dine","3.7","3.7","0.0","Zomato higher"
"Restaurant_7","Mumbai","Cloud Kitchen","4.0","4.0","0.0","Zomato higher"
"Restaurant_2405","Lucknow","Fine Dine","4.1","4.1","0.0","Zomato higher"
"Restaurant_1151","Delhi","Cafe","3.8","3.8","0.0","Zomato higher"
"Restaurant_1266","Pune","Cafe","3.9","3.9","0.0","Zomato higher"
"Restaurant_2243","Ahmedabad","Cafe","4.2","4.2","0.0","Zomato higher"
"Restaurant_219","Mumbai","Cafe","3.9","3.9","0.0","Zomato higher"
"Restaurant_882","Delhi","Fine Dine","4.0","4.0","0.0","Zomato higher"
"Restaurant_2249","Ahmedabad","Fine Dine","4.1","4.1","0.0","Zomato higher"
"Restaurant_891","Delhi","Casual Dining","4.0","4.0","0.0","Zomato higher"
"Restaurant_2257","Ahmedabad","Casual Dining","3.6","3.6","0.0","Zomato higher"
"Restaurant_1091","Delhi","Cloud Kitchen","4.2","4.2","0.0","Zomato higher"
"Restaurant_2263","Ahmedabad","Cafe","4.2","4.2","0.0","Zomato higher"
"Restaurant_33","Mumbai","Fine Dine","3.7","3.7","0.0","Zomato higher"
"Restaurant_1271","Pune","Fine Dine","3.9","3.9","0.0","Zomato higher"
"Restaurant_1272","Pune","Cafe","4.1","4.1","0.0","Zomato higher"
"Restaurant_1058","Delhi","Fine Dine","3.6","3.6","0.0","Zomato higher"
"Restaurant_30","Mumbai","Food Truck","3.7","3.7","0.0","Zomato higher"
"Restaurant_1073","Delhi","Casual Dining","3.7","3.7","0.0","Zomato higher"
"Restaurant_206","Mumbai","Casual Dining","3.7","3.7","0.0","Zomato higher"
"Restaurant_895","Delhi","Casual Dining","3.8","3.8","0.0","Zomato higher"
"Restaurant_2276","Ahmedabad","Cafe","4.1","4.1","0.0","Zomato higher"
"Restaurant_1404","Pune","Cloud Kitchen","3.9","3.9","0.0","Zomato higher"
"Restaurant_1522","Hyderabad","Cafe","3.4","3.4","0.0","Zomato higher"
"Restaurant_1403","Pune","Cloud Kitchen","3.7","3.7","0.0","Zomato higher"
"Restaurant_1514","Hyderabad","Food Truck","3.8","3.8","0.0","Zomato higher"
"Restaurant_120","Mumbai","Cloud Kitchen","4.5","4.5","0.0","Zomato higher"
"Restaurant_29","Mumbai","Casual Dining","3.7","3.7","0.0","Zomato higher"
"Restaurant_1804","Chennai","Food Truck","3.7","3.7","0.0","Zomato higher"
"Restaurant_74","Mumbai","Fine Dine","4.2","4.2","0.0","Zomato higher"
"Restaurant_612","Bangalore","Cafe","4.1","4.1","0.0","Zomato higher"
"Restaurant_610","Bangalore","Cafe","3.8","3.8","0.0","Zomato higher"
"Restaurant_615","Bangalore","Casual Dining","4.5","4.5","0.0","Zomato higher"
"Restaurant_1800","Chennai","Casual Dining","3.9","3.9","0.0","Zomato higher"
"Restaurant_1796","Chennai","Fine Dine","3.7","3.7","0.0","Zomato higher"
"Restaurant_598","Bangalore","Qsr (Quick Service)","4.0","4.0","0.0","Zomato higher"
"Restaurant_622","Bangalore","Qsr (Quick Service)","4.2","4.2","0.0","Zomato higher"
"Restaurant_1830","Chennai","Qsr (Quick Service)","4.3","4.3","0.0","Zomato higher"
"Restaurant_927","Delhi","Food Truck","4.3","4.3","0.0","Zomato higher"
"Restaurant_2432","Lucknow","Cloud Kitchen","4.2","4.2","0.0","Zomato higher"
"Restaurant_1792","Chennai","Food Truck","4.0","4.0","0.0","Zomato higher"
"Restaurant_2385","Jaipur","Qsr (Quick Service)","4.1","4.1","0.0","Zomato higher"
"Restaurant_1843","Chennai","Casual Dining","4.1","4.1","0.0","Zomato higher"
"Restaurant_1785","Chennai","Casual Dining","3.8","3.8","0.0","Zomato higher"
"Restaurant_2313","Jaipur","Casual Dining","4.5","4.5","0.0","Zomato higher"
"Restaurant_1780","Chennai","Fine Dine","3.9","3.9","0.0","Zomato higher"
"Restaurant_2316","Jaipur","Qsr (Quick Service)","4.4","4.4","0.0","Zomato higher"
"Restaurant_185","Mumbai","Qsr (Quick Service)","3.8","3.8","0.0","Zomato higher"
"Restaurant_1863","Chennai","Cloud Kitchen","4.4","4.4","0.0","Zomato higher"
"Restaurant_2391","Jaipur","Cloud Kitchen","4.5","4.5","0.0","Zomato higher"
"Restaurant_643","Bangalore","Casual Dining","3.9","3.9","0.0","Zomato higher"
"Restaurant_2483","Lucknow","Fine Dine","3.9","3.9","0.0","Zomato higher"
"Restaurant_2323","Jaipur","Casual Dining","3.7","3.7","0.0","Zomato higher"
"Restaurant_10","Mumbai","Casual Dining","3.7","3.7","0.0","Zomato higher"
"Restaurant_544","Bangalore","Cloud Kitchen","4.3","4.3","0.0","Zomato higher"
"Restaurant_2442","Lucknow","Food Truck","4.1","4.1","0.0","Zomato higher"
"Restaurant_1757","Chennai","Food Truck","3.7","3.7","0.0","Zomato higher"
"Restaurant_1756","Chennai","Casual Dining","4.6","4.6","0.0","Zomato higher"
"Restaurant_538","Bangalore","Qsr (Quick Service)","3.8","3.8","0.0","Zomato higher"
"Restaurant_2444","Lucknow","Qsr (Quick Service)","3.9","3.9","0.0","Zomato higher"
"Restaurant_1479","Pune","Casual Dining","4.0","4.0","0.0","Zomato higher"
"Restaurant_528","Bangalore","Casual Dining","4.2","4.2","0.0","Zomato higher"
"Restaurant_950","Delhi","Food Truck","4.3","4.3","0.0","Zomato higher"
"Restaurant_1748","Chennai","Qsr (Quick Service)","3.9","3.9","0.0","Zomato higher"
"Restaurant_1916","Chennai","Food Truck","4.2","4.2","0.0","Zomato higher"
"Restaurant_674","Bangalore","Qsr (Quick Service)","3.8","3.8","0.0","Zomato higher"
"Restaurant_1922","Chennai","Casual Dining","4.7","4.7","0.0","Zomato higher"
"Restaurant_675","Bangalore","Qsr (Quick Service)","4.1","4.1","0.0","Zomato higher"
"Restaurant_1925","Chennai","Fine Dine","3.8","3.8","0.0","Zomato higher"
"Restaurant_518","Bangalore","Food Truck","4.0","4.0","0.0","Zomato higher"
"Restaurant_681","Bangalore","Casual Dining","4.5","4.5","0.0","Zomato higher"
"Restaurant_508","Bangalore","Cafe","3.8","3.8","0.0","Zomato higher"
"Restaurant_1940","Chennai","Casual Dining","3.5","3.5","0.0","Zomato higher"
"Restaurant_1725","Hyderabad","Food Truck","3.8","3.8","0.0","Zomato higher"
"Restaurant_1020","Delhi","Food Truck","4.0","4.0","0.0","Zomato higher"
"Restaurant_1951","Kolkata","Food Truck","4.5","4.5","0.0","Zomato higher"
"Restaurant_21","Mumbai","Cafe","4.4","4.4","0.0","Zomato higher"
"Restaurant_2347","Jaipur","Casual Dining","3.8","3.8","0.0","Zomato higher"
"Restaurant_1388","Pune","Casual Dining","4.0","4.0","0.0","Zomato higher"
"Restaurant_1030","Delhi","Qsr (Quick Service)","4.2","4.2","0.0","Zomato higher"
"Restaurant_1722","Hyderabad","Qsr (Quick Service)","4.0","4.0","0.0","Zomato higher"
"Restaurant_1965","Kolkata","Fine Dine","4.2","4.2","0.0","Zomato higher"
"Restaurant_691","Bangalore","Qsr (Quick Service)","3.8","3.8","0.0","Zomato higher"
"Restaurant_955","Delhi","Food Truck","4.2","4.2","0.0","Zomato higher"
"Restaurant_1970","Kolkata","Casual Dining","3.8","3.8","0.0","Zomato higher"
"Restaurant_472","Bangalore","Cafe","3.9","3.9","0.0","Zomato higher"
"Restaurant_2356","Jaipur","Food Truck","3.6","3.6","0.0","Zomato higher"
"Restaurant_2357","Jaipur","Qsr (Quick Service)","4.0","4.0","0.0","Zomato higher"
"Restaurant_133","Mumbai","Qsr (Quick Service)","4.1","4.1","0.0","Zomato higher"
"Restaurant_1985","Kolkata","Fine Dine","4.0","4.0","0.0","Zomato higher"
"Restaurant_1992","Kolkata","Food Truck","3.7","3.7","0.0","Zomato higher"
"Restaurant_449","Mumbai","Cafe","3.8","3.8","0.0","Zomato higher"
"Restaurant_2363","Jaipur","Qsr (Quick Service)","4.0","4.0","0.0","Zomato higher"
"Restaurant_1998","Kolkata","Qsr (Quick Service)","3.9","3.9","0.0","Zomato higher"
"Restaurant_705","Bangalore","Cloud Kitchen","4.2","4.2","0.0","Zomato higher"
"Restaurant_706","Bangalore","Cafe","3.5","3.5","0.0","Zomato higher"
"Restaurant_2423","Lucknow","Food Truck","4.1","4.1","0.0","Zomato higher"
